time,family,mode,element,bin,angle_deg,lc_mm,rho,lc_req_mm,fi_ge1
0.21781249344348907,PLUS,MT,4489,150,90.0,2.7016,0.1131,0.2545,True
0.21781249344348907,PLUS,MT,4637,150,90.0,2.7016,0.1131,0.2545,True
0.21781249344348907,PLUS,MT,4563,150,90.0,2.7016,0.1131,0.2545,True
0.21781249344348907,PLUS,MT,4808,150,90.0,2.1733,0.1565,0.2834,True
0.21781249344348907,PLUS,MT,4956,150,90.0,2.1733,0.1565,0.2835,True
0.21781249344348907,PLUS,MT,4882,150,90.0,2.1905,0.1569,0.2864,True
0.21781249344348907,PLUS,MT,4490,150,90.0,2.7016,0.1629,0.3668,True
0.21781249344348907,PLUS,MT,4638,150,90.0,2.7016,0.1629,0.3668,True
0.21781249344348907,PLUS,MT,4564,150,90.0,2.7016,0.1658,0.3733,True
0.21781249344348907,PLUS,MT,4880,125,77.8573,2.2287,0.1691,0.3141,True
0.21781249344348907,PLUS,MT,4954,125,77.8573,2.2196,0.1705,0.3154,True
0.21781249344348907,PLUS,MT,4806,125,77.8573,2.2196,0.1705,0.3155,True
0.21781249344348907,PLUS,MT,4561,121,75.5918,2.7016,0.172,0.3871,True
0.21781249344348907,PLUS,MT,4487,121,75.5918,2.1629,0.1728,0.3115,True
0.21781249344348907,PLUS,MT,4635,121,75.5918,2.1629,0.1728,0.3115,True
0.21781249344348907,PLUS,MT,4953,133,81.5325,2.7016,0.199,0.448,True
0.21781249344348907,PLUS,MT,4805,133,81.5325,2.7016,0.1991,0.4482,True
0.21781249344348907,PLUS,MT,4879,133,81.5325,2.2287,0.2002,0.3717,True
0.21781249344348907,PLUS,MT,4955,150,90.0,2.7016,0.2147,0.4833,True
0.21781249344348907,PLUS,MT,4807,150,90.0,2.7016,0.2147,0.4833,True
0.21781249344348907,PLUS,MT,4636,122,76.1892,2.7016,0.2167,0.4879,True
0.21781249344348907,PLUS,MT,4488,122,76.1892,2.7016,0.2167,0.488,True
0.21781249344348907,PLUS,MT,4881,150,90.0,2.7016,0.2169,0.4883,True
0.21781249344348907,PLUS,MT,4562,122,76.1892,2.7016,0.2198,0.4948,True
0.21781249344348907,PLUS,MT,51118,150,90.0,2.4222,0.3756,0.7581,True
0.21781249344348907,PLUS,MT,50972,150,90.0,2.1761,0.3756,0.6811,True
0.21781249344348907,PLUS,MT,51045,150,90.0,2.1658,0.376,0.6786,True
0.21781249344348907,PLUS,MT,13583,150,90.0,2.042,0.3853,0.6556,True
0.21781249344348907,PLUS,MT,13437,150,90.0,2.4302,0.3853,0.7803,True
0.21781249344348907,PLUS,MT,13510,150,90.0,2.4354,0.3931,0.7977,True
0.21781249344348907,PLUS,MT,50973,150,90.0,2.7898,0.4301,1.0,True
0.21781249344348907,PLUS,MT,51119,150,90.0,2.2442,0.4301,0.8044,True
0.21781249344348907,PLUS,MT,51046,150,90.0,2.1994,0.4387,0.8041,True
0.21781249344348907,PLUS,MT,13511,150,90.0,2.4302,0.4539,0.9191,True
0.21781249344348907,PLUS,MT,13584,150,90.0,1.9881,0.4574,0.7578,True
0.21781249344348907,PLUS,MT,13438,150,90.0,2.4354,0.4574,0.9284,True
0.21781249344348907,PLUS,MT,4491,150,90.0,2.7016,0.8974,2.0204,True
0.21781249344348907,PLUS,MT,4639,150,90.0,2.7016,0.8974,2.0204,True
0.21781249344348907,PLUS,MT,4565,150,90.0,2.7016,0.8999,2.026,True
0.21781249344348907,PLUS,MT,36536,11,20.9014,2.4724,0.9346,1.9257,False
0.21781249344348907,PLUS,MT,36400,11,20.9014,2.4724,0.9349,1.9262,False
0.21781249344348907,PLUS,MT,36468,11,20.9014,2.7133,0.9384,2.1218,False
0.21781249344348907,PLUS,MT,36401,11,20.8884,2.7142,0.9522,2.1538,False
0.21781249344348907,PLUS,MT,36537,11,20.8884,2.7142,0.953,2.1555,False
0.21781249344348907,PLUS,MT,36843,11,20.9056,2.7896,0.9531,2.2155,False
0.21781249344348907,PLUS,MT,36979,11,20.9056,2.7896,0.9538,2.2172,False
0.21781249344348907,PLUS,MT,36911,11,20.9056,2.6929,0.954,2.1409,False
0.21781249344348907,PLUS,MT,36842,11,20.8915,2.5358,0.9558,2.0197,False
0.21781249344348907,PLUS,MT,36978,11,20.8915,2.5358,0.9558,2.0198,False
0.21781249344348907,PLUS,MT,36469,11,20.8884,2.7095,0.9561,2.1587,False
0.21781249344348907,PLUS,MT,36910,11,20.8915,2.5115,0.9592,2.0076,False
0.21781249344348907,PLUS,MT,13507,150,90.0,2.4302,0.9954,2.0159,True
0.21781249344348907,PLUS,MT,13580,150,90.0,2.4302,0.9979,2.021,True
0.21781249344348907,PLUS,MT,13434,150,90.0,2.4354,0.9982,2.0258,True
0.21781249344348907,PLUS,MT,13436,150,90.0,2.4354,1.0223,2.0748,True
0.21781249344348907,PLUS,MT,13582,150,90.0,1.9828,1.0225,1.6894,True
0.21781249344348907,PLUS,MT,48958,23,26.6816,2.7012,1.0315,2.3219,False
0.21781249344348907,PLUS,MT,48822,23,26.6816,2.9129,1.032,2.505,False
0.21781249344348907,PLUS,MT,51123,150,90.0,1.9784,1.0396,1.714,True
0.21781249344348907,PLUS,MT,50977,150,90.0,1.9784,1.0396,1.714,True
0.21781249344348907,PLUS,MT,49295,23,26.6834,2.6736,1.04,2.3171,False
0.21781249344348907,PLUS,MT,49431,23,26.6834,2.6144,1.0408,2.2675,False
0.21781249344348907,PLUS,MT,48890,23,26.6816,2.6492,1.0412,2.2987,False
0.21781249344348907,PLUS,MT,36471,11,20.9592,2.7295,1.0419,2.3699,False
0.21781249344348907,PLUS,MT,13509,150,90.0,2.4302,1.042,2.1102,True
0.21781249344348907,PLUS,MT,36403,11,20.9592,2.7599,1.042,2.3966,False
0.21781249344348907,PLUS,MT,36539,11,20.9592,2.7599,1.0427,2.3981,False
0.21781249344348907,PLUS,MT,49363,23,26.6834,2.7142,1.0428,2.3587,False
0.21781249344348907,PLUS,MT,51050,150,90.0,1.9566,1.0444,1.7029,True
0.21781249344348907,PLUS,MT,36841,11,20.8594,2.3443,1.0469,2.0453,False
0.21781249344348907,PLUS,MT,36977,11,20.8594,2.3443,1.0479,2.0472,False
0.21781249344348907,PLUS,MT,36980,11,20.9635,2.7094,1.0561,2.3845,False
0.21781249344348907,PLUS,MT,36844,11,20.9635,2.7094,1.0562,2.3848,False
0.21781249344348907,PLUS,MT,36912,11,20.9635,2.7039,1.0563,2.3801,False
0.21781249344348907,PLUS,MT,36909,11,20.8594,2.5156,1.0608,2.2239,False
0.21781249344348907,PLUS,MT,36534,11,20.8558,2.6948,1.0668,2.3957,False
0.21781249344348907,PLUS,MT,36398,11,20.8558,2.8978,1.0674,2.5776,False
0.21781249344348907,PLUS,MT,48892,23,26.7493,2.7004,1.0685,2.4045,False
0.21781249344348907,PLUS,MT,48960,23,26.7493,2.7412,1.0701,2.4446,False
0.21781249344348907,PLUS,MT,48824,23,26.7493,2.7412,1.0704,2.4453,False
0.21781249344348907,PLUS,MT,49365,23,26.7518,2.7166,1.0768,2.4376,False
0.21781249344348907,PLUS,MT,49297,23,26.7518,2.1486,1.084,1.9409,False
0.21781249344348907,PLUS,MT,49433,23,26.7518,2.7436,1.0846,2.4798,False
0.21781249344348907,PLUS,MT,36466,11,20.8558,2.5089,1.0861,2.2707,False
0.21781249344348907,PLUS,MT,13433,150,90.0,2.4302,1.0917,2.2109,True
0.21781249344348907,PLUS,MT,13579,150,90.0,2.4354,1.092,2.2162,True
0.21781249344348907,PLUS,MT,51049,150,90.0,1.9814,1.0937,1.8058,True
0.21781249344348907,PLUS,MT,5164,0,15.3983,2.7126,1.0979,2.4818,False
0.21781249344348907,PLUS,MT,51122,150,90.0,2.065,1.0981,1.8897,True
0.21781249344348907,PLUS,MT,50976,150,90.0,2.065,1.0982,1.8898,True
0.21781249344348907,PLUS,MT,36402,11,20.9709,2.7655,1.0984,2.5314,False
0.21781249344348907,PLUS,MT,36470,11,20.9709,2.7636,1.0985,2.5299,False
0.21781249344348907,PLUS,MT,36538,11,20.9709,2.7655,1.0987,2.5321,False
0.21781249344348907,PLUS,MT,4958,150,90.0,2.7016,1.0999,2.4763,True
0.21781249344348907,PLUS,MT,4810,150,90.0,2.7016,1.1,2.4764,True
0.21781249344348907,PLUS,MT,5232,0,15.3983,2.7126,1.1003,2.4872,False
0.21781249344348907,PLUS,MT,5096,0,15.3983,2.7126,1.1005,2.4877,False
0.21781249344348907,PLUS,MT,13506,150,90.0,2.4354,1.1019,2.2364,True
0.21781249344348907,PLUS,MT,51285,0,15.3753,2.7368,1.1058,2.5219,False
0.21781249344348907,PLUS,MT,36913,11,20.9751,2.7447,1.1099,2.5386,False
0.21781249344348907,PLUS,MT,51217,0,15.3753,2.2558,1.1103,2.0873,False
0.21781249344348907,PLUS,MT,51353,0,15.3753,2.2328,1.1114,2.0679,False
0.21781249344348907,PLUS,MT,4884,150,90.0,2.7016,1.1115,2.5024,True
0.21781249344348907,PLUS,MT,36845,11,20.9751,2.7211,1.1118,2.5211,False
0.21781249344348907,PLUS,MT,36981,11,20.9751,2.7211,1.1122,2.5219,False
0.21781249344348907,PLUS,MT,51120,150,90.0,2.3055,1.1653,2.2388,True
0.21781249344348907,PLUS,MT,50974,150,90.0,2.3055,1.1653,2.2389,True
0.21781249344348907,PLUS,MT,51287,0,15.4266,2.4734,1.1677,2.4069,False
0.21781249344348907,PLUS,MT,51219,0,15.4266,2.4969,1.1689,2.4323,False
0.21781249344348907,PLUS,MT,51355,0,15.4266,2.4969,1.1698,2.434,False
0.21781249344348907,PLUS,MT,51047,150,90.0,2.3149,1.1852,2.2863,True
0.21781249344348907,PLUS,MT,5166,0,15.4534,2.7126,1.1883,2.6862,False
0.21781249344348907,PLUS,MT,5234,0,15.4534,2.7126,1.1885,2.6867,False
0.21781249344348907,PLUS,MT,5098,0,15.4534,2.7126,1.1887,2.6871,False
0.21781249344348907,MINUS,MT,4489,150,90.0,2.7016,0.1131,0.2545,True
0.21781249344348907,MINUS,MT,4637,150,90.0,2.7016,0.1131,0.2545,True
0.21781249344348907,MINUS,MT,4563,150,90.0,2.7016,0.1131,0.2545,True
0.21781249344348907,MINUS,MT,4808,150,90.0,2.1733,0.1565,0.2834,True
0.21781249344348907,MINUS,MT,4956,150,90.0,2.1733,0.1565,0.2835,True
0.21781249344348907,MINUS,MT,4882,150,90.0,2.1905,0.1569,0.2864,True
0.21781249344348907,MINUS,MT,4490,150,90.0,2.7016,0.1629,0.3668,True
0.21781249344348907,MINUS,MT,4638,150,90.0,2.7016,0.1629,0.3668,True
0.21781249344348907,MINUS,MT,4564,150,90.0,2.7016,0.1658,0.3733,True
0.21781249344348907,MINUS,MT,4880,125,77.8573,2.2287,0.1691,0.3141,True
0.21781249344348907,MINUS,MT,4806,125,77.8573,2.2196,0.1705,0.3154,True
0.21781249344348907,MINUS,MT,4954,125,77.8573,2.2196,0.1705,0.3155,True
0.21781249344348907,MINUS,MT,4561,121,75.5918,2.7016,0.172,0.3871,True
0.21781249344348907,MINUS,MT,4635,121,75.5918,2.1629,0.1728,0.3115,True
0.21781249344348907,MINUS,MT,4487,121,75.5918,2.1629,0.1728,0.3115,True
0.21781249344348907,MINUS,MT,4805,133,81.5325,2.7016,0.199,0.4479,True
0.21781249344348907,MINUS,MT,4953,133,81.5325,2.7016,0.1991,0.4483,True
0.21781249344348907,MINUS,MT,4879,133,81.5325,2.2287,0.2002,0.3717,True
0.21781249344348907,MINUS,MT,4955,150,90.0,2.7016,0.2147,0.4833,True
0.21781249344348907,MINUS,MT,4807,150,90.0,2.7016,0.2147,0.4833,True
0.21781249344348907,MINUS,MT,4488,122,76.1892,2.7016,0.2167,0.4879,True
0.21781249344348907,MINUS,MT,4636,122,76.1892,2.7016,0.2167,0.488,True
0.21781249344348907,MINUS,MT,4881,150,90.0,2.7016,0.2169,0.4883,True
0.21781249344348907,MINUS,MT,4562,122,76.1892,2.7016,0.2198,0.4948,True
0.21781249344348907,MINUS,MT,51118,150,90.0,2.4222,0.3756,0.7581,True
0.21781249344348907,MINUS,MT,50972,150,90.0,2.1761,0.3756,0.6811,True
0.21781249344348907,MINUS,MT,51045,150,90.0,2.1658,0.376,0.6786,True
0.21781249344348907,MINUS,MT,13583,150,90.0,2.042,0.3853,0.6556,True
0.21781249344348907,MINUS,MT,13437,150,90.0,2.4302,0.3853,0.7803,True
0.21781249344348907,MINUS,MT,13510,150,90.0,2.4354,0.3931,0.7977,True
0.21781249344348907,MINUS,MT,50973,150,90.0,2.7898,0.4301,1.0,True
0.21781249344348907,MINUS,MT,51119,150,90.0,2.2442,0.4301,0.8044,True
0.21781249344348907,MINUS,MT,51046,150,90.0,2.1994,0.4387,0.8041,True
0.21781249344348907,MINUS,MT,13511,150,90.0,2.4302,0.4539,0.9191,True
0.21781249344348907,MINUS,MT,13584,150,90.0,1.9881,0.4574,0.7578,True
0.21781249344348907,MINUS,MT,13438,150,90.0,2.4354,0.4574,0.9284,True
0.21781249344348907,MINUS,MT,4491,150,90.0,2.7016,0.8974,2.0204,True
0.21781249344348907,MINUS,MT,4639,150,90.0,2.7016,0.8974,2.0204,True
0.21781249344348907,MINUS,MT,4565,150,90.0,2.7016,0.8999,2.026,True
0.21781249344348907,MINUS,MT,36400,11,20.9014,2.4724,0.9347,1.9257,False
0.21781249344348907,MINUS,MT,36536,11,20.9014,2.4724,0.9349,1.9261,False
0.21781249344348907,MINUS,MT,36468,11,20.9014,2.7133,0.9384,2.1218,False
0.21781249344348907,MINUS,MT,36537,11,20.8884,2.7142,0.9523,2.1539,False
0.21781249344348907,MINUS,MT,36401,11,20.8884,2.7142,0.953,2.1555,False
0.21781249344348907,MINUS,MT,36979,11,20.9056,2.7896,0.9531,2.2156,False
0.21781249344348907,MINUS,MT,36843,11,20.9056,2.7896,0.9537,2.2171,False
0.21781249344348907,MINUS,MT,36911,11,20.9056,2.6929,0.954,2.1409,False
0.21781249344348907,MINUS,MT,36978,11,20.8915,2.5358,0.9558,2.0197,False
0.21781249344348907,MINUS,MT,36842,11,20.8915,2.5358,0.9558,2.0198,False
0.21781249344348907,MINUS,MT,36469,11,20.8884,2.7095,0.9561,2.1587,False
0.21781249344348907,MINUS,MT,36910,11,20.8915,2.5115,0.9592,2.0076,False
0.21781249344348907,MINUS,MT,13507,150,90.0,2.4302,0.9954,2.0159,True
0.21781249344348907,MINUS,MT,13580,150,90.0,2.4302,0.9979,2.021,True
0.21781249344348907,MINUS,MT,13434,150,90.0,2.4354,0.9982,2.0258,True
0.21781249344348907,MINUS,MT,13436,150,90.0,2.4354,1.0223,2.0748,True
0.21781249344348907,MINUS,MT,13582,150,90.0,1.9828,1.0225,1.6894,True
0.21781249344348907,MINUS,MT,48822,23,26.6816,2.9129,1.0315,2.5038,False
0.21781249344348907,MINUS,MT,48958,23,26.6816,2.7012,1.0319,2.3229,False
0.21781249344348907,MINUS,MT,51123,150,90.0,1.9784,1.0396,1.714,True
0.21781249344348907,MINUS,MT,50977,150,90.0,1.9784,1.0396,1.714,True
0.21781249344348907,MINUS,MT,49431,23,26.6834,2.6144,1.04,2.2659,False
0.21781249344348907,MINUS,MT,49295,23,26.6834,2.6736,1.0407,2.3187,False
0.21781249344348907,MINUS,MT,48890,23,26.6816,2.6492,1.0412,2.2987,False
0.21781249344348907,MINUS,MT,36471,11,20.9592,2.7295,1.0419,2.3699,False
0.21781249344348907,MINUS,MT,36539,11,20.9592,2.7599,1.0419,2.3964,False
0.21781249344348907,MINUS,MT,13509,150,90.0,2.4302,1.042,2.1102,True
0.21781249344348907,MINUS,MT,36403,11,20.9592,2.7599,1.0428,2.3983,False
0.21781249344348907,MINUS,MT,49363,23,26.6834,2.7142,1.0428,2.3587,False
0.21781249344348907,MINUS,MT,51050,150,90.0,1.9566,1.0444,1.7029,True
0.21781249344348907,MINUS,MT,36977,11,20.8594,2.3443,1.0469,2.0452,False
0.21781249344348907,MINUS,MT,36841,11,20.8594,2.3443,1.048,2.0473,False
0.21781249344348907,MINUS,MT,36844,11,20.9635,2.7094,1.0561,2.3846,False
0.21781249344348907,MINUS,MT,36980,11,20.9635,2.7094,1.0562,2.3848,False
0.21781249344348907,MINUS,MT,36912,11,20.9635,2.7039,1.0563,2.3801,False
0.21781249344348907,MINUS,MT,36909,11,20.8594,2.5156,1.0608,2.2238,False
0.21781249344348907,MINUS,MT,36398,11,20.8558,2.8978,1.0669,2.5764,False
0.21781249344348907,MINUS,MT,36534,11,20.8558,2.6948,1.0673,2.3969,False
0.21781249344348907,MINUS,MT,48892,23,26.7493,2.7004,1.0685,2.4045,False
0.21781249344348907,MINUS,MT,48824,23,26.7493,2.7412,1.0702,2.4447,False
0.21781249344348907,MINUS,MT,48960,23,26.7493,2.7412,1.0704,2.4451,False
0.21781249344348907,MINUS,MT,49365,23,26.7518,2.7166,1.0768,2.4376,False
0.21781249344348907,MINUS,MT,49433,23,26.7518,2.7436,1.084,2.4783,False
0.21781249344348907,MINUS,MT,49297,23,26.7518,2.1486,1.0846,1.9421,False
0.21781249344348907,MINUS,MT,36466,11,20.8558,2.5089,1.0861,2.2707,False
0.21781249344348907,MINUS,MT,13433,150,90.0,2.4302,1.0917,2.2109,True
0.21781249344348907,MINUS,MT,13579,150,90.0,2.4354,1.092,2.2162,True
0.21781249344348907,MINUS,MT,51049,150,90.0,1.9814,1.0937,1.8058,True
0.21781249344348907,MINUS,MT,5164,0,15.3983,2.7126,1.0979,2.4819,False
0.21781249344348907,MINUS,MT,51122,150,90.0,2.065,1.0981,1.8897,True
0.21781249344348907,MINUS,MT,50976,150,90.0,2.065,1.0982,1.8898,True
0.21781249344348907,MINUS,MT,36470,11,20.9709,2.7636,1.0985,2.5299,False
0.21781249344348907,MINUS,MT,36538,11,20.9709,2.7655,1.0985,2.5316,False
0.21781249344348907,MINUS,MT,36402,11,20.9709,2.7655,1.0986,2.5319,False
0.21781249344348907,MINUS,MT,4958,150,90.0,2.7016,1.0999,2.4763,True
0.21781249344348907,MINUS,MT,4810,150,90.0,2.7016,1.1,2.4764,True
0.21781249344348907,MINUS,MT,5096,0,15.3983,2.7126,1.1003,2.4872,False
0.21781249344348907,MINUS,MT,5232,0,15.3983,2.7126,1.1005,2.4877,False
0.21781249344348907,MINUS,MT,13506,150,90.0,2.4354,1.1019,2.2364,True
0.21781249344348907,MINUS,MT,51285,0,15.3753,2.7368,1.1058,2.5219,False
0.21781249344348907,MINUS,MT,36913,11,20.9751,2.7447,1.1099,2.5386,False
0.21781249344348907,MINUS,MT,51353,0,15.3753,2.2328,1.1104,2.066,False
0.21781249344348907,MINUS,MT,51217,0,15.3753,2.2558,1.1113,2.0892,False
0.21781249344348907,MINUS,MT,4884,150,90.0,2.7016,1.1115,2.5024,True
0.21781249344348907,MINUS,MT,36981,11,20.9751,2.7211,1.1118,2.521,False
0.21781249344348907,MINUS,MT,36845,11,20.9751,2.7211,1.1122,2.522,False
0.21781249344348907,MINUS,MT,51120,150,90.0,2.3055,1.1653,2.2388,True
0.21781249344348907,MINUS,MT,50974,150,90.0,2.3055,1.1653,2.2389,True
0.21781249344348907,MINUS,MT,51287,0,15.4266,2.4734,1.1677,2.4069,False
0.21781249344348907,MINUS,MT,51355,0,15.4266,2.4969,1.1689,2.4323,False
0.21781249344348907,MINUS,MT,51219,0,15.4266,2.4969,1.1698,2.434,False
0.21781249344348907,MINUS,MT,51047,150,90.0,2.3149,1.1852,2.2863,True
0.21781249344348907,MINUS,MT,5166,0,15.4534,2.7126,1.1883,2.6862,False
0.21781249344348907,MINUS,MT,5098,0,15.4534,2.7126,1.1885,2.6867,False
0.21781249344348907,MINUS,MT,5234,0,15.4534,2.7126,1.1887,2.687,False
0.4428125023841858,PLUS,MT,4563,150,90.0,2.7016,0.0026,0.0057,True
0.4428125023841858,PLUS,MT,4489,150,90.0,2.7016,0.0026,0.0058,True
0.4428125023841858,PLUS,MT,4637,150,90.0,2.7016,0.0026,0.0058,True
0.4428125023841858,PLUS,MT,4638,150,90.0,2.7016,0.0031,0.0069,True
0.4428125023841858,PLUS,MT,4490,150,90.0,2.7016,0.0031,0.0069,True
0.4428125023841858,PLUS,MT,4564,150,90.0,2.7016,0.0031,0.0071,True
0.4428125023841858,PLUS,MT,51118,150,90.0,2.4222,0.0045,0.009,True
0.4428125023841858,PLUS,MT,50972,150,90.0,2.1761,0.0045,0.0081,True
0.4428125023841858,PLUS,MT,51045,150,90.0,2.1658,0.0045,0.0082,True
0.4428125023841858,PLUS,MT,51041,95,62.8685,2.2995,0.0061,0.0117,False
0.4428125023841858,PLUS,MT,51114,95,62.8685,2.3079,0.0063,0.012,False
0.4428125023841858,PLUS,MT,50968,95,62.8685,2.3079,0.0063,0.012,False
0.4428125023841858,PLUS,MT,13516,88,59.2873,2.533,0.0064,0.0136,False
0.4428125023841858,PLUS,MT,13443,88,59.2873,2.5141,0.0064,0.0135,False
0.4428125023841858,PLUS,MT,13589,88,59.2873,2.5141,0.0064,0.0135,False
0.4428125023841858,PLUS,MT,13430,95,62.8545,1.9564,0.0066,0.0108,False
0.4428125023841858,PLUS,MT,13576,95,62.8545,2.2612,0.0066,0.0125,False
0.4428125023841858,PLUS,MT,13503,95,62.8545,2.2206,0.0066,0.0122,False
0.4428125023841858,PLUS,MT,13445,82,56.1358,2.4723,0.0072,0.0148,False
0.4428125023841858,PLUS,MT,13591,82,56.1358,2.4723,0.0072,0.0148,False
0.4428125023841858,PLUS,MT,13518,82,56.1358,2.4822,0.0072,0.0148,False
0.4428125023841858,PLUS,MT,49593,135,82.5795,2.6199,0.0077,0.0169,True
0.4428125023841858,PLUS,MT,49612,135,82.5795,2.642,0.0077,0.017,True
0.4428125023841858,PLUS,MT,49593,135,82.5795,2.6199,0.0077,0.0169,True
0.4428125023841858,PLUS,MT,49574,135,82.5795,2.6358,0.0077,0.017,True
0.4428125023841858,PLUS,MT,49574,135,82.5795,2.6358,0.0077,0.017,True
0.4428125023841858,PLUS,MT,49612,135,82.5795,2.642,0.0077,0.017,True
0.4428125023841858,PLUS,MT,50983,82,56.1356,2.5253,0.0078,0.0164,False
0.4428125023841858,PLUS,MT,51129,82,56.1356,2.5253,0.0078,0.0164,False
0.4428125023841858,PLUS,MT,51056,82,56.1356,2.4112,0.0078,0.0157,False
0.4428125023841858,PLUS,MT,49574,135,82.5795,2.6358,0.0078,0.0171,True
0.4428125023841858,PLUS,MT,49612,135,82.5795,2.642,0.0078,0.0172,True
0.4428125023841858,PLUS,MT,49612,135,82.5795,2.642,0.0078,0.0172,True
0.4428125023841858,PLUS,MT,49593,135,82.5795,2.6199,0.0078,0.0171,True
0.4428125023841858,PLUS,MT,49574,135,82.5795,2.6358,0.0078,0.0172,True
0.4428125023841858,PLUS,MT,49593,135,82.5795,2.6199,0.0078,0.0171,True
0.4428125023841858,PLUS,MT,51054,88,59.2892,2.8974,0.0079,0.0192,False
0.4428125023841858,PLUS,MT,51127,88,59.2892,2.6245,0.008,0.0174,False
0.4428125023841858,PLUS,MT,50981,88,59.2892,2.7296,0.008,0.0181,False
0.4428125023841858,PLUS,MT,4808,150,90.0,2.1733,0.0083,0.0151,True
0.4428125023841858,PLUS,MT,4956,150,90.0,2.1733,0.0083,0.0151,True
0.4428125023841858,PLUS,MT,4882,150,90.0,2.1905,0.0084,0.0154,True
0.4428125023841858,PLUS,MT,4953,133,81.5325,2.7016,0.0085,0.0191,True
0.4428125023841858,PLUS,MT,4805,133,81.5325,2.7016,0.0085,0.0191,True
0.4428125023841858,PLUS,MT,4879,133,81.5325,2.2287,0.0087,0.0161,True
0.4428125023841858,PLUS,MT,48822,23,26.6816,2.9129,0.0087,0.021,True
0.4428125023841858,PLUS,MT,48958,23,26.6816,2.7012,0.0087,0.0195,True
0.4428125023841858,PLUS,MT,49363,23,26.6834,2.7142,0.0087,0.0197,True
0.4428125023841858,PLUS,MT,51544,136,83.3659,2.4708,0.0087,0.018,True
0.4428125023841858,PLUS,MT,48890,23,26.6816,2.6492,0.0087,0.0193,True
0.4428125023841858,PLUS,MT,51506,136,83.3659,2.4844,0.0087,0.0181,True
0.4428125023841858,PLUS,MT,51506,136,83.3659,2.4844,0.0087,0.0181,True
0.4428125023841858,PLUS,MT,51525,136,83.3659,2.6357,0.0087,0.0192,True
0.4428125023841858,PLUS,MT,51544,136,83.3659,2.4708,0.0088,0.018,True
0.4428125023841858,PLUS,MT,51525,136,83.3659,2.6357,0.0088,0.0192,True
0.4428125023841858,PLUS,MT,50196,115,72.9969,2.7797,0.0088,0.0203,False
0.4428125023841858,PLUS,MT,50158,115,72.9969,2.5275,0.0088,0.0184,False
0.4428125023841858,PLUS,MT,49295,23,26.6834,2.6736,0.0088,0.0195,True
0.4428125023841858,PLUS,MT,49431,23,26.6834,2.6144,0.0088,0.0191,True
0.4428125023841858,PLUS,MT,50158,115,72.9969,2.5275,0.0088,0.0185,False
0.4428125023841858,PLUS,MT,50196,115,72.9969,2.7797,0.0088,0.0204,False
0.4428125023841858,PLUS,MT,4880,125,77.8573,2.2287,0.0088,0.0163,True
0.4428125023841858,PLUS,MT,51506,136,83.3659,2.4844,0.0088,0.0182,True
0.4428125023841858,PLUS,MT,51525,136,83.3659,2.6357,0.0088,0.0194,True
0.4428125023841858,PLUS,MT,51544,136,83.3659,2.4708,0.0088,0.0182,True
0.4428125023841858,PLUS,MT,51544,136,83.3659,2.4708,0.0088,0.0182,True
0.4428125023841858,PLUS,MT,51525,136,83.3659,2.6357,0.0088,0.0194,True
0.4428125023841858,PLUS,MT,50158,115,72.9969,2.5275,0.0088,0.0186,False
0.4428125023841858,PLUS,MT,50196,115,72.9969,2.7797,0.0088,0.0204,False
0.4428125023841858,PLUS,MT,51506,136,83.3659,2.4844,0.0088,0.0183,True
0.4428125023841858,PLUS,MT,50177,115,72.9969,2.083,0.0088,0.0154,False
0.4428125023841858,PLUS,MT,50177,115,72.9969,2.083,0.0089,0.0154,False
0.4428125023841858,PLUS,MT,4954,125,77.8573,2.2196,0.0089,0.0164,True
0.4428125023841858,PLUS,MT,4806,125,77.8573,2.2196,0.0089,0.0164,True
0.4428125023841858,PLUS,MT,50158,115,72.9969,2.5275,0.0089,0.0187,False
0.4428125023841858,PLUS,MT,50196,115,72.9969,2.7797,0.0089,0.0206,False
0.4428125023841858,PLUS,MT,50177,115,72.9969,2.083,0.0089,0.0155,False
0.4428125023841858,PLUS,MT,50177,115,72.9969,2.083,0.0089,0.0155,False
0.4428125023841858,PLUS,MT,49365,23,26.7518,2.7166,0.009,0.0203,True
0.4428125023841858,PLUS,MT,3752,46,38.257,2.1321,0.0092,0.0163,False
0.4428125023841858,PLUS,MT,49574,135,82.5795,2.6358,0.0092,0.0203,True
0.4428125023841858,PLUS,MT,49297,23,26.7518,2.1486,0.0092,0.0165,True
0.4428125023841858,PLUS,MT,49433,23,26.7518,2.7436,0.0092,0.0211,True
0.4428125023841858,PLUS,MT,49612,135,82.5795,2.642,0.0092,0.0203,True
0.4428125023841858,PLUS,MT,49612,135,82.5795,2.642,0.0092,0.0204,True
0.4428125023841858,PLUS,MT,49574,135,82.5795,2.6358,0.0092,0.0203,True
0.4428125023841858,PLUS,MT,49593,135,82.5795,2.6199,0.0092,0.0202,True
0.4428125023841858,PLUS,MT,49593,135,82.5795,2.6199,0.0092,0.0202,True
0.4428125023841858,PLUS,MT,49593,135,82.5795,2.6199,0.0093,0.0204,True
0.4428125023841858,PLUS,MT,49593,135,82.5795,2.6199,0.0094,0.0204,True
0.4428125023841858,PLUS,MT,49612,135,82.5795,2.642,0.0094,0.0206,True
0.4428125023841858,PLUS,MT,49574,135,82.5795,2.6358,0.0094,0.0206,True
0.4428125023841858,PLUS,MT,49574,135,82.5795,2.6358,0.0094,0.0206,True
0.4428125023841858,PLUS,MT,51050,150,90.0,1.9566,0.0094,0.0153,False
0.4428125023841858,PLUS,MT,49612,135,82.5795,2.642,0.0094,0.0206,True
0.4428125023841858,PLUS,MT,4955,150,90.0,2.7016,0.0094,0.0211,True
0.4428125023841858,PLUS,MT,4807,150,90.0,2.7016,0.0094,0.0211,True
0.4428125023841858,PLUS,MT,51123,150,90.0,1.9784,0.0094,0.0155,False
0.4428125023841858,PLUS,MT,50977,150,90.0,1.9784,0.0094,0.0155,False
0.4428125023841858,PLUS,MT,4881,150,90.0,2.7016,0.0095,0.0214,True
0.4428125023841858,PLUS,MT,48824,23,26.7493,2.7412,0.0096,0.022,True
0.4428125023841858,PLUS,MT,3820,46,38.257,2.1486,0.0096,0.0173,False
0.4428125023841858,PLUS,MT,3684,46,38.257,2.1485,0.0096,0.0173,False
0.4428125023841858,PLUS,MT,48960,23,26.7493,2.7412,0.0096,0.022,True
0.4428125023841858,PLUS,MT,5162,0,15.3615,2.0158,0.0097,0.0163,False
0.4428125023841858,PLUS,MT,4939,71,50.7634,2.7016,0.0097,0.0219,False
0.4428125023841858,PLUS,MT,4791,71,50.7634,2.7016,0.0097,0.0219,False
0.4428125023841858,PLUS,MT,48892,23,26.7493,2.7004,0.0098,0.0221,True
0.4428125023841858,PLUS,MT,48889,23,26.686,2.7961,0.0099,0.023,False
0.4428125023841858,PLUS,MT,5230,0,15.3615,2.207,0.0099,0.0181,False
0.4428125023841858,PLUS,MT,5094,0,15.3615,2.0299,0.0099,0.0167,False
0.4428125023841858,PLUS,MT,48957,23,26.686,2.7138,0.01,0.0226,False
0.4428125023841858,PLUS,MT,48821,23,26.686,2.8904,0.01,0.024,False
0.4428125023841858,PLUS,MT,4225,46,38.2992,2.1629,0.01,0.018,True
0.4428125023841858,PLUS,MT,4865,71,50.7634,2.7016,0.01,0.0225,False
0.4428125023841858,PLUS,MT,4157,46,38.2992,2.1798,0.0101,0.0184,True
0.4428125023841858,PLUS,MT,4293,46,38.2992,2.1798,0.0101,0.0184,True
0.4428125023841858,PLUS,MT,5164,0,15.3983,2.7126,0.0102,0.023,False
0.4428125023841858,PLUS,MT,5232,0,15.3983,2.7126,0.0102,0.0231,False
0.4428125023841858,PLUS,MT,5096,0,15.3983,2.7126,0.0102,0.0231,False
0.4428125023841858,PLUS,MT,51525,136,83.3659,2.6357,0.0103,0.0227,True
0.4428125023841858,PLUS,MT,51525,136,83.3659,2.6357,0.0103,0.0227,True
0.4428125023841858,PLUS,MT,51506,136,83.3659,2.4844,0.0103,0.0214,True
0.4428125023841858,PLUS,MT,51544,136,83.3659,2.4708,0.0103,0.0213,True
0.4428125023841858,PLUS,MT,50177,115,72.9969,2.083,0.0103,0.0179,False
0.4428125023841858,PLUS,MT,50177,115,72.9969,2.083,0.0103,0.018,False
0.4428125023841858,PLUS,MT,51544,136,83.3659,2.4708,0.0103,0.0213,True
0.4428125023841858,PLUS,MT,51506,136,83.3659,2.4844,0.0103,0.0214,True
0.4428125023841858,PLUS,MT,50196,115,72.9969,2.7797,0.0104,0.0241,False
0.4428125023841858,PLUS,MT,50158,115,72.9969,2.5275,0.0104,0.0219,False
0.4428125023841858,PLUS,MT,51544,136,83.3659,2.4708,0.0105,0.0216,True
0.4428125023841858,PLUS,MT,51506,136,83.3659,2.4844,0.0105,0.0217,True
0.4428125023841858,PLUS,MT,51506,136,83.3659,2.4844,0.0105,0.0217,True
0.4428125023841858,PLUS,MT,51544,136,83.3659,2.4708,0.0105,0.0216,True
0.4428125023841858,PLUS,MT,51525,136,83.3659,2.6357,0.0105,0.023,True
0.4428125023841858,PLUS,MT,51525,136,83.3659,2.6357,0.0105,0.023,True
0.4428125023841858,PLUS,MT,51285,0,15.3753,2.7368,0.0105,0.024,True
0.4428125023841858,PLUS,MT,50177,115,72.9969,2.083,0.0105,0.0183,False
0.4428125023841858,PLUS,MT,50177,115,72.9969,2.083,0.0105,0.0183,False
0.4428125023841858,PLUS,MT,51217,0,15.3753,2.2558,0.0105,0.0198,True
0.4428125023841858,PLUS,MT,51353,0,15.3753,2.2328,0.0106,0.0196,True
0.4428125023841858,PLUS,MT,50158,115,72.9969,2.5275,0.0106,0.0223,False
0.4428125023841858,PLUS,MT,50196,115,72.9969,2.7797,0.0106,0.0245,False
0.4428125023841858,PLUS,MT,50196,115,72.9969,2.7797,0.0106,0.0245,False
0.4428125023841858,PLUS,MT,50158,115,72.9969,2.5275,0.0106,0.0223,False
0.4428125023841858,PLUS,MT,50298,86,58.2351,2.8907,0.0106,0.0256,False
0.4428125023841858,PLUS,MT,50342,86,58.2351,2.886,0.0107,0.0257,False
0.4428125023841858,PLUS,MT,50254,86,58.2351,2.7428,0.0107,0.0244,False
0.4428125023841858,PLUS,MT,50158,115,72.9969,2.5275,0.0107,0.0226,False
0.4428125023841858,PLUS,MT,50196,115,72.9969,2.7797,0.0107,0.0249,False
0.4428125023841858,PLUS,MT,36908,11,20.8448,2.7489,0.0109,0.025,False
0.4428125023841858,PLUS,MT,13499,114,72.2672,2.2645,0.0109,0.0206,False
0.4428125023841858,PLUS,MT,13572,114,72.2672,1.8479,0.0109,0.0168,False
0.4428125023841858,PLUS,MT,13426,114,72.2672,1.8672,0.0109,0.017,False
0.4428125023841858,PLUS,MT,50176,106,68.1718,2.7228,0.011,0.0249,False
0.4428125023841858,PLUS,MT,50176,106,68.1718,2.7228,0.011,0.0249,False
0.4428125023841858,PLUS,MT,50175,98,64.2937,2.9168,0.011,0.0267,False
0.4428125023841858,PLUS,MT,50175,98,64.2937,2.9168,0.011,0.0267,False
0.4428125023841858,PLUS,MT,36840,11,20.8448,2.6925,0.011,0.0247,True
0.4428125023841858,PLUS,MT,36976,11,20.8448,2.7513,0.011,0.0253,True
0.4428125023841858,PLUS,MT,50176,106,68.1718,2.7228,0.011,0.025,False
0.4428125023841858,PLUS,MT,50176,106,68.1718,2.7228,0.011,0.025,False
0.4428125023841858,PLUS,MT,50156,98,64.2937,2.8469,0.0111,0.0263,False
0.4428125023841858,PLUS,MT,50194,98,64.2937,2.9,0.0111,0.0268,False
0.4428125023841858,PLUS,MT,50157,106,68.1718,2.7146,0.0111,0.0252,False
0.4428125023841858,PLUS,MT,50195,106,68.1718,2.7213,0.0111,0.0253,False
0.4428125023841858,PLUS,MT,50157,106,68.1718,2.7146,0.0112,0.0253,False
0.4428125023841858,PLUS,MT,50195,106,68.1718,2.7213,0.0112,0.0254,False
0.4428125023841858,PLUS,MT,49364,23,26.6992,2.6901,0.0112,0.0251,True
0.4428125023841858,PLUS,MT,36978,11,20.8915,2.5358,0.0112,0.0237,False
0.4428125023841858,PLUS,MT,36842,11,20.8915,2.5358,0.0112,0.0237,False
0.4428125023841858,PLUS,MT,50175,98,64.2937,2.9168,0.0113,0.0274,False
0.4428125023841858,PLUS,MT,36910,11,20.8915,2.5115,0.0113,0.0236,False
0.4428125023841858,PLUS,MT,50175,98,64.2937,2.9168,0.0113,0.0275,False
0.4428125023841858,PLUS,MT,50156,98,64.2937,2.8469,0.0113,0.0269,False
0.4428125023841858,PLUS,MT,50194,98,64.2937,2.9,0.0114,0.0274,False
0.4428125023841858,PLUS,MT,50156,98,64.2937,2.8469,0.0114,0.027,False
0.4428125023841858,PLUS,MT,50194,98,64.2937,2.9,0.0114,0.0276,False
0.4428125023841858,PLUS,MT,49296,23,26.6992,2.2263,0.0114,0.0212,True
0.4428125023841858,PLUS,MT,49432,23,26.6992,2.7091,0.0114,0.0258,True
0.4428125023841858,PLUS,MT,50157,106,68.1718,2.7146,0.0116,0.0263,False
0.4428125023841858,PLUS,MT,50195,106,68.1718,2.7213,0.0116,0.0263,False
0.4428125023841858,PLUS,MT,50195,106,68.1718,2.7213,0.0116,0.0263,False
0.4428125023841858,PLUS,MT,50157,106,68.1718,2.7146,0.0116,0.0263,False
0.4428125023841858,PLUS,MT,51397,115,72.796,2.0635,0.0116,0.02,False
0.4428125023841858,PLUS,MT,51435,115,72.796,2.1791,0.0116,0.0211,False
0.4428125023841858,PLUS,MT,50156,98,64.2937,2.8469,0.0117,0.0277,False
0.4428125023841858,PLUS,MT,50194,98,64.2937,2.9,0.0117,0.0283,False
0.4428125023841858,PLUS,MT,51397,115,72.796,2.0635,0.0118,0.0203,False
0.4428125023841858,PLUS,MT,51435,115,72.796,2.1791,0.0118,0.0214,False
0.4428125023841858,PLUS,MT,3754,46,38.3478,2.1895,0.0118,0.0216,False
0.4428125023841858,PLUS,MT,51435,115,72.796,2.1791,0.0119,0.0215,False
0.4428125023841858,PLUS,MT,51397,115,72.796,2.0635,0.0119,0.0204,False
0.4428125023841858,PLUS,MT,13574,103,66.9913,1.9866,0.0119,0.0197,False
0.4428125023841858,PLUS,MT,13428,103,66.9913,2.3087,0.0119,0.0228,False
0.4428125023841858,PLUS,MT,13501,103,66.9913,2.3011,0.0119,0.0228,False
0.4428125023841858,PLUS,MT,51416,115,72.796,2.6439,0.0119,0.0263,False
0.4428125023841858,PLUS,MT,51416,115,72.796,2.6439,0.0119,0.0263,False
0.4428125023841858,PLUS,MT,48894,23,26.842,2.7266,0.012,0.0274,True
0.4428125023841858,PLUS,MT,51435,115,72.796,2.1791,0.0121,0.0219,False
0.4428125023841858,PLUS,MT,51397,115,72.796,2.0635,0.0121,0.0208,False
0.4428125023841858,PLUS,MT,4565,150,90.0,2.7016,0.0121,0.0272,True
0.4428125023841858,PLUS,MT,4491,150,90.0,2.7016,0.0121,0.0272,True
0.4428125023841858,PLUS,MT,4639,150,90.0,2.7016,0.0121,0.0272,True
0.4428125023841858,PLUS,MT,50175,98,64.2937,2.9168,0.0121,0.0294,False
0.4428125023841858,PLUS,MT,50175,98,64.2937,2.9168,0.0121,0.0295,False
0.4428125023841858,PLUS,MT,3686,46,38.3478,2.195,0.0121,0.0222,False
0.4428125023841858,PLUS,MT,3822,46,38.3478,2.195,0.0121,0.0222,False
0.4428125023841858,PLUS,MT,50156,98,64.2937,2.8469,0.0122,0.0288,False
0.4428125023841858,PLUS,MT,50194,98,64.2937,2.9,0.0122,0.0294,False
0.4428125023841858,PLUS,MT,51416,115,72.796,2.6439,0.0122,0.0268,False
0.4428125023841858,PLUS,MT,51283,0,15.3341,2.2188,0.0122,0.0225,True
0.4428125023841858,PLUS,MT,51416,115,72.796,2.6439,0.0122,0.0268,False
0.4428125023841858,PLUS,MT,36398,11,20.8558,2.8978,0.0122,0.0295,True
0.4428125023841858,PLUS,MT,36534,11,20.8558,2.6948,0.0122,0.0274,True
0.4428125023841858,PLUS,MT,50156,98,64.2937,2.8469,0.0123,0.0291,False
0.4428125023841858,PLUS,MT,50194,98,64.2937,2.9,0.0123,0.0297,False
0.4428125023841858,PLUS,MT,51215,0,15.3341,2.2188,0.0123,0.0227,True
0.4428125023841858,PLUS,MT,51351,0,15.3341,2.2216,0.0123,0.0228,True
0.4428125023841858,PLUS,MT,32713,86,58.2124,2.8896,0.0123,0.0297,False
0.4428125023841858,PLUS,MT,36841,11,20.8594,2.3443,0.0124,0.0243,True
0.4428125023841858,PLUS,MT,36977,11,20.8594,2.3443,0.0124,0.0243,True
0.4428125023841858,PLUS,MT,32669,86,58.2124,2.8979,0.0124,0.03,False
0.4428125023841858,PLUS,MT,32757,86,58.2124,2.8979,0.0124,0.03,False
0.4428125023841858,PLUS,MT,3819,46,38.2436,2.7016,0.0124,0.028,False
0.4428125023841858,PLUS,MT,3683,46,38.2436,2.2506,0.0124,0.0233,False
0.4428125023841858,PLUS,MT,3751,46,38.2436,2.7016,0.0125,0.0281,False
0.4428125023841858,PLUS,MT,50175,98,64.2937,2.9168,0.0125,0.0304,False
0.4428125023841858,PLUS,MT,50175,98,64.2937,2.9168,0.0125,0.0304,False
0.4428125023841858,PLUS,MT,51110,114,72.3335,2.341,0.0125,0.0244,False
0.4428125023841858,PLUS,MT,50964,114,72.3335,2.2777,0.0125,0.0237,False
0.4428125023841858,PLUS,MT,50156,98,64.2937,2.8469,0.0125,0.0297,False
0.4428125023841858,PLUS,MT,50194,98,64.2937,2.9,0.0125,0.0303,False
0.4428125023841858,PLUS,MT,36469,11,20.8884,2.7095,0.0126,0.0285,True
0.4428125023841858,PLUS,MT,51037,114,72.3335,2.231,0.0126,0.0235,False
0.4428125023841858,PLUS,MT,36401,11,20.8884,2.7142,0.0127,0.0287,True
0.4428125023841858,PLUS,MT,50156,98,64.2937,2.8469,0.0127,0.0301,False
0.4428125023841858,PLUS,MT,36909,11,20.8594,2.5156,0.0127,0.0266,True
0.4428125023841858,PLUS,MT,50194,98,64.2937,2.9,0.0127,0.0306,False
0.4428125023841858,PLUS,MT,48826,23,26.842,2.8976,0.0127,0.0306,True
0.4428125023841858,PLUS,MT,36537,11,20.8884,2.7142,0.0127,0.0287,True
0.4428125023841858,PLUS,MT,48962,23,26.842,2.717,0.0127,0.0287,True
0.4428125023841858,PLUS,MT,36400,11,20.9014,2.4724,0.0128,0.0263,True
0.4428125023841858,PLUS,MT,36466,11,20.8558,2.5089,0.0128,0.0267,True
0.4428125023841858,PLUS,MT,36536,11,20.9014,2.4724,0.0128,0.0263,True
0.4428125023841858,PLUS,MT,36468,11,20.9014,2.7133,0.0128,0.0289,True
0.4428125023841858,PLUS,MT,4474,68,49.4325,2.7016,0.0128,0.0288,False
0.4428125023841858,PLUS,MT,4622,68,49.4325,2.7016,0.0128,0.0288,False
0.4428125023841858,PLUS,MT,50176,106,68.1718,2.7228,0.013,0.0296,False
0.4428125023841858,PLUS,MT,50176,106,68.1718,2.7228,0.013,0.0296,False
0.4428125023841858,PLUS,MT,50176,106,68.1718,2.7228,0.013,0.0296,False
0.4428125023841858,PLUS,MT,50176,106,68.1718,2.7228,0.0131,0.0296,False
0.4428125023841858,PLUS,MT,48891,23,26.7541,2.6842,0.0131,0.0294,False
0.4428125023841858,PLUS,MT,4548,68,49.4325,2.7016,0.0132,0.0297,False
0.4428125023841858,PLUS,MT,50157,106,68.1718,2.7146,0.0132,0.0299,False
0.4428125023841858,PLUS,MT,50195,106,68.1718,2.7213,0.0132,0.03,False
0.4428125023841858,PLUS,MT,50195,106,68.1718,2.7213,0.0132,0.03,False
0.4428125023841858,PLUS,MT,50157,106,68.1718,2.7146,0.0132,0.0299,False
0.4428125023841858,PLUS,MT,51414,98,64.2666,2.9083,0.0134,0.0325,False
0.4428125023841858,PLUS,MT,51414,98,64.2666,2.9083,0.0134,0.0325,False
0.4428125023841858,PLUS,MT,5163,0,15.4092,2.7126,0.0135,0.0305,False
0.4428125023841858,PLUS,MT,5231,0,15.4092,2.2099,0.0135,0.0248,False
0.4428125023841858,PLUS,MT,5095,0,15.4092,2.2099,0.0135,0.0248,False
0.4428125023841858,PLUS,MT,48959,23,26.7541,2.7041,0.0135,0.0304,False
0.4428125023841858,PLUS,MT,48823,23,26.7541,2.7041,0.0135,0.0304,False
0.4428125023841858,PLUS,MT,51433,98,64.2666,2.8925,0.0135,0.0327,False
0.4428125023841858,PLUS,MT,51395,98,64.2666,2.8426,0.0136,0.0321,False
0.4428125023841858,PLUS,MT,36843,11,20.9056,2.7896,0.0136,0.0317,True
0.4428125023841858,PLUS,MT,36979,11,20.9056,2.7896,0.0136,0.0317,True
0.4428125023841858,PLUS,MT,50195,106,68.1718,2.7213,0.0137,0.031,False
0.4428125023841858,PLUS,MT,50157,106,68.1718,2.7146,0.0137,0.031,False
0.4428125023841858,PLUS,MT,36911,11,20.9056,2.6929,0.0137,0.0307,True
0.4428125023841858,PLUS,MT,50195,106,68.1718,2.7213,0.0138,0.0312,False
0.4428125023841858,PLUS,MT,50157,106,68.1718,2.7146,0.0138,0.0312,False
0.4428125023841858,PLUS,MT,51433,98,64.2666,2.8925,0.0139,0.0336,False
0.4428125023841858,PLUS,MT,51395,98,64.2666,2.8426,0.0139,0.033,False
0.4428125023841858,PLUS,MT,51415,106,68.0943,2.7832,0.014,0.0326,False
0.4428125023841858,PLUS,MT,51415,106,68.0943,2.7832,0.014,0.0326,False
0.4428125023841858,PLUS,MT,51414,98,64.2666,2.9083,0.0141,0.0342,False
0.4428125023841858,PLUS,MT,51414,98,64.2666,2.9083,0.0141,0.0342,False
0.4428125023841858,PLUS,MT,51434,106,68.0943,2.7756,0.0141,0.0327,False
0.4428125023841858,PLUS,MT,51396,106,68.0943,2.2346,0.0142,0.0264,False
0.4428125023841858,PLUS,MT,51414,98,64.2666,2.9083,0.0142,0.0345,False
0.4428125023841858,PLUS,MT,51414,98,64.2666,2.9083,0.0143,0.0345,False
0.4428125023841858,PLUS,MT,51433,98,64.2666,2.8925,0.0143,0.0344,False
0.4428125023841858,PLUS,MT,51395,98,64.2666,2.8426,0.0143,0.0338,False
0.4428125023841858,PLUS,MT,51416,115,72.796,2.6439,0.0143,0.0316,False
0.4428125023841858,PLUS,MT,51415,106,68.0943,2.7832,0.0143,0.0333,False
0.4428125023841858,PLUS,MT,51416,115,72.796,2.6439,0.0143,0.0316,False
0.4428125023841858,PLUS,MT,51415,106,68.0943,2.7832,0.0144,0.0333,False
0.4428125023841858,PLUS,MT,51435,115,72.796,2.1791,0.0144,0.0261,False
0.4428125023841858,PLUS,MT,51433,98,64.2666,2.8925,0.0144,0.0346,False
0.4428125023841858,PLUS,MT,51397,115,72.796,2.0635,0.0144,0.0247,False
0.4428125023841858,PLUS,MT,51395,98,64.2666,2.8426,0.0144,0.0341,False
0.4428125023841858,PLUS,MT,4158,46,38.3052,2.238,0.0144,0.0269,True
0.4428125023841858,PLUS,MT,4294,46,38.3052,2.238,0.0144,0.0269,True
0.4428125023841858,PLUS,MT,51396,106,68.0943,2.2346,0.0144,0.0269,False
0.4428125023841858,PLUS,MT,51434,106,68.0943,2.7756,0.0144,0.0334,False
0.4428125023841858,PLUS,MT,4792,70,50.2474,2.1416,0.0144,0.0258,False
0.4428125023841858,PLUS,MT,4940,70,50.2474,2.7016,0.0144,0.0325,False
0.4428125023841858,PLUS,MT,51434,106,68.0943,2.7756,0.0145,0.0334,False
0.4428125023841858,PLUS,MT,51397,115,72.796,2.0635,0.0145,0.0249,False
0.4428125023841858,PLUS,MT,51435,115,72.796,2.1791,0.0145,0.0263,False
0.4428125023841858,PLUS,MT,51396,106,68.0943,2.2346,0.0145,0.0269,False
0.4428125023841858,PLUS,MT,4226,46,38.3052,2.2417,0.0145,0.027,True
0.4428125023841858,PLUS,MT,51397,115,72.796,2.0635,0.0145,0.025,False
0.4428125023841858,PLUS,MT,51435,115,72.796,2.1791,0.0145,0.0264,False
0.4428125023841858,PLUS,MT,51416,115,72.796,2.6439,0.0145,0.032,False
0.4428125023841858,PLUS,MT,51435,115,72.796,2.1791,0.0145,0.0264,False
0.4428125023841858,PLUS,MT,51397,115,72.796,2.0635,0.0145,0.025,False
0.4428125023841858,PLUS,MT,51416,115,72.796,2.6439,0.0145,0.032,False
0.4428125023841858,PLUS,MT,4866,70,50.2474,2.7016,0.0147,0.033,False
0.4428125023841858,PLUS,MT,51395,98,64.2666,2.8426,0.0147,0.0347,False
0.4428125023841858,PLUS,MT,51433,98,64.2666,2.8925,0.0147,0.0354,False
0.4428125023841858,PLUS,MT,51433,98,64.2666,2.8925,0.0148,0.0356,False
0.4428125023841858,PLUS,MT,51395,98,64.2666,2.8426,0.0148,0.035,False
0.4428125023841858,PLUS,MT,51396,106,68.0943,2.2346,0.0148,0.0275,False
0.4428125023841858,PLUS,MT,5161,0,15.3758,2.207,0.0148,0.0272,False
0.4428125023841858,PLUS,MT,51434,106,68.0943,2.7756,0.0148,0.0342,False
0.4428125023841858,PLUS,MT,13570,130,80.3059,2.0104,0.0148,0.0248,False
0.4428125023841858,PLUS,MT,13497,130,80.3059,2.1772,0.0148,0.0268,False
0.4428125023841858,PLUS,MT,13424,130,80.3059,2.2735,0.0148,0.028,False
0.4428125023841858,PLUS,MT,5229,0,15.3758,2.2071,0.0148,0.0273,False
0.4428125023841858,PLUS,MT,5093,0,15.3758,2.207,0.0148,0.0273,False
0.4428125023841858,PLUS,MT,51414,98,64.2666,2.9083,0.0151,0.0365,False
0.4428125023841858,PLUS,MT,51414,98,64.2666,2.9083,0.0151,0.0365,False
0.4428125023841858,PLUS,MT,51433,98,64.2666,2.8925,0.0152,0.0367,False
0.4428125023841858,PLUS,MT,51395,98,64.2666,2.8426,0.0152,0.036,False
0.4428125023841858,PLUS,MT,51035,130,80.447,2.1517,0.0154,0.0276,False
0.4428125023841858,PLUS,MT,51108,130,80.447,2.1791,0.0154,0.0281,False
0.4428125023841858,PLUS,MT,50962,130,80.447,2.7437,0.0155,0.0353,False
0.4428125023841858,PLUS,MT,51395,98,64.2666,2.8426,0.0156,0.0369,False
0.4428125023841858,PLUS,MT,51433,98,64.2666,2.8925,0.0156,0.0376,False
0.4428125023841858,PLUS,MT,49584,133,81.9979,2.5888,0.0157,0.0338,True
0.4428125023841858,PLUS,MT,36470,11,20.9709,2.7636,0.0157,0.0361,True
0.4428125023841858,PLUS,MT,49584,133,81.9979,2.5888,0.0157,0.0338,True
0.4428125023841858,PLUS,MT,4492,150,90.0,2.7016,0.0157,0.0354,True
0.4428125023841858,PLUS,MT,4640,150,90.0,2.7016,0.0157,0.0354,True
0.4428125023841858,PLUS,MT,36403,11,20.9592,2.7599,0.0157,0.0362,False
0.4428125023841858,PLUS,MT,49603,133,81.9979,2.6308,0.0158,0.0346,True
0.4428125023841858,PLUS,MT,49565,133,81.9979,2.0635,0.0158,0.0272,True
0.4428125023841858,PLUS,MT,36539,11,20.9592,2.7599,0.0158,0.0363,False
0.4428125023841858,PLUS,MT,49367,23,26.8444,2.7187,0.0158,0.0358,True
0.4428125023841858,PLUS,MT,36471,11,20.9592,2.7295,0.0158,0.036,False
0.4428125023841858,PLUS,MT,36402,11,20.9709,2.7655,0.016,0.0369,True
0.4428125023841858,PLUS,MT,36538,11,20.9709,2.7655,0.0161,0.037,True
0.4428125023841858,PLUS,MT,4566,150,90.0,2.7016,0.0161,0.0362,True
0.4428125023841858,PLUS,MT,49565,133,81.9979,2.0635,0.0162,0.0278,True
0.4428125023841858,PLUS,MT,49603,133,81.9979,2.6308,0.0162,0.0355,True
0.4428125023841858,PLUS,MT,4159,46,38.4178,2.2074,0.0162,0.0298,True
0.4428125023841858,PLUS,MT,4295,46,38.4178,2.2101,0.0162,0.0299,True
0.4428125023841858,PLUS,MT,51415,106,68.0943,2.7832,0.0163,0.0377,False
0.4428125023841858,PLUS,MT,51415,106,68.0943,2.7832,0.0163,0.0377,False
0.4428125023841858,PLUS,MT,4867,76,53.4555,2.7016,0.0163,0.0366,False
0.4428125023841858,PLUS,MT,4941,76,53.4555,2.7016,0.0163,0.0367,False
0.4428125023841858,PLUS,MT,4793,76,53.4555,2.7016,0.0163,0.0367,False
0.4428125023841858,PLUS,MT,51434,106,68.0943,2.7756,0.0163,0.0378,False
0.4428125023841858,PLUS,MT,51396,106,68.0943,2.2346,0.0164,0.0305,False
0.4428125023841858,PLUS,MT,36535,11,20.8383,2.5393,0.0164,0.0347,True
0.4428125023841858,PLUS,MT,36399,11,20.8383,2.5393,0.0164,0.0347,True
0.4428125023841858,PLUS,MT,49435,23,26.8444,2.7808,0.0164,0.038,True
0.4428125023841858,PLUS,MT,49299,23,26.8444,2.4365,0.0164,0.0333,True
0.4428125023841858,PLUS,MT,4227,46,38.4178,2.2364,0.0164,0.0306,True
0.4428125023841858,PLUS,MT,36467,11,20.8383,2.5134,0.0165,0.0346,True
0.4428125023841858,PLUS,MT,51415,106,68.0943,2.7832,0.0166,0.0385,False
0.4428125023841858,PLUS,MT,51415,106,68.0943,2.7832,0.0166,0.0385,False
0.4428125023841858,PLUS,MT,51396,106,68.0943,2.2346,0.0166,0.0309,False
0.4428125023841858,PLUS,MT,51434,106,68.0943,2.7756,0.0166,0.0384,False
0.4428125023841858,PLUS,MT,51434,106,68.0943,2.7756,0.0167,0.0386,False
0.4428125023841858,PLUS,MT,51396,106,68.0943,2.2346,0.0167,0.0311,False
0.4428125023841858,PLUS,MT,49840,59,44.5358,2.2974,0.0168,0.0321,True
0.4428125023841858,PLUS,MT,51396,106,68.0943,2.2346,0.017,0.0316,False
0.4428125023841858,PLUS,MT,51434,106,68.0943,2.7756,0.017,0.0393,False
0.4428125023841858,PLUS,MT,49772,59,44.5358,2.2188,0.0171,0.0317,True
0.4428125023841858,PLUS,MT,49908,59,44.5358,2.5221,0.0171,0.036,True
0.4428125023841858,PLUS,MT,13449,71,50.9849,2.4539,0.0175,0.0358,False
0.4428125023841858,PLUS,MT,13595,71,50.9849,2.4539,0.0175,0.0358,False
0.4428125023841858,PLUS,MT,51553,135,82.7762,2.7975,0.0175,0.0409,True
0.4428125023841858,PLUS,MT,51515,135,82.7762,2.4844,0.0176,0.0363,True
0.4428125023841858,PLUS,MT,51515,135,82.7762,2.4844,0.0178,0.0368,True
0.4428125023841858,PLUS,MT,51553,135,82.7762,2.7975,0.0178,0.0415,True
0.4428125023841858,PLUS,MT,13522,71,50.9849,2.4818,0.0178,0.0369,False
0.4428125023841858,PLUS,MT,51534,135,82.7762,2.5686,0.0179,0.0382,True
0.4428125023841858,PLUS,MT,13437,150,90.0,2.4302,0.0179,0.0362,False
0.4428125023841858,PLUS,MT,13583,150,90.0,2.042,0.0179,0.0304,False
0.4428125023841858,PLUS,MT,51534,135,82.7762,2.5686,0.0179,0.0383,True
0.4428125023841858,PLUS,MT,50296,81,55.9619,2.7936,0.018,0.0418,False
0.4428125023841858,PLUS,MT,50340,81,55.9619,2.7995,0.018,0.0421,False
0.4428125023841858,PLUS,MT,50252,81,55.9619,2.2188,0.018,0.0334,False
0.4428125023841858,PLUS,MT,13510,150,90.0,2.4354,0.0184,0.0374,False
0.4428125023841858,PLUS,MT,4937,66,48.4306,2.7016,0.0184,0.0414,False
0.4428125023841858,PLUS,MT,4789,66,48.4306,2.7016,0.0184,0.0415,False
0.4428125023841858,PLUS,MT,51286,0,15.374,2.2216,0.0184,0.0341,False
0.4428125023841858,PLUS,MT,51112,104,67.0287,2.7756,0.0184,0.0426,False
0.4428125023841858,PLUS,MT,50966,104,67.0287,2.6585,0.0184,0.0408,False
0.4428125023841858,PLUS,MT,13520,76,53.4079,2.2228,0.0185,0.0342,False
0.4428125023841858,PLUS,MT,51218,0,15.374,2.2188,0.0185,0.0342,False
0.4428125023841858,PLUS,MT,51354,0,15.374,2.2188,0.0185,0.0343,False
0.4428125023841858,PLUS,MT,13593,76,53.4079,2.4589,0.0186,0.0381,False
0.4428125023841858,PLUS,MT,13447,76,53.4079,2.4589,0.0186,0.0381,False
0.4428125023841858,PLUS,MT,44693,58,44.3851,2.1325,0.0186,0.033,False
0.4428125023841858,PLUS,MT,4783,55,42.8393,2.207,0.0186,0.0342,False
0.4428125023841858,PLUS,MT,4931,55,42.8393,2.207,0.0186,0.0342,False
0.4428125023841858,PLUS,MT,4863,66,48.4306,2.7016,0.0187,0.0421,False
0.4428125023841858,PLUS,MT,4857,55,42.8393,2.7016,0.0187,0.0421,False
0.4428125023841858,PLUS,MT,51039,104,67.0287,2.2893,0.0188,0.0358,False
0.4428125023841858,PLUS,MT,51133,71,50.9851,2.4581,0.0191,0.0392,False
0.4428125023841858,PLUS,MT,50987,71,50.9851,2.2188,0.0191,0.0354,False
0.4428125023841858,PLUS,MT,50197,130,80.4694,2.497,0.0194,0.0404,False
0.4428125023841858,PLUS,MT,50159,130,80.4694,2.4011,0.0195,0.0389,False
0.4428125023841858,PLUS,MT,51060,71,50.9851,2.4141,0.0195,0.0393,False
0.4428125023841858,PLUS,MT,51219,0,15.4266,2.4969,0.0198,0.0411,False
0.4428125023841858,PLUS,MT,3821,46,38.3285,2.2073,0.0198,0.0363,False
0.4428125023841858,PLUS,MT,3685,46,38.3285,2.2099,0.0198,0.0364,False
0.4428125023841858,PLUS,MT,51355,0,15.4266,2.4969,0.0198,0.0412,False
0.4428125023841858,PLUS,MT,51287,0,15.4266,2.4734,0.0199,0.041,False
0.4428125023841858,PLUS,MT,13590,81,55.8232,2.4092,0.02,0.0402,False
0.4428125023841858,PLUS,MT,13444,81,55.8232,2.4092,0.02,0.0402,False
0.4428125023841858,PLUS,MT,13517,81,55.8232,2.4092,0.0201,0.0403,False
0.4428125023841858,PLUS,MT,13507,150,90.0,2.4302,0.0202,0.0408,False
0.4428125023841858,PLUS,MT,13580,150,90.0,2.4302,0.0202,0.0409,False
0.4428125023841858,PLUS,MT,13434,150,90.0,2.4354,0.0202,0.041,False
0.4428125023841858,PLUS,MT,4935,62,46.3499,2.2099,0.0202,0.0372,False
0.4428125023841858,PLUS,MT,4787,62,46.3499,2.2099,0.0202,0.0372,False
0.4428125023841858,PLUS,MT,50174,91,60.9571,2.4958,0.0202,0.0421,False
0.4428125023841858,PLUS,MT,50174,91,60.9571,2.4958,0.0203,0.0421,False
0.4428125023841858,PLUS,MT,50155,91,60.9571,2.5023,0.0203,0.0423,False
0.4428125023841858,PLUS,MT,50193,91,60.9571,2.9123,0.0203,0.0493,False
0.4428125023841858,PLUS,MT,49298,23,26.7757,2.713,0.0203,0.0459,True
0.4428125023841858,PLUS,MT,49434,23,26.7757,2.713,0.0203,0.0459,True
0.4428125023841858,PLUS,MT,4861,62,46.3499,2.2099,0.0203,0.0375,False
0.4428125023841858,PLUS,MT,50155,91,60.9571,2.5023,0.0204,0.0425,False
0.4428125023841858,PLUS,MT,50193,91,60.9571,2.9123,0.0204,0.0495,False
0.4428125023841858,PLUS,MT,49366,23,26.7757,2.7093,0.0205,0.0463,True
0.4428125023841858,PLUS,MT,51058,76,53.4079,2.4124,0.0207,0.0415,False
0.4428125023841858,PLUS,MT,4614,53,41.8966,2.2072,0.0207,0.0381,False
0.4428125023841858,PLUS,MT,4466,53,41.8966,2.2102,0.0207,0.0382,False
0.4428125023841858,PLUS,MT,4540,53,41.8966,2.207,0.0208,0.0382,False
0.4428125023841858,PLUS,MT,50338,77,53.8405,2.848,0.0208,0.0494,False
0.4428125023841858,PLUS,MT,51131,76,53.4079,1.494,0.0208,0.0259,False
0.4428125023841858,PLUS,MT,50985,76,53.4079,2.2216,0.0208,0.0385,False
0.4428125023841858,PLUS,MT,50250,77,53.8405,2.2188,0.0208,0.0385,False
0.4428125023841858,PLUS,MT,4781,52,41.3995,2.207,0.0211,0.0388,False
0.4428125023841858,PLUS,MT,4929,52,41.3995,2.207,0.0211,0.0388,False
0.4428125023841858,PLUS,MT,32711,81,55.9192,2.79,0.0211,0.0491,False
0.4428125023841858,PLUS,MT,32667,81,55.9192,2.7974,0.0212,0.0494,False
0.4428125023841858,PLUS,MT,32755,81,55.9192,2.7974,0.0212,0.0494,False
0.4428125023841858,PLUS,MT,51117,150,90.0,2.7608,0.0213,0.049,False
0.4428125023841858,PLUS,MT,50971,150,90.0,1.4749,0.0213,0.0262,False
0.4428125023841858,PLUS,MT,50294,77,53.8405,2.3328,0.0213,0.0415,False
0.4428125023841858,PLUS,MT,4855,52,41.3995,2.2071,0.0214,0.0394,False
0.4428125023841858,PLUS,MT,3753,46,38.3285,2.207,0.0216,0.0397,False
0.4428125023841858,PLUS,MT,49603,133,81.9979,2.6308,0.0217,0.0475,True
0.4428125023841858,PLUS,MT,49565,133,81.9979,2.0635,0.0217,0.0373,True
0.4428125023841858,PLUS,MT,49584,133,81.9979,2.5888,0.0217,0.0469,True
0.4428125023841858,PLUS,MT,49565,133,81.9979,2.0635,0.0217,0.0374,True
0.4428125023841858,PLUS,MT,51409,150,90.0,2.3924,0.0218,0.0434,True
0.4428125023841858,PLUS,MT,51409,150,90.0,2.3924,0.0218,0.0434,True
0.4428125023841858,PLUS,MT,49603,133,81.9979,2.6308,0.0218,0.0477,True
0.4428125023841858,PLUS,MT,49584,133,81.9979,2.5888,0.0218,0.0469,True
0.4428125023841858,PLUS,MT,51428,150,90.0,9.8711,0.0218,0.1792,True
0.4428125023841858,PLUS,MT,51390,150,90.0,9.9925,0.0218,0.1814,True
0.4428125023841858,PLUS,MT,51390,150,90.0,9.9925,0.0218,0.1815,True
0.4428125023841858,PLUS,MT,51428,150,90.0,9.8711,0.0218,0.1792,True
0.4428125023841858,PLUS,MT,51044,150,90.0,2.9643,0.022,0.0543,False
0.4428125023841858,PLUS,MT,50984,81,55.7776,2.4143,0.0221,0.0444,False
0.4428125023841858,PLUS,MT,51130,81,55.7776,2.4143,0.0221,0.0444,False
0.4428125023841858,PLUS,MT,51057,81,55.7776,2.4143,0.0221,0.0445,False
0.4428125023841858,PLUS,MT,36980,11,20.9635,2.7094,0.0223,0.0504,False
0.4428125023841858,PLUS,MT,36844,11,20.9635,2.7094,0.0224,0.0505,False
0.4428125023841858,PLUS,MT,13581,150,90.0,2.0431,0.0224,0.0381,False
0.4428125023841858,PLUS,MT,13435,150,90.0,1.8594,0.0224,0.0346,False
0.4428125023841858,PLUS,MT,50197,130,80.4694,2.497,0.0224,0.0465,False
0.4428125023841858,PLUS,MT,50159,130,80.4694,2.4011,0.0224,0.0448,False
0.4428125023841858,PLUS,MT,36912,11,20.9635,2.7039,0.0224,0.0506,False
0.4428125023841858,PLUS,MT,13508,150,90.0,2.2326,0.0226,0.042,False
0.4428125023841858,PLUS,MT,51409,150,90.0,2.3924,0.0227,0.0452,True
0.4428125023841858,PLUS,MT,51409,150,90.0,2.3924,0.0227,0.0452,True
0.4428125023841858,PLUS,MT,4550,74,52.003,2.7016,0.0227,0.0512,False
0.4428125023841858,PLUS,MT,51428,150,90.0,9.8711,0.0228,0.1873,True
0.4428125023841858,PLUS,MT,51390,150,90.0,9.9925,0.0228,0.1896,True
0.4428125023841858,PLUS,MT,51428,150,90.0,9.8711,0.0228,0.1877,True
0.4428125023841858,PLUS,MT,51390,150,90.0,9.9925,0.0228,0.19,True
0.4428125023841858,PLUS,MT,4624,74,52.003,2.7016,0.023,0.0517,False
0.4428125023841858,PLUS,MT,4476,74,52.003,2.7016,0.023,0.0517,False
0.4428125023841858,PLUS,MT,4864,66,48.021,2.7016,0.0231,0.052,False
0.4428125023841858,PLUS,MT,51390,150,90.0,9.9925,0.0232,0.1935,True
0.4428125023841858,PLUS,MT,51428,150,90.0,9.8711,0.0232,0.1911,True
0.4428125023841858,PLUS,MT,4790,66,48.021,2.1542,0.0233,0.0417,False
0.4428125023841858,PLUS,MT,4938,66,48.021,2.7016,0.0233,0.0524,False
0.4428125023841858,PLUS,MT,4612,51,40.5184,2.7016,0.0233,0.0524,False
0.4428125023841858,PLUS,MT,4464,51,40.5184,2.2103,0.0233,0.0429,False
0.4428125023841858,PLUS,MT,4223,46,38.2013,2.7016,0.0234,0.0526,True
0.4428125023841858,PLUS,MT,50193,91,60.9571,2.9123,0.0234,0.0567,False
0.4428125023841858,PLUS,MT,50155,91,60.9571,2.5023,0.0234,0.0488,False
0.4428125023841858,PLUS,MT,51428,150,90.0,9.8711,0.0234,0.1923,True
0.4428125023841858,PLUS,MT,51390,150,90.0,9.9925,0.0234,0.1947,True
0.4428125023841858,PLUS,MT,50155,91,60.9571,2.5023,0.0234,0.0488,False
0.4428125023841858,PLUS,MT,50174,91,60.9571,2.4958,0.0234,0.0487,False
0.4428125023841858,PLUS,MT,50193,91,60.9571,2.9123,0.0234,0.0568,False
0.4428125023841858,PLUS,MT,50174,91,60.9571,2.4958,0.0234,0.0487,False
0.4428125023841858,PLUS,MT,51409,150,90.0,2.3924,0.0234,0.0467,True
0.4428125023841858,PLUS,MT,51409,150,90.0,2.3924,0.0234,0.0467,True
0.4428125023841858,PLUS,MT,32665,77,53.7968,2.8039,0.0234,0.0548,False
0.4428125023841858,PLUS,MT,32753,77,53.7968,2.8039,0.0235,0.0548,False
0.4428125023841858,PLUS,MT,5160,0,15.3161,2.7126,0.0236,0.0533,False
0.4428125023841858,PLUS,MT,50178,130,80.4694,2.493,0.0236,0.0491,False
0.4428125023841858,PLUS,MT,50178,130,80.4694,2.493,0.0236,0.0491,False
0.4428125023841858,PLUS,MT,4538,51,40.5184,2.1105,0.0236,0.0416,False
0.4428125023841858,PLUS,MT,44763,59,44.507,2.2964,0.0237,0.0453,False
0.4428125023841858,PLUS,MT,44627,59,44.507,2.8451,0.0237,0.0562,False
0.4428125023841858,PLUS,MT,4472,64,47.2157,2.7016,0.0237,0.0534,False
0.4428125023841858,PLUS,MT,4620,64,47.2157,2.7016,0.0237,0.0534,False
0.4428125023841858,PLUS,MT,51534,135,82.7762,2.5686,0.0238,0.0509,True
0.4428125023841858,PLUS,MT,51534,135,82.7762,2.5686,0.0238,0.0509,True
0.4428125023841858,PLUS,MT,51553,135,82.7762,2.7975,0.0238,0.0555,True
0.4428125023841858,PLUS,MT,51515,135,82.7762,2.4844,0.0238,0.0493,True
0.4428125023841858,PLUS,MT,51553,135,82.7762,2.7975,0.0238,0.0556,True
0.4428125023841858,PLUS,MT,51515,135,82.7762,2.4844,0.0238,0.0494,True
0.4428125023841858,PLUS,MT,5228,0,15.3161,2.7126,0.0239,0.0539,False
0.4428125023841858,PLUS,MT,5092,0,15.3161,2.2102,0.0239,0.0439,False
0.4428125023841858,PLUS,MT,4470,60,45.2406,2.7016,0.0239,0.0538,False
0.4428125023841858,PLUS,MT,4618,60,45.2406,2.7016,0.0239,0.0538,False
0.4428125023841858,PLUS,MT,32709,77,53.7968,2.8003,0.024,0.0559,False
0.4428125023841858,PLUS,MT,4544,60,45.2406,2.2071,0.024,0.0442,False
0.4428125023841858,PLUS,MT,4155,46,38.2013,2.7016,0.0241,0.0542,True
0.4428125023841858,PLUS,MT,4291,46,38.2013,2.7016,0.0241,0.0542,True
0.4428125023841858,PLUS,MT,4546,64,47.2157,2.7016,0.0241,0.0543,False
0.4428125023841858,PLUS,MT,51048,150,90.0,2.0611,0.0242,0.0416,False
0.4428125023841858,PLUS,MT,51390,150,90.0,9.9925,0.0243,0.2026,True
0.4428125023841858,PLUS,MT,51428,150,90.0,9.8711,0.0243,0.2001,True
0.4428125023841858,PLUS,MT,50197,130,80.4694,2.497,0.0244,0.0507,False
0.4428125023841858,PLUS,MT,50975,150,90.0,2.0417,0.0244,0.0415,False
0.4428125023841858,PLUS,MT,51121,150,90.0,2.0417,0.0244,0.0415,False
0.4428125023841858,PLUS,MT,50159,130,80.4694,2.4011,0.0244,0.0488,False
0.4428125023841858,PLUS,MT,51409,150,90.0,2.3924,0.0244,0.0487,True
0.4428125023841858,PLUS,MT,51409,150,90.0,2.3924,0.0244,0.0487,True
0.4428125023841858,PLUS,MT,13515,88,59.1203,2.3311,0.0244,0.0475,False
0.4428125023841858,PLUS,MT,51428,150,90.0,9.8711,0.0245,0.2012,True
0.4428125023841858,PLUS,MT,51390,150,90.0,9.9925,0.0245,0.2037,True
0.4428125023841858,PLUS,MT,49583,119,74.8791,2.7146,0.0245,0.0553,True
0.4428125023841858,PLUS,MT,44625,58,44.3851,2.9878,0.0245,0.0609,False
0.4428125023841858,PLUS,MT,44761,58,44.3851,2.1326,0.0245,0.0435,False
0.4428125023841858,PLUS,MT,49583,119,74.8791,2.7146,0.0245,0.0554,True
0.4428125023841858,PLUS,MT,49564,119,74.8791,2.6268,0.0246,0.0538,True
0.4428125023841858,PLUS,MT,49602,119,74.8791,2.7501,0.0246,0.0564,True
0.4428125023841858,PLUS,MT,13588,88,59.1203,2.3311,0.0247,0.048,False
0.4428125023841858,PLUS,MT,13442,88,59.1203,2.3311,0.0247,0.048,False
0.4428125023841858,PLUS,MT,49602,119,74.8791,2.7501,0.0249,0.0571,True
0.4428125023841858,PLUS,MT,49564,119,74.8791,2.6268,0.0249,0.0546,True
0.4428125023841858,PLUS,MT,44695,59,44.507,2.212,0.0251,0.0464,False
0.4428125023841858,PLUS,MT,3824,46,38.4664,2.2073,0.0253,0.0465,False
0.4428125023841858,PLUS,MT,3688,46,38.4664,2.2071,0.0253,0.0465,False
0.4428125023841858,PLUS,MT,51514,120,75.246,2.7737,0.0253,0.0584,True
0.4428125023841858,PLUS,MT,51552,120,75.246,2.2353,0.0253,0.0471,True
0.4428125023841858,PLUS,MT,5234,0,15.4534,2.7126,0.0253,0.0572,False
0.4428125023841858,PLUS,MT,5098,0,15.4534,2.7126,0.0253,0.0572,False
0.4428125023841858,PLUS,MT,49583,119,74.8791,2.7146,0.0253,0.0573,True
0.4428125023841858,PLUS,MT,3756,46,38.4664,2.2071,0.0253,0.0466,False
0.4428125023841858,PLUS,MT,5166,0,15.4534,2.7126,0.0253,0.0573,False
0.4428125023841858,PLUS,MT,49583,119,74.8791,2.7146,0.0253,0.0573,True
0.4428125023841858,PLUS,MT,51552,120,75.246,2.2353,0.0254,0.0473,True
0.4428125023841858,PLUS,MT,51514,120,75.246,2.7737,0.0254,0.0588,True
0.4428125023841858,PLUS,MT,51533,120,75.246,2.7032,0.0254,0.0573,True
0.4428125023841858,PLUS,MT,51533,120,75.246,2.7032,0.0255,0.0573,True
0.4428125023841858,PLUS,MT,51042,95,62.6028,2.3328,0.0255,0.0497,False
0.4428125023841858,PLUS,MT,50174,91,60.9571,2.4958,0.0256,0.0532,False
0.4428125023841858,PLUS,MT,13317,0,15.0921,2.418,0.0256,0.0515,False
0.4428125023841858,PLUS,MT,50174,91,60.9571,2.4958,0.0256,0.0532,False
0.4428125023841858,PLUS,MT,36913,11,20.9751,2.7447,0.0256,0.0585,True
0.4428125023841858,PLUS,MT,49564,119,74.8791,2.6268,0.0256,0.056,True
0.4428125023841858,PLUS,MT,49602,119,74.8791,2.7501,0.0256,0.0587,True
0.4428125023841858,PLUS,MT,49602,119,74.8791,2.7501,0.0256,0.0587,True
0.4428125023841858,PLUS,MT,49564,119,74.8791,2.6268,0.0256,0.0561,True
0.4428125023841858,PLUS,MT,50155,91,60.9571,2.5023,0.0257,0.0536,False
0.4428125023841858,PLUS,MT,50193,91,60.9571,2.9123,0.0257,0.0624,False
0.4428125023841858,PLUS,MT,13385,0,15.0921,2.2121,0.0258,0.0475,False
0.4428125023841858,PLUS,MT,13387,0,15.0504,2.196,0.0258,0.0472,True
0.4428125023841858,PLUS,MT,13251,0,15.0504,2.2228,0.0258,0.0478,True
0.4428125023841858,PLUS,MT,13249,0,15.0921,2.1723,0.0258,0.0467,False
0.4428125023841858,PLUS,MT,51284,0,15.3343,2.1867,0.0258,0.047,True
0.4428125023841858,PLUS,MT,49564,119,74.8791,2.6268,0.0258,0.0565,True
0.4428125023841858,PLUS,MT,49602,119,74.8791,2.7501,0.0258,0.0592,True
0.4428125023841858,PLUS,MT,49583,119,74.8791,2.7146,0.0259,0.0585,True
0.4428125023841858,PLUS,MT,49362,23,26.6176,2.7054,0.0259,0.0583,True
0.4428125023841858,PLUS,MT,49583,119,74.8791,2.7146,0.0259,0.0586,True
0.4428125023841858,PLUS,MT,49584,133,81.9979,2.5888,0.0259,0.0559,True
0.4428125023841858,PLUS,MT,49584,133,81.9979,2.5888,0.0259,0.056,True
0.4428125023841858,PLUS,MT,51216,0,15.3343,2.7909,0.026,0.0604,True
0.4428125023841858,PLUS,MT,51352,0,15.3343,2.3903,0.026,0.0517,True
0.4428125023841858,PLUS,MT,13319,0,15.0504,2.3056,0.026,0.0499,True
0.4428125023841858,PLUS,MT,49565,133,81.9979,2.0635,0.026,0.0447,True
0.4428125023841858,PLUS,MT,49603,133,81.9979,2.6308,0.0261,0.0571,True
0.4428125023841858,PLUS,MT,51533,120,75.246,2.7032,0.0261,0.0587,True
0.4428125023841858,PLUS,MT,51533,120,75.246,2.7032,0.0261,0.0588,True
0.4428125023841858,PLUS,MT,51552,120,75.246,2.2353,0.0261,0.0487,True
0.4428125023841858,PLUS,MT,51514,120,75.246,2.7737,0.0262,0.0605,True
0.4428125023841858,PLUS,MT,50193,91,60.9571,2.9123,0.0262,0.0635,False
0.4428125023841858,PLUS,MT,50155,91,60.9571,2.5023,0.0262,0.0546,False
0.4428125023841858,PLUS,MT,51514,120,75.246,2.7737,0.0263,0.0607,True
0.4428125023841858,PLUS,MT,49294,23,26.6176,2.2216,0.0263,0.0487,True
0.4428125023841858,PLUS,MT,51552,120,75.246,2.2353,0.0263,0.049,True
0.4428125023841858,PLUS,MT,49430,23,26.6176,2.7396,0.0263,0.06,True
0.4428125023841858,PLUS,MT,49602,119,74.8791,2.7501,0.0264,0.0604,True
0.4428125023841858,PLUS,MT,13438,150,90.0,2.4354,0.0264,0.0535,False
0.4428125023841858,PLUS,MT,13584,150,90.0,1.9881,0.0264,0.0437,False
0.4428125023841858,PLUS,MT,4621,67,48.9538,2.7016,0.0264,0.0594,False
0.4428125023841858,PLUS,MT,4473,67,48.9538,2.7016,0.0264,0.0594,False
0.4428125023841858,PLUS,MT,49564,119,74.8791,2.6268,0.0264,0.0578,True
0.4428125023841858,PLUS,MT,36981,11,20.9751,2.7211,0.0264,0.0599,True
0.4428125023841858,PLUS,MT,36845,11,20.9751,2.7211,0.0264,0.0599,True
0.4428125023841858,PLUS,MT,13511,150,90.0,2.4302,0.0264,0.0536,False
0.4428125023841858,PLUS,MT,49565,133,81.9979,2.0635,0.0265,0.0456,True
0.4428125023841858,PLUS,MT,49603,133,81.9979,2.6308,0.0265,0.0581,True
0.4428125023841858,PLUS,MT,4547,67,48.9538,2.7016,0.0269,0.0605,False
0.4428125023841858,PLUS,MT,51398,129,79.8999,2.5046,0.0269,0.0562,False
0.4428125023841858,PLUS,MT,49583,119,74.8791,2.7146,0.027,0.061,True
0.4428125023841858,PLUS,MT,49583,119,74.8791,2.7146,0.027,0.061,True
0.4428125023841858,PLUS,MT,51436,129,79.8999,2.5333,0.027,0.057,False
0.4428125023841858,PLUS,MT,49564,119,74.8791,2.6268,0.027,0.0591,True
0.4428125023841858,PLUS,MT,49602,119,74.8791,2.7501,0.0271,0.0621,True
0.4428125023841858,PLUS,MT,51514,120,75.246,2.7737,0.0271,0.0627,True
0.4428125023841858,PLUS,MT,51552,120,75.246,2.2353,0.0272,0.0506,True
0.4428125023841858,PLUS,MT,49602,119,74.8791,2.7501,0.0272,0.0624,True
0.4428125023841858,PLUS,MT,51115,95,62.6028,2.3835,0.0272,0.0541,False
0.4428125023841858,PLUS,MT,50969,95,62.6028,2.3328,0.0272,0.0529,False
0.4428125023841858,PLUS,MT,49564,119,74.8791,2.6268,0.0272,0.0596,True
0.4428125023841858,PLUS,MT,51552,120,75.246,2.2353,0.0273,0.0508,True
0.4428125023841858,PLUS,MT,51413,91,60.9458,2.6339,0.0273,0.0599,False
0.4428125023841858,PLUS,MT,51514,120,75.246,2.7737,0.0273,0.0631,True
0.4428125023841858,PLUS,MT,51413,91,60.9458,2.6339,0.0273,0.0599,False
0.4428125023841858,PLUS,MT,51533,120,75.246,2.7032,0.0273,0.0615,True
0.4428125023841858,PLUS,MT,51533,120,75.246,2.7032,0.0273,0.0616,True
0.4428125023841858,PLUS,MT,51432,91,60.9458,2.6371,0.0274,0.0602,False
0.4428125023841858,PLUS,MT,51394,91,60.9458,2.8479,0.0274,0.0651,False
0.4428125023841858,PLUS,MT,50197,130,80.4694,2.497,0.0276,0.0574,False
0.4428125023841858,PLUS,MT,50159,130,80.4694,2.4011,0.0276,0.0552,False
0.4428125023841858,PLUS,MT,51394,91,60.9458,2.8479,0.0277,0.0658,False
0.4428125023841858,PLUS,MT,51432,91,60.9458,2.6371,0.0277,0.0609,False
0.4428125023841858,PLUS,MT,4862,61,45.9681,2.7016,0.0279,0.0629,False
0.4428125023841858,PLUS,MT,13451,67,48.8093,2.4171,0.028,0.0565,False
0.4428125023841858,PLUS,MT,13597,67,48.8093,2.4171,0.028,0.0565,False
0.4428125023841858,PLUS,MT,50197,130,80.4694,2.497,0.0281,0.0585,False
0.4428125023841858,PLUS,MT,50159,130,80.4694,2.4011,0.0281,0.0563,False
0.4428125023841858,PLUS,MT,51533,120,75.246,2.7032,0.0281,0.0634,True
0.4428125023841858,PLUS,MT,4936,61,45.9681,2.7016,0.0282,0.0634,False
0.4428125023841858,PLUS,MT,4788,61,45.9681,2.1542,0.0282,0.0505,False
0.4428125023841858,PLUS,MT,51533,120,75.246,2.7032,0.0282,0.0634,True
0.4428125023841858,PLUS,MT,51552,120,75.246,2.2353,0.0282,0.0525,True
0.4428125023841858,PLUS,MT,51514,120,75.246,2.7737,0.0282,0.0652,True
0.4428125023841858,PLUS,MT,13524,67,48.8093,2.1338,0.0283,0.0503,False
0.4428125023841858,PLUS,MT,51515,135,82.7762,2.4844,0.0283,0.0586,True
0.4428125023841858,PLUS,MT,51514,120,75.246,2.7737,0.0284,0.0655,True
0.4428125023841858,PLUS,MT,51553,135,82.7762,2.7975,0.0284,0.0661,True
0.4428125023841858,PLUS,MT,51552,120,75.246,2.2353,0.0284,0.0529,True
0.4428125023841858,PLUS,MT,4958,150,90.0,2.7016,0.0285,0.0642,True
0.4428125023841858,PLUS,MT,4810,150,90.0,2.7016,0.0285,0.0642,True
0.4428125023841858,PLUS,MT,51553,135,82.7762,2.7975,0.0285,0.0666,True
0.4428125023841858,PLUS,MT,3676,44,37.0466,2.7235,0.0286,0.0648,True
0.4428125023841858,PLUS,MT,3812,44,37.0466,2.2506,0.0286,0.0536,True
0.4428125023841858,PLUS,MT,51515,135,82.7762,2.4844,0.0286,0.0591,True
0.4428125023841858,PLUS,MT,51534,135,82.7762,2.5686,0.0286,0.0613,True
0.4428125023841858,PLUS,MT,51534,135,82.7762,2.5686,0.0286,0.0613,True
0.4428125023841858,PLUS,MT,4884,150,90.0,2.7016,0.0287,0.0647,True
0.4428125023841858,PLUS,MT,51055,88,59.0992,2.9041,0.029,0.0701,False
0.4428125023841858,PLUS,MT,50174,91,60.9571,2.4958,0.0294,0.0612,False
0.4428125023841858,PLUS,MT,50174,91,60.9571,2.4958,0.0294,0.0612,False
0.4428125023841858,PLUS,MT,50982,88,59.0992,2.7289,0.0294,0.0669,False
0.4428125023841858,PLUS,MT,51128,88,59.0992,2.4102,0.0294,0.0591,False
0.4428125023841858,PLUS,MT,50155,91,60.9571,2.5023,0.0296,0.0617,False
0.4428125023841858,PLUS,MT,50193,91,60.9571,2.9123,0.0296,0.0719,False
0.4428125023841858,PLUS,MT,50178,130,80.4694,2.493,0.0297,0.0617,False
0.4428125023841858,PLUS,MT,50178,130,80.4694,2.493,0.0297,0.0617,False
0.4428125023841858,PLUS,MT,13453,63,46.8335,2.2281,0.0298,0.0553,False
0.4428125023841858,PLUS,MT,13599,63,46.8335,2.4354,0.0298,0.0604,False
0.4428125023841858,PLUS,MT,13526,63,46.8335,2.4697,0.0299,0.0616,False
0.4428125023841858,PLUS,MT,50193,91,60.9571,2.9123,0.0301,0.0732,False
0.4428125023841858,PLUS,MT,50155,91,60.9571,2.5023,0.0302,0.0629,False
0.4428125023841858,PLUS,MT,12748,0,15.0644,2.2217,0.0304,0.0563,False
0.4428125023841858,PLUS,MT,12680,0,15.0644,2.419,0.0305,0.0615,False
0.4428125023841858,PLUS,MT,12816,0,15.0644,1.8306,0.0305,0.0465,False
0.4428125023841858,PLUS,MT,51398,129,79.8999,2.5046,0.0305,0.0637,False
0.4428125023841858,PLUS,MT,51436,129,79.8999,2.5333,0.0305,0.0644,False
0.4428125023841858,PLUS,MT,50159,130,80.4694,2.4011,0.0307,0.0615,False
0.4428125023841858,PLUS,MT,50197,130,80.4694,2.497,0.0307,0.064,False
0.4428125023841858,PLUS,MT,51135,67,48.8093,2.4509,0.0309,0.0632,False
0.4428125023841858,PLUS,MT,50989,67,48.8093,2.2188,0.0309,0.0572,False
0.4428125023841858,PLUS,MT,3744,44,37.0466,2.7016,0.031,0.0699,True
0.4428125023841858,PLUS,MT,51062,67,48.8093,2.417,0.0311,0.0627,False
0.4428125023841858,PLUS,MT,4228,46,38.4259,2.2071,0.0312,0.0574,True
0.4428125023841858,PLUS,MT,49356,21,25.9135,2.2377,0.0314,0.0586,True
0.4428125023841858,PLUS,MT,4784,54,42.4732,2.207,0.0315,0.0579,False
0.4428125023841858,PLUS,MT,4932,54,42.4732,2.2099,0.0315,0.058,False
0.4428125023841858,PLUS,MT,36906,11,20.7883,2.405,0.0315,0.0632,True
0.4428125023841858,PLUS,MT,50178,130,80.4694,2.493,0.0319,0.0662,False
0.4428125023841858,PLUS,MT,50178,130,80.4694,2.493,0.0319,0.0662,False
0.4428125023841858,PLUS,MT,51417,129,79.8999,2.5303,0.0319,0.0673,False
0.4428125023841858,PLUS,MT,51417,129,79.8999,2.5303,0.032,0.0674,False
0.4428125023841858,PLUS,MT,36838,11,20.7883,2.3626,0.032,0.063,True
0.4428125023841858,PLUS,MT,36974,11,20.7883,2.4556,0.032,0.0655,True
0.4428125023841858,PLUS,MT,48882,22,26.1016,2.5196,0.032,0.0673,True
0.4428125023841858,PLUS,MT,4224,46,38.2071,2.7016,0.0321,0.0724,True
0.4428125023841858,PLUS,MT,4858,54,42.4732,2.207,0.0322,0.0592,False
0.4428125023841858,PLUS,MT,4156,46,38.2071,2.7016,0.0323,0.0727,True
0.4428125023841858,PLUS,MT,4292,46,38.2071,2.7016,0.0323,0.0727,True
0.4428125023841858,PLUS,MT,4809,150,90.0,2.7016,0.0324,0.0728,True
0.4428125023841858,PLUS,MT,4957,150,90.0,2.0646,0.0324,0.0557,True
0.4428125023841858,PLUS,MT,50991,63,46.8332,2.8121,0.0324,0.0759,False
0.4428125023841858,PLUS,MT,51137,63,46.8332,2.4455,0.0324,0.066,False
0.4428125023841858,PLUS,MT,4883,150,90.0,2.08,0.0324,0.0562,True
0.4428125023841858,PLUS,MT,49293,23,26.6056,2.2188,0.0325,0.0601,True
0.4428125023841858,PLUS,MT,49429,23,26.6056,2.5333,0.0325,0.0686,True
0.4428125023841858,PLUS,MT,51064,63,46.8332,2.4205,0.0326,0.0657,False
0.4428125023841858,PLUS,MT,51413,91,60.9458,2.6339,0.0327,0.0718,False
0.4428125023841858,PLUS,MT,51413,91,60.9458,2.6339,0.0327,0.0719,False
0.4428125023841858,PLUS,MT,51432,91,60.9458,2.6371,0.0328,0.072,False
0.4428125023841858,PLUS,MT,51394,91,60.9458,2.8479,0.0328,0.0778,False
0.4428125023841858,PLUS,MT,51394,91,60.9458,2.8479,0.0329,0.0781,False
0.4428125023841858,PLUS,MT,51432,91,60.9458,2.6371,0.0329,0.0724,False
0.4428125023841858,PLUS,MT,4160,46,38.4259,2.207,0.0333,0.0613,True
0.4428125023841858,PLUS,MT,4296,46,38.4259,2.7016,0.0333,0.075,True
0.4428125023841858,PLUS,MT,49361,23,26.6056,2.5047,0.0333,0.0695,True
0.4428125023841858,PLUS,MT,51398,129,79.8999,2.5046,0.0335,0.0699,False
0.4428125023841858,PLUS,MT,51436,129,79.8999,2.5333,0.0335,0.0708,False
0.4428125023841858,PLUS,MT,48950,22,26.1016,2.7436,0.0336,0.0768,True
0.4428125023841858,PLUS,MT,48814,22,26.1016,2.7176,0.0336,0.0761,True
0.4428125023841858,PLUS,MT,49288,21,25.9135,2.9619,0.0339,0.0837,True
0.4428125023841858,PLUS,MT,49424,21,25.9135,2.5337,0.0339,0.0716,True
0.4428125023841858,PLUS,MT,48893,23,26.8429,2.8919,0.034,0.0819,False
0.4428125023841858,PLUS,MT,51418,150,90.0,2.359,0.034,0.0668,True
0.4428125023841858,PLUS,MT,51418,150,90.0,2.359,0.034,0.0668,True
0.4428125023841858,PLUS,MT,4794,75,52.6595,2.7016,0.034,0.0766,False
0.4428125023841858,PLUS,MT,4942,75,52.6595,2.7016,0.034,0.0766,False
0.4428125023841858,PLUS,MT,4613,53,41.5628,2.2101,0.034,0.0627,False
0.4428125023841858,PLUS,MT,4465,53,41.5628,2.2073,0.034,0.0626,False
0.4428125023841858,PLUS,MT,4561,121,75.5918,2.7016,0.0341,0.0768,True
0.4428125023841858,PLUS,MT,4487,121,75.5918,2.1629,0.0344,0.062,True
0.4428125023841858,PLUS,MT,4635,121,75.5918,2.1629,0.0344,0.062,True
0.4428125023841858,PLUS,MT,51413,91,60.9458,2.6339,0.0344,0.0755,False
0.4428125023841858,PLUS,MT,51413,91,60.9458,2.6339,0.0345,0.0756,False
0.4428125023841858,PLUS,MT,4927,50,40.0428,2.2103,0.0346,0.0637,False
0.4428125023841858,PLUS,MT,4779,50,40.0428,2.7016,0.0346,0.0779,False
0.4428125023841858,PLUS,MT,51432,91,60.9458,2.6371,0.0347,0.0762,False
0.4428125023841858,PLUS,MT,51394,91,60.9458,2.8479,0.0347,0.0824,False
0.4428125023841858,PLUS,MT,4539,53,41.5628,2.2112,0.0348,0.064,False
0.4428125023841858,PLUS,MT,48825,23,26.8429,2.2188,0.0348,0.0643,False
0.4428125023841858,PLUS,MT,48961,23,26.8429,2.7197,0.0348,0.0788,False
0.4428125023841858,PLUS,MT,51049,150,90.0,1.9814,0.0348,0.0575,False
0.4428125023841858,PLUS,MT,50976,150,90.0,2.065,0.0348,0.0599,False
0.4428125023841858,PLUS,MT,51122,150,90.0,2.065,0.0348,0.06,False
0.4428125023841858,PLUS,MT,48881,21,25.9088,2.648,0.0349,0.0769,True
0.4428125023841858,PLUS,MT,4853,50,40.0428,2.2099,0.0353,0.065,False
0.4428125023841858,PLUS,MT,4868,75,52.6595,2.7016,0.0354,0.0796,False
0.4428125023841858,PLUS,MT,51394,91,60.9458,2.8479,0.0354,0.084,False
0.4428125023841858,PLUS,MT,51432,91,60.9458,2.6371,0.0354,0.0779,False
0.4428125023841858,PLUS,MT,49770,58,44.416,2.5444,0.0359,0.0761,True
0.4428125023841858,PLUS,MT,49906,58,44.416,2.3328,0.0359,0.0698,True
0.4428125023841858,PLUS,MT,51399,150,90.0,2.4381,0.0364,0.0739,True
0.4428125023841858,PLUS,MT,51437,150,90.0,2.3733,0.0364,0.0719,True
0.4428125023841858,PLUS,MT,49838,58,44.416,2.601,0.0366,0.0793,True
0.4428125023841858,PLUS,MT,4462,48,39.2205,2.2103,0.0368,0.0678,False
0.4428125023841858,PLUS,MT,4610,48,39.2205,2.7016,0.0368,0.0828,False
0.4428125023841858,PLUS,MT,4536,48,39.2205,2.7016,0.0375,0.0845,False
0.4428125023841858,PLUS,MT,50159,130,80.4694,2.4011,0.0376,0.0752,False
0.4428125023841858,PLUS,MT,50197,130,80.4694,2.497,0.0376,0.0782,False
0.4428125023841858,PLUS,MT,5159,0,15.3323,2.7126,0.0377,0.0853,True
0.4428125023841858,PLUS,MT,51398,129,79.8999,2.5046,0.0378,0.0789,False
0.4428125023841858,PLUS,MT,51436,129,79.8999,2.5333,0.0378,0.0798,False
0.4428125023841858,PLUS,MT,49834,56,43.4494,2.2114,0.0379,0.0698,True
0.4428125023841858,PLUS,MT,5227,0,15.3323,2.7126,0.0381,0.0861,True
0.4428125023841858,PLUS,MT,5091,0,15.3323,2.21,0.0381,0.0702,True
0.4428125023841858,PLUS,MT,49355,22,26.1,2.5433,0.0382,0.0811,True
0.4428125023841858,PLUS,MT,4785,58,44.4751,2.2099,0.0383,0.0705,False
0.4428125023841858,PLUS,MT,4933,58,44.4751,2.7016,0.0383,0.0862,False
0.4428125023841858,PLUS,MT,4859,58,44.4751,2.2099,0.0385,0.0709,False
0.4428125023841858,PLUS,MT,48813,21,25.9088,2.7471,0.0386,0.0885,True
0.4428125023841858,PLUS,MT,48949,21,25.9088,2.6144,0.0387,0.0842,True
0.4428125023841858,PLUS,MT,51399,150,90.0,2.4381,0.0391,0.0795,True
0.4428125023841858,PLUS,MT,51437,150,90.0,2.3733,0.0391,0.0774,True
0.4428125023841858,PLUS,MT,4619,63,46.8584,2.7016,0.0395,0.0888,False
0.4428125023841858,PLUS,MT,4471,63,46.8584,2.1542,0.0395,0.0708,False
0.4428125023841858,PLUS,MT,51417,129,79.8999,2.5303,0.0395,0.0833,False
0.4428125023841858,PLUS,MT,51417,129,79.8999,2.5303,0.0395,0.0833,False
0.4428125023841858,PLUS,MT,4545,63,46.8584,2.7016,0.0395,0.089,False
0.4428125023841858,PLUS,MT,49774,59,44.6912,2.2732,0.0396,0.0749,True
0.4428125023841858,PLUS,MT,49910,59,44.6912,2.3327,0.0396,0.0769,True
0.4428125023841858,PLUS,MT,51398,129,79.8999,2.5046,0.0397,0.0828,False
0.4428125023841858,PLUS,MT,4543,59,44.9094,2.7016,0.0397,0.0894,False
0.4428125023841858,PLUS,MT,51436,129,79.8999,2.5333,0.0397,0.0839,False
0.4428125023841858,PLUS,MT,4617,59,44.9094,2.7016,0.04,0.0901,False
0.4428125023841858,PLUS,MT,4469,59,44.9094,2.1542,0.04,0.0718,False
0.4428125023841858,PLUS,MT,49287,22,26.1,2.9473,0.0401,0.0984,True
0.4428125023841858,PLUS,MT,49423,22,26.1,2.8113,0.0401,0.0939,True
0.4428125023841858,PLUS,MT,13502,95,62.6101,2.2893,0.0403,0.0768,False
0.4428125023841858,PLUS,MT,12750,0,15.0278,2.0761,0.0411,0.071,False
0.4428125023841858,PLUS,MT,51413,91,60.9458,2.6339,0.0411,0.0903,False
0.4428125023841858,PLUS,MT,51413,91,60.9458,2.6339,0.0412,0.0904,False
0.4428125023841858,PLUS,MT,50159,130,80.4694,2.4011,0.0413,0.0826,False
0.4428125023841858,PLUS,MT,50197,130,80.4694,2.497,0.0413,0.0859,False
0.4428125023841858,PLUS,MT,12682,0,15.0278,2.2243,0.0414,0.0767,False
0.4428125023841858,PLUS,MT,12818,0,15.0278,2.3214,0.0414,0.0801,False
0.4428125023841858,PLUS,MT,49842,59,44.6912,2.3326,0.0414,0.0805,True
0.4428125023841858,PLUS,MT,51432,91,60.9458,2.6371,0.0414,0.0911,False
0.4428125023841858,PLUS,MT,51394,91,60.9458,2.8479,0.0415,0.0985,False
0.4428125023841858,PLUS,MT,36839,11,20.7891,2.4263,0.0416,0.0841,True
0.4428125023841858,PLUS,MT,36975,11,20.7891,2.4014,0.0416,0.0833,True
0.4428125023841858,PLUS,MT,13575,95,62.6101,1.9577,0.0417,0.068,False
0.4428125023841858,PLUS,MT,13429,95,62.6101,2.2893,0.0417,0.0795,False
0.4428125023841858,PLUS,MT,49766,56,43.4494,2.7289,0.0417,0.0949,True
0.4428125023841858,PLUS,MT,49902,56,43.4494,2.8054,0.0418,0.0976,True
0.4428125023841858,PLUS,MT,51436,129,79.8999,2.5333,0.0422,0.0891,False
0.4428125023841858,PLUS,MT,51398,129,79.8999,2.5046,0.0422,0.0881,False
0.4428125023841858,PLUS,MT,51418,150,90.0,2.359,0.0423,0.0832,True
0.4428125023841858,PLUS,MT,51418,150,90.0,2.359,0.0423,0.0832,True
0.4428125023841858,PLUS,MT,51394,91,60.9458,2.8479,0.0424,0.1006,False
0.4428125023841858,PLUS,MT,36907,11,20.7891,2.4233,0.0424,0.0856,True
0.4428125023841858,PLUS,MT,51432,91,60.9458,2.6371,0.0424,0.0932,False
0.4428125023841858,PLUS,MT,50178,130,80.4694,2.493,0.0425,0.0884,False
0.4428125023841858,PLUS,MT,50178,130,80.4694,2.493,0.0425,0.0884,False
0.4428125023841858,PLUS,MT,51417,129,79.8999,2.5303,0.0429,0.0904,False
0.4428125023841858,PLUS,MT,51417,129,79.8999,2.5303,0.0429,0.0904,False
0.4428125023841858,PLUS,MT,13321,0,15.0194,2.2154,0.0434,0.0801,True
0.4428125023841858,PLUS,MT,13389,0,15.0194,1.9093,0.0437,0.0695,True
0.4428125023841858,PLUS,MT,13253,0,15.0194,1.9115,0.0437,0.0697,True
0.4428125023841858,PLUS,MT,50292,73,51.8732,2.522,0.0438,0.0921,False
0.4428125023841858,PLUS,MT,49286,21,25.6603,2.9902,0.044,0.1097,True
0.4428125023841858,PLUS,MT,49422,21,25.6603,2.6099,0.044,0.0958,True
0.4428125023841858,PLUS,MT,49354,21,25.6603,2.6467,0.0442,0.0975,True
0.4428125023841858,PLUS,MT,4616,56,43.4579,2.2072,0.0446,0.0819,False
0.4428125023841858,PLUS,MT,4468,56,43.4579,2.2102,0.0446,0.0821,False
0.4428125023841858,PLUS,MT,51220,0,15.4232,2.2188,0.0446,0.0824,False
0.4428125023841858,PLUS,MT,51356,0,15.4232,2.4177,0.0446,0.0898,False
0.4428125023841858,PLUS,MT,4542,56,43.4579,2.7016,0.0448,0.101,False
0.4428125023841858,PLUS,MT,51288,0,15.4232,2.3881,0.0449,0.0893,False
0.4428125023841858,PLUS,MT,51437,150,90.0,2.3733,0.0452,0.0894,True
0.4428125023841858,PLUS,MT,51399,150,90.0,2.4381,0.0452,0.0919,True
0.4428125023841858,PLUS,MT,51532,111,70.6073,2.8016,0.046,0.1074,True
0.4428125023841858,PLUS,MT,51532,111,70.6073,2.8016,0.0461,0.1077,True
0.4428125023841858,PLUS,MT,51437,150,90.0,2.3733,0.0462,0.0914,True
0.4428125023841858,PLUS,MT,51399,150,90.0,2.4381,0.0462,0.0939,True
0.4428125023841858,PLUS,MT,51551,111,70.6073,2.8683,0.0465,0.1111,True
0.4428125023841858,PLUS,MT,51513,111,70.6073,2.8603,0.0465,0.1109,True
0.4428125023841858,PLUS,MT,49601,110,70.3717,2.8248,0.047,0.1105,True
0.4428125023841858,PLUS,MT,49563,110,70.3717,2.6535,0.0471,0.1041,True
0.4428125023841858,PLUS,MT,32707,73,51.8417,2.8515,0.0472,0.1123,False
0.4428125023841858,PLUS,MT,50336,73,51.8732,2.7289,0.0473,0.1075,False
0.4428125023841858,PLUS,MT,50248,73,51.8732,2.2216,0.0473,0.0876,False
0.4428125023841858,PLUS,MT,5233,0,15.4619,2.7126,0.0474,0.1072,False
0.4428125023841858,PLUS,MT,5097,0,15.4619,2.2099,0.0474,0.0874,False
0.4428125023841858,PLUS,MT,51513,111,70.6073,2.8603,0.0476,0.1135,True
0.4428125023841858,PLUS,MT,51551,111,70.6073,2.8683,0.0477,0.114,True
0.4428125023841858,PLUS,MT,5165,0,15.4619,2.2099,0.0477,0.0879,False
0.4428125023841858,PLUS,MT,48896,23,26.9591,2.2216,0.0478,0.0885,True
0.4428125023841858,PLUS,MT,48828,23,26.9591,2.2188,0.0488,0.0902,True
0.4428125023841858,PLUS,MT,48964,23,26.9591,2.7552,0.0488,0.1121,True
0.4428125023841858,PLUS,MT,4636,122,76.1892,2.7016,0.0496,0.1116,True
0.4428125023841858,PLUS,MT,4488,122,76.1892,2.7016,0.0496,0.1116,True
0.4428125023841858,PLUS,MT,4229,47,38.5692,2.21,0.0505,0.0931,True
0.4428125023841858,PLUS,MT,32663,73,51.8417,2.8508,0.0511,0.1213,False
0.4428125023841858,PLUS,MT,32751,73,51.8417,2.8508,0.0511,0.1214,False
0.4428125023841858,PLUS,MT,50169,150,90.0,17.6328,0.0512,0.7523,True
0.4428125023841858,PLUS,MT,50207,150,90.0,16.8296,0.0512,0.7181,True
0.4428125023841858,PLUS,MT,4161,47,38.5692,2.2102,0.0515,0.0949,True
0.4428125023841858,PLUS,MT,4297,47,38.5692,2.2072,0.0516,0.0948,True
0.4428125023841858,PLUS,MT,50169,150,90.0,17.6328,0.0518,0.7618,True
0.4428125023841858,PLUS,MT,50207,150,90.0,16.8296,0.0518,0.7271,True
0.4428125023841858,PLUS,MT,50188,150,90.0,2.3905,0.0519,0.1035,True
0.4428125023841858,PLUS,MT,50188,150,90.0,2.3905,0.0519,0.1035,True
0.4428125023841858,PLUS,MT,4562,122,76.1892,2.7016,0.0524,0.118,True
0.4428125023841858,PLUS,MT,50169,150,90.0,17.6328,0.0525,0.7708,True
0.4428125023841858,PLUS,MT,50207,150,90.0,16.8296,0.0525,0.7357,True
0.4428125023841858,PLUS,MT,50169,150,90.0,17.6328,0.0526,0.7735,True
0.4428125023841858,PLUS,MT,50207,150,90.0,16.8296,0.0526,0.7383,True
0.4428125023841858,PLUS,MT,4856,52,41.1466,2.2099,0.0527,0.097,False
0.4428125023841858,PLUS,MT,49601,110,70.3717,2.8248,0.0527,0.124,True
0.4428125023841858,PLUS,MT,49563,110,70.3717,2.6535,0.0527,0.1165,True
0.4428125023841858,PLUS,MT,50188,150,90.0,2.3905,0.0527,0.105,True
0.4428125023841858,PLUS,MT,50188,150,90.0,2.3905,0.0527,0.105,True
0.4428125023841858,PLUS,MT,50169,150,90.0,17.6328,0.0529,0.7769,True
0.4428125023841858,PLUS,MT,50207,150,90.0,16.8296,0.0529,0.7416,True
0.4428125023841858,PLUS,MT,49565,133,81.9979,2.0635,0.0531,0.0913,True
0.4428125023841858,PLUS,MT,4782,52,41.1466,2.219,0.0532,0.0983,False
0.4428125023841858,PLUS,MT,4930,52,41.1466,2.2099,0.0532,0.0979,False
0.4428125023841858,PLUS,MT,3746,45,37.5004,2.7016,0.0532,0.1198,True
0.4428125023841858,PLUS,MT,49603,133,81.9979,2.6308,0.0532,0.1167,True
0.4428125023841858,PLUS,MT,50295,76,53.2846,2.8524,0.0533,0.1267,False
0.4428125023841858,PLUS,MT,49565,133,81.9979,2.0635,0.0533,0.0917,True
0.4428125023841858,PLUS,MT,49603,133,81.9979,2.6308,0.0534,0.1171,True
0.4428125023841858,PLUS,MT,4814,150,90.0,2.7016,0.0534,0.1202,True
0.4428125023841858,PLUS,MT,4962,150,90.0,2.1543,0.0534,0.0959,True
0.4428125023841858,PLUS,MT,49584,133,81.9979,2.5888,0.0535,0.1153,True
0.4428125023841858,PLUS,MT,3810,43,36.5752,2.7016,0.0535,0.1204,True
0.4428125023841858,PLUS,MT,12814,0,15.1227,2.2985,0.0535,0.1025,False
0.4428125023841858,PLUS,MT,13525,62,46.4859,2.1787,0.0535,0.0971,False
0.4428125023841858,PLUS,MT,12678,0,15.1227,2.4354,0.0535,0.1086,False
0.4428125023841858,PLUS,MT,3674,43,36.5752,2.2099,0.0535,0.0985,True
0.4428125023841858,PLUS,MT,49584,133,81.9979,2.5888,0.0536,0.1155,True
0.4428125023841858,PLUS,MT,51398,129,79.8999,2.5046,0.0536,0.1119,False
0.4428125023841858,PLUS,MT,51436,129,79.8999,2.5333,0.0536,0.1132,False
0.4428125023841858,PLUS,MT,4888,150,90.0,2.1543,0.0536,0.0963,True
0.4428125023841858,PLUS,MT,13598,62,46.4859,2.4202,0.0539,0.1088,False
0.4428125023841858,PLUS,MT,13452,62,46.4859,1.8936,0.0539,0.0851,False
0.4428125023841858,PLUS,MT,3742,43,36.5752,2.207,0.0541,0.0995,True
0.4428125023841858,PLUS,MT,50169,150,90.0,17.6328,0.0541,0.7953,True
0.4428125023841858,PLUS,MT,50207,150,90.0,16.8296,0.0541,0.7591,True
0.4428125023841858,PLUS,MT,12746,0,15.1227,2.3004,0.0543,0.104,False
0.4428125023841858,PLUS,MT,13315,0,15.1523,2.2409,0.0544,0.1016,False
0.4428125023841858,PLUS,MT,50169,150,90.0,17.6328,0.0544,0.7997,True
0.4428125023841858,PLUS,MT,50207,150,90.0,16.8296,0.0544,0.7634,True
0.4428125023841858,PLUS,MT,50251,76,53.2846,2.61,0.0546,0.1188,False
0.4428125023841858,PLUS,MT,50339,76,53.2846,2.4889,0.0546,0.1133,False
0.4428125023841858,PLUS,MT,49300,23,26.8743,2.2188,0.0548,0.1013,True
0.4428125023841858,PLUS,MT,50188,150,90.0,2.3905,0.0548,0.1091,True
0.4428125023841858,PLUS,MT,50188,150,90.0,2.3905,0.0548,0.1091,True
0.4428125023841858,PLUS,MT,49436,23,26.8743,2.708,0.0548,0.1238,True
0.4428125023841858,PLUS,MT,49582,110,70.3717,2.8031,0.055,0.1284,True
0.4428125023841858,PLUS,MT,49582,110,70.3717,2.8031,0.0551,0.1286,True
0.4428125023841858,PLUS,MT,4139,43,36.9709,2.7016,0.0551,0.1241,True
0.4428125023841858,PLUS,MT,4275,43,36.9709,2.7016,0.0551,0.1241,True
0.4428125023841858,PLUS,MT,50169,150,90.0,17.6328,0.0552,0.8112,True
0.4428125023841858,PLUS,MT,50207,150,90.0,16.8296,0.0552,0.7743,True
0.4428125023841858,PLUS,MT,49368,23,26.8743,2.2216,0.0553,0.1024,True
0.4428125023841858,PLUS,MT,49592,120,75.1989,2.7576,0.0553,0.1271,True
0.4428125023841858,PLUS,MT,44765,59,44.6398,2.2347,0.0554,0.1032,False
0.4428125023841858,PLUS,MT,44629,59,44.6398,2.2188,0.0554,0.1024,False
0.4428125023841858,PLUS,MT,49592,120,75.1989,2.7576,0.0554,0.1274,True
0.4428125023841858,PLUS,MT,13383,0,15.1523,2.435,0.0555,0.1126,False
0.4428125023841858,PLUS,MT,51436,129,79.8999,2.5333,0.0555,0.1171,False
0.4428125023841858,PLUS,MT,51398,129,79.8999,2.5046,0.0555,0.1158,False
0.4428125023841858,PLUS,MT,13247,0,15.1523,2.2167,0.0555,0.1026,False
0.4428125023841858,PLUS,MT,51417,129,79.8999,2.5303,0.0556,0.1173,False
0.4428125023841858,PLUS,MT,51417,129,79.8999,2.5303,0.0556,0.1173,False
0.4428125023841858,PLUS,MT,50188,150,90.0,2.3905,0.0557,0.1109,True
0.4428125023841858,PLUS,MT,50188,150,90.0,2.3905,0.0557,0.1109,True
0.4428125023841858,PLUS,MT,13433,150,90.0,2.4302,0.0558,0.1131,False
0.4428125023841858,PLUS,MT,13579,150,90.0,2.4354,0.0558,0.1133,False
0.4428125023841858,PLUS,MT,49573,120,75.1989,2.9001,0.0562,0.1359,True
0.4428125023841858,PLUS,MT,49611,120,75.1989,2.7248,0.0563,0.1278,True
0.4428125023841858,PLUS,MT,4142,43,36.6049,2.2073,0.0563,0.1036,True
0.4428125023841858,PLUS,MT,4278,43,36.6049,2.7016,0.0564,0.1269,True
0.4428125023841858,PLUS,MT,3678,45,37.5004,2.7235,0.0565,0.1282,True
0.4428125023841858,PLUS,MT,3814,45,37.5004,2.7016,0.0566,0.1273,True
0.4428125023841858,PLUS,MT,51065,62,46.4748,2.4227,0.0569,0.1148,False
0.4428125023841858,PLUS,MT,32708,76,53.3324,2.85,0.0569,0.1351,False
0.4428125023841858,PLUS,MT,4140,44,37.0926,2.2014,0.0569,0.1044,True
0.4428125023841858,PLUS,MT,4276,44,37.0926,2.7016,0.057,0.1282,True
0.4428125023841858,PLUS,MT,51534,135,82.7762,2.5686,0.0571,0.1222,True
0.4428125023841858,PLUS,MT,51534,135,82.7762,2.5686,0.0571,0.1222,True
0.4428125023841858,PLUS,MT,51515,135,82.7762,2.4844,0.0572,0.1184,True
0.4428125023841858,PLUS,MT,51515,135,82.7762,2.4844,0.0573,0.1186,True
0.4428125023841858,PLUS,MT,51553,135,82.7762,2.7975,0.0573,0.1335,True
0.4428125023841858,PLUS,MT,4537,50,40.2784,2.2103,0.0573,0.1056,False
0.4428125023841858,PLUS,MT,51553,135,82.7762,2.7975,0.0574,0.1337,True
0.4428125023841858,PLUS,MT,13506,150,90.0,2.4354,0.0574,0.1166,False
0.4428125023841858,PLUS,MT,50992,62,46.4748,2.8487,0.0575,0.1366,False
0.4428125023841858,PLUS,MT,51138,62,46.4748,2.4227,0.0575,0.1161,False
0.4428125023841858,PLUS,MT,4611,50,40.2784,2.2102,0.0579,0.1067,False
0.4428125023841858,PLUS,MT,4463,50,40.2784,2.2102,0.0579,0.1067,False
0.4428125023841858,PLUS,MT,32752,76,53.3324,2.7062,0.0581,0.131,False
0.4428125023841858,PLUS,MT,32664,76,53.3324,2.4355,0.0581,0.1179,False
0.4428125023841858,PLUS,MT,49592,120,75.1989,2.7576,0.0584,0.1342,True
0.4428125023841858,PLUS,MT,49592,120,75.1989,2.7576,0.0585,0.1343,True
0.4428125023841858,PLUS,MT,51532,111,70.6073,2.8016,0.0585,0.1367,True
0.4428125023841858,PLUS,MT,51532,111,70.6073,2.8016,0.0587,0.137,True
0.4428125023841858,PLUS,MT,49601,110,70.3717,2.8248,0.0588,0.1384,True
0.4428125023841858,PLUS,MT,49563,110,70.3717,2.6535,0.0591,0.1307,True
0.4428125023841858,PLUS,MT,49611,120,75.1989,2.7248,0.0591,0.1343,True
0.4428125023841858,PLUS,MT,51551,111,70.6073,2.8683,0.0592,0.1414,True
0.4428125023841858,PLUS,MT,51513,111,70.6073,2.8603,0.0592,0.1412,True
0.4428125023841858,PLUS,MT,49573,120,75.1989,2.9001,0.0593,0.1432,True
0.4428125023841858,PLUS,MT,49573,120,75.1989,2.9001,0.0594,0.1435,True
0.4428125023841858,PLUS,MT,51532,111,70.6073,2.8016,0.0595,0.1389,True
0.4428125023841858,PLUS,MT,51532,111,70.6073,2.8016,0.0596,0.1391,True
0.4428125023841858,PLUS,MT,49611,120,75.1989,2.7248,0.0596,0.1354,True
0.4428125023841858,PLUS,MT,49563,110,70.3717,2.6535,0.0598,0.1321,True
0.4428125023841858,PLUS,MT,51551,111,70.6073,2.8683,0.0598,0.143,True
0.4428125023841858,PLUS,MT,49601,110,70.3717,2.8248,0.0599,0.141,True
0.4428125023841858,PLUS,MT,13513,150,90.0,2.4352,0.0599,0.1216,False
0.4428125023841858,PLUS,MT,51513,111,70.6073,2.8603,0.06,0.1429,True
0.4428125023841858,PLUS,MT,4208,44,37.0926,2.7016,0.0606,0.1364,True
0.4428125023841858,PLUS,MT,4207,43,36.9709,2.7016,0.0607,0.1367,True
0.4428125023841858,PLUS,MT,51513,111,70.6073,2.8603,0.0608,0.1449,True
0.4428125023841858,PLUS,MT,51551,111,70.6073,2.8683,0.0609,0.1455,True
0.4428125023841858,PLUS,MT,51551,111,70.6073,2.8683,0.0609,0.1456,True
0.4428125023841858,PLUS,MT,51513,111,70.6073,2.8603,0.0609,0.1452,True
0.4428125023841858,PLUS,MT,51507,121,75.5346,2.6673,0.0613,0.1363,True
0.4428125023841858,PLUS,MT,51545,121,75.5346,2.6673,0.0614,0.1365,True
0.4428125023841858,PLUS,MT,51545,121,75.5346,2.6673,0.0615,0.1367,True
0.4428125023841858,PLUS,MT,51526,121,75.5346,2.7769,0.0616,0.1426,True
0.4428125023841858,PLUS,MT,51507,121,75.5346,2.6673,0.0616,0.137,True
0.4428125023841858,PLUS,MT,51526,121,75.5346,2.7769,0.0617,0.1429,True
0.4428125023841858,PLUS,MT,49592,120,75.1989,2.7576,0.0619,0.1422,True
0.4428125023841858,PLUS,MT,49592,120,75.1989,2.7576,0.062,0.1425,True
0.4428125023841858,PLUS,MT,49573,120,75.1989,2.9001,0.0625,0.151,True
0.4428125023841858,PLUS,MT,3823,46,38.4404,2.2101,0.0625,0.1151,False
0.4428125023841858,PLUS,MT,3687,46,38.4404,2.2103,0.0625,0.1152,False
0.4428125023841858,PLUS,MT,49611,120,75.1989,2.7248,0.0626,0.142,True
0.4428125023841858,PLUS,MT,13440,150,90.0,2.4519,0.0627,0.1282,False
0.4428125023841858,PLUS,MT,13586,150,90.0,2.4292,0.0627,0.127,False
0.4428125023841858,PLUS,MT,44697,59,44.6398,2.219,0.0627,0.116,True
0.4428125023841858,PLUS,MT,49573,120,75.1989,2.9001,0.0631,0.1524,True
0.4428125023841858,PLUS,MT,49611,120,75.1989,2.7248,0.0631,0.1434,True
0.4428125023841858,PLUS,MT,49301,23,26.9608,2.2216,0.0638,0.1181,True
0.4428125023841858,PLUS,MT,49437,23,26.9608,2.7865,0.0638,0.1482,True
0.4428125023841858,PLUS,MT,32712,86,58.0415,2.8792,0.0639,0.1533,False
0.4428125023841858,PLUS,MT,32756,86,58.0415,2.8841,0.064,0.1539,False
0.4428125023841858,PLUS,MT,32668,86,58.0415,2.8841,0.0641,0.154,False
0.4428125023841858,PLUS,MT,49369,23,26.9608,2.7219,0.0643,0.146,True
0.4428125023841858,PLUS,MT,49611,120,75.1989,2.7248,0.0646,0.1467,True
0.4428125023841858,PLUS,MT,49769,57,43.9911,16.3999,0.0647,0.884,True
0.4428125023841858,PLUS,MT,49573,120,75.1989,2.9001,0.0647,0.1564,True
0.4428125023841858,PLUS,MT,49905,57,43.9911,16.7187,0.0647,0.9017,True
0.4428125023841858,PLUS,MT,50299,86,58.013,2.5553,0.0651,0.1386,False
0.4428125023841858,PLUS,MT,50255,86,58.013,2.9328,0.0652,0.1593,False
0.4428125023841858,PLUS,MT,50343,86,58.013,2.9225,0.0652,0.1587,False
0.4428125023841858,PLUS,MT,51507,121,75.5346,2.6673,0.0658,0.1462,True
0.4428125023841858,PLUS,MT,51545,121,75.5346,2.6673,0.0659,0.1464,True
0.4428125023841858,PLUS,MT,3755,46,38.4404,2.1923,0.066,0.1206,False
0.4428125023841858,PLUS,MT,51545,121,75.5346,2.6673,0.066,0.1468,True
0.4428125023841858,PLUS,MT,51526,121,75.5346,2.7769,0.0662,0.1531,True
0.4428125023841858,PLUS,MT,51507,121,75.5346,2.6673,0.0662,0.1471,True
0.4428125023841858,PLUS,MT,49592,120,75.1989,2.7576,0.0662,0.1521,True
0.4428125023841858,PLUS,MT,51526,121,75.5346,2.7769,0.0663,0.1533,True
0.4428125023841858,PLUS,MT,49592,120,75.1989,2.7576,0.0663,0.1523,True
0.4428125023841858,PLUS,MT,49837,57,43.9911,2.3605,0.0665,0.1307,True
0.4428125023841858,PLUS,MT,51507,121,75.5346,2.6673,0.0667,0.1484,True
0.4428125023841858,PLUS,MT,51545,121,75.5346,2.6673,0.0668,0.1486,True
0.4428125023841858,PLUS,MT,51545,121,75.5346,2.6673,0.0669,0.1488,True
0.4428125023841858,PLUS,MT,49573,120,75.1989,2.9001,0.0669,0.1618,True
0.4428125023841858,PLUS,MT,51526,121,75.5346,2.7769,0.0671,0.1552,True
0.4428125023841858,PLUS,MT,51507,121,75.5346,2.6673,0.0671,0.1491,True
0.4428125023841858,PLUS,MT,49611,120,75.1989,2.7248,0.0671,0.1523,True
0.4428125023841858,PLUS,MT,51526,121,75.5346,2.7769,0.0672,0.1555,True
0.4428125023841858,PLUS,MT,49601,110,70.3717,2.8248,0.0672,0.1582,True
0.4428125023841858,PLUS,MT,49563,110,70.3717,2.6535,0.0673,0.1489,True
0.4428125023841858,PLUS,MT,49563,110,70.3717,2.6535,0.0681,0.1506,True
0.4428125023841858,PLUS,MT,13585,150,90.0,2.4354,0.0681,0.1382,False
0.4428125023841858,PLUS,MT,13439,150,90.0,2.4302,0.0681,0.138,False
0.4428125023841858,PLUS,MT,49601,110,70.3717,2.8248,0.0683,0.1608,True
0.4428125023841858,PLUS,MT,4210,43,36.6049,2.2099,0.0687,0.1265,True
0.4428125023841858,PLUS,MT,4854,49,39.8427,2.2099,0.0692,0.1274,False
0.4428125023841858,PLUS,MT,48811,21,25.6564,2.7428,0.0697,0.1593,True
0.4428125023841858,PLUS,MT,48947,21,25.6564,2.8051,0.0697,0.163,True
0.4428125023841858,PLUS,MT,49611,120,75.1989,2.7248,0.0698,0.1586,True
0.4428125023841858,PLUS,MT,49573,120,75.1989,2.9001,0.0699,0.1689,True
0.4428125023841858,PLUS,MT,13512,150,90.0,2.4354,0.0701,0.1422,False
0.4428125023841858,PLUS,MT,49582,110,70.3717,2.8031,0.0706,0.165,True
0.4428125023841858,PLUS,MT,49582,110,70.3717,2.8031,0.0708,0.1653,True
0.4428125023841858,PLUS,MT,4928,49,39.8427,2.7016,0.071,0.1598,False
0.4428125023841858,PLUS,MT,4780,49,39.8427,2.7016,0.071,0.1598,False
0.4428125023841858,PLUS,MT,4851,47,38.7535,2.21,0.0712,0.1311,False
0.4428125023841858,PLUS,MT,51418,150,90.0,2.359,0.0712,0.14,True
0.4428125023841858,PLUS,MT,51418,150,90.0,2.359,0.0712,0.14,True
0.4428125023841858,PLUS,MT,51281,0,15.2817,2.1373,0.0716,0.1274,True
0.4428125023841858,PLUS,MT,49582,110,70.3717,2.8031,0.0716,0.1673,True
0.4428125023841858,PLUS,MT,4777,47,38.7535,2.7016,0.0717,0.1614,False
0.4428125023841858,PLUS,MT,4925,47,38.7535,2.2074,0.0717,0.1319,False
0.4428125023841858,PLUS,MT,49582,110,70.3717,2.8031,0.0718,0.1677,True
0.4428125023841858,PLUS,MT,51507,121,75.5346,2.6673,0.0725,0.1612,True
0.4428125023841858,PLUS,MT,4534,45,37.9863,2.7016,0.0726,0.1634,False
0.4428125023841858,PLUS,MT,51545,121,75.5346,2.6673,0.0726,0.1614,True
0.4428125023841858,PLUS,MT,51545,121,75.5346,2.6673,0.0728,0.1619,True
0.4428125023841858,PLUS,MT,48879,21,25.6564,2.4811,0.0729,0.1507,True
0.4428125023841858,PLUS,MT,51526,121,75.5346,2.7769,0.073,0.1689,True
0.4428125023841858,PLUS,MT,51507,121,75.5346,2.6673,0.073,0.1623,True
0.4428125023841858,PLUS,MT,51213,0,15.2817,2.7915,0.073,0.1698,True
0.4428125023841858,PLUS,MT,51349,0,15.2817,1.9673,0.073,0.1198,True
0.4428125023841858,PLUS,MT,50149,134,82.3081,16.5204,0.0731,1.0058,True
0.4428125023841858,PLUS,MT,51526,121,75.5346,2.7769,0.0731,0.1691,True
0.4428125023841858,PLUS,MT,50111,134,82.3081,16.8668,0.0731,1.0272,True
0.4428125023841858,PLUS,MT,50111,134,82.3081,16.8668,0.0731,1.0277,True
0.4428125023841858,PLUS,MT,4608,45,37.9863,2.7016,0.0731,0.1646,False
0.4428125023841858,PLUS,MT,50149,134,82.3081,16.5204,0.0731,1.0068,True
0.4428125023841858,PLUS,MT,4460,45,37.9863,2.2169,0.0731,0.1351,False
0.4428125023841858,PLUS,MT,50130,134,82.3081,2.1285,0.0732,0.1298,True
0.4428125023841858,PLUS,MT,50130,134,82.3081,2.1285,0.0733,0.1299,True
0.4428125023841858,PLUS,MT,4887,150,90.0,2.7016,0.0733,0.165,False
0.4428125023841858,PLUS,MT,49358,22,26.1795,2.2352,0.074,0.1377,True
0.4428125023841858,PLUS,MT,4535,48,39.0255,2.7016,0.0741,0.1667,False
0.4428125023841858,PLUS,MT,4626,78,54.3818,2.7016,0.0741,0.1668,False
0.4428125023841858,PLUS,MT,4478,78,54.3818,2.7016,0.0741,0.1668,False
0.4428125023841858,PLUS,MT,50045,134,82.2436,8.297,0.0753,0.5206,True
0.4428125023841858,PLUS,MT,49290,22,26.1795,2.855,0.0753,0.1793,True
0.4428125023841858,PLUS,MT,50083,134,82.2436,8.1333,0.0754,0.5107,True
0.4428125023841858,PLUS,MT,49426,22,26.1795,2.8091,0.0754,0.1765,True
0.4428125023841858,PLUS,MT,50083,134,82.2436,8.1333,0.0756,0.5122,True
0.4428125023841858,PLUS,MT,50045,134,82.2436,8.297,0.0756,0.5228,True
0.4428125023841858,PLUS,MT,4813,150,90.0,2.7016,0.0756,0.1703,False
0.4428125023841858,PLUS,MT,4961,150,90.0,2.7126,0.0757,0.171,False
0.4428125023841858,PLUS,MT,50064,134,82.2436,2.1351,0.0757,0.1348,True
0.4428125023841858,PLUS,MT,50064,134,82.2436,2.1351,0.0758,0.1349,True
0.4428125023841858,PLUS,MT,32706,72,51.3611,2.8442,0.0758,0.1797,False
0.4428125023841858,PLUS,MT,4461,48,39.0255,2.7016,0.0758,0.1707,False
0.4428125023841858,PLUS,MT,4609,48,39.0255,2.2103,0.0758,0.1397,False
0.4428125023841858,PLUS,MT,50249,72,51.3474,2.2188,0.0762,0.1409,False
0.4428125023841858,PLUS,MT,50337,72,51.3474,2.8105,0.0762,0.1786,False
0.4428125023841858,PLUS,MT,51119,150,90.0,2.2442,0.0763,0.1426,False
0.4428125023841858,PLUS,MT,50973,150,90.0,2.7898,0.0763,0.1773,False
0.4428125023841858,PLUS,MT,49563,110,70.3717,2.6535,0.0766,0.1693,True
0.4428125023841858,PLUS,MT,51418,150,90.0,2.359,0.0766,0.1506,True
0.4428125023841858,PLUS,MT,51418,150,90.0,2.359,0.0766,0.1506,True
0.4428125023841858,PLUS,MT,4552,78,54.3818,2.7016,0.0767,0.1728,False
0.4428125023841858,PLUS,MT,49601,110,70.3717,2.8248,0.0768,0.1808,True
0.4428125023841858,PLUS,MT,50293,72,51.3474,2.8376,0.077,0.1821,False
0.4428125023841858,PLUS,MT,32750,72,51.3611,2.7673,0.0773,0.1783,False
0.4428125023841858,PLUS,MT,32662,72,51.3611,2.2287,0.0774,0.1437,False
0.4428125023841858,PLUS,MT,51532,111,70.6073,2.8016,0.0775,0.181,False
0.4428125023841858,PLUS,MT,51532,111,70.6073,2.8016,0.0776,0.1811,False
0.4428125023841858,PLUS,MT,51551,111,70.6073,2.8683,0.078,0.1864,False
0.4428125023841858,PLUS,MT,51513,111,70.6073,2.8603,0.0781,0.1862,False
0.4428125023841858,PLUS,MT,13448,71,50.5979,1.9881,0.0783,0.1298,False
0.4428125023841858,PLUS,MT,13594,71,50.5979,2.4163,0.0783,0.1578,False
0.4428125023841858,PLUS,MT,50149,134,82.3081,16.5204,0.0784,1.0798,True
0.4428125023841858,PLUS,MT,51437,150,90.0,2.3733,0.0785,0.1552,True
0.4428125023841858,PLUS,MT,51399,150,90.0,2.4381,0.0785,0.1594,True
0.4428125023841858,PLUS,MT,50111,134,82.3081,16.8668,0.0785,1.1032,True
0.4428125023841858,PLUS,MT,50111,134,82.3081,16.8668,0.0786,1.105,True
0.4428125023841858,PLUS,MT,50149,134,82.3081,16.5204,0.0787,1.083,True
0.4428125023841858,PLUS,MT,50130,134,82.3081,2.1285,0.0788,0.1398,True
0.4428125023841858,PLUS,MT,50130,134,82.3081,2.1285,0.0789,0.1399,True
0.4428125023841858,PLUS,MT,51046,150,90.0,2.1994,0.0792,0.1452,False
0.4428125023841858,PLUS,MT,51551,111,70.6073,2.8683,0.0793,0.1897,False
0.4428125023841858,PLUS,MT,51513,111,70.6073,2.8603,0.0794,0.1893,False
0.4428125023841858,PLUS,MT,3811,43,36.8837,2.2071,0.0796,0.1463,True
0.4428125023841858,PLUS,MT,3675,43,36.8837,2.207,0.0796,0.1463,True
0.4428125023841858,PLUS,MT,51051,150,90.0,1.8832,0.0797,0.125,False
0.4428125023841858,PLUS,MT,51437,150,90.0,2.3733,0.08,0.1582,True
0.4428125023841858,PLUS,MT,51399,150,90.0,2.4381,0.08,0.1626,True
0.4428125023841858,PLUS,MT,3758,47,38.6126,2.2073,0.0807,0.1484,True
0.4428125023841858,PLUS,MT,50186,112,71.1591,2.1836,0.0807,0.1468,False
0.4428125023841858,PLUS,MT,51437,150,90.0,2.3733,0.0811,0.1603,True
0.4428125023841858,PLUS,MT,51399,150,90.0,2.4381,0.0811,0.1647,True
0.4428125023841858,PLUS,MT,50978,150,90.0,1.9491,0.0811,0.1317,False
0.4428125023841858,PLUS,MT,51124,150,90.0,1.9491,0.0811,0.1317,False
0.4428125023841858,PLUS,MT,50045,134,82.2436,8.297,0.0812,0.5616,True
0.4428125023841858,PLUS,MT,50083,134,82.2436,8.1333,0.0813,0.5509,True
0.4428125023841858,PLUS,MT,50083,134,82.2436,8.1333,0.0814,0.5518,True
0.4428125023841858,PLUS,MT,50045,134,82.2436,8.297,0.0815,0.5632,True
0.4428125023841858,PLUS,MT,50186,112,71.1591,2.1836,0.0815,0.1483,False
0.4428125023841858,PLUS,MT,13521,71,50.5979,2.5782,0.0815,0.1752,False
0.4428125023841858,PLUS,MT,50064,134,82.2436,2.1351,0.0816,0.1451,True
0.4428125023841858,PLUS,MT,50064,134,82.2436,2.1351,0.0816,0.1452,True
0.4428125023841858,PLUS,MT,3743,43,36.8837,2.7016,0.0822,0.185,True
0.4428125023841858,PLUS,MT,50205,112,71.1591,2.1917,0.0823,0.1503,False
0.4428125023841858,PLUS,MT,51134,71,50.5645,2.4172,0.0825,0.1662,False
0.4428125023841858,PLUS,MT,50988,71,50.5645,2.2188,0.0825,0.1525,False
0.4428125023841858,PLUS,MT,50149,134,82.3081,16.5204,0.0831,1.1443,True
0.4428125023841858,PLUS,MT,50111,134,82.3081,16.8668,0.0832,1.1701,True
0.4428125023841858,PLUS,MT,50111,134,82.3081,16.8668,0.0835,1.1732,True
0.4428125023841858,PLUS,MT,3826,47,38.6126,2.21,0.0835,0.1538,True
0.4428125023841858,PLUS,MT,3690,47,38.6126,2.2071,0.0836,0.1537,True
0.4428125023841858,PLUS,MT,50149,134,82.3081,16.5204,0.0836,1.1509,True
0.4428125023841858,PLUS,MT,50130,134,82.3081,2.1285,0.0837,0.1485,True
0.4428125023841858,PLUS,MT,50130,134,82.3081,2.1285,0.0839,0.1488,True
0.4428125023841858,PLUS,MT,49353,21,25.8923,2.6464,0.0839,0.185,True
0.4428125023841858,PLUS,MT,50167,112,71.1591,2.1791,0.084,0.1525,False
0.4428125023841858,PLUS,MT,51061,71,50.5645,2.2188,0.0855,0.1582,False
0.4428125023841858,PLUS,MT,49421,21,25.8923,2.8051,0.0861,0.2014,True
0.4428125023841858,PLUS,MT,49285,21,25.8923,2.8058,0.0862,0.2015,True
0.4428125023841858,PLUS,MT,50045,134,82.2436,8.297,0.0862,0.5959,True
0.4428125023841858,PLUS,MT,50083,134,82.2436,8.1333,0.0863,0.5851,True
0.4428125023841858,PLUS,MT,50083,134,82.2436,8.1333,0.0867,0.5874,True
0.4428125023841858,PLUS,MT,50045,134,82.2436,8.297,0.0868,0.6001,True
0.4428125023841858,PLUS,MT,50064,134,82.2436,2.1351,0.0869,0.1547,True
0.4428125023841858,PLUS,MT,50064,134,82.2436,2.1351,0.0871,0.1549,True
0.4428125023841858,PLUS,MT,50179,150,90.0,2.4114,0.0881,0.1769,True
0.4428125023841858,PLUS,MT,50179,150,90.0,2.4114,0.0881,0.177,True
0.4428125023841858,PLUS,MT,13454,59,44.7251,1.8177,0.089,0.1349,False
0.4428125023841858,PLUS,MT,13600,59,44.7251,2.4225,0.089,0.1797,False
0.4428125023841858,PLUS,MT,49563,110,70.3717,2.6535,0.0892,0.1973,True
0.4428125023841858,PLUS,MT,49601,110,70.3717,2.8248,0.0894,0.2105,True
0.4428125023841858,PLUS,MT,4141,42,36.3937,2.2102,0.0895,0.1649,True
0.4428125023841858,PLUS,MT,4277,42,36.3937,2.2104,0.0895,0.1649,True
0.4428125023841858,PLUS,MT,50167,112,71.1591,2.1791,0.0897,0.1628,False
0.4428125023841858,PLUS,MT,4623,72,51.208,2.7016,0.0902,0.2031,False
0.4428125023841858,PLUS,MT,4475,72,51.208,2.7016,0.0902,0.2031,False
0.4428125023841858,PLUS,MT,50341,80,55.4754,2.9328,0.0902,0.2205,False
0.4428125023841858,PLUS,MT,50253,80,55.4754,2.8891,0.0903,0.2173,False
0.4428125023841858,PLUS,MT,13527,59,44.7251,2.449,0.0903,0.1843,False
0.4428125023841858,PLUS,MT,50297,80,55.4754,2.8918,0.0903,0.2177,False
0.4428125023841858,PLUS,MT,50205,112,71.1591,2.1917,0.0906,0.1655,False
0.4428125023841858,PLUS,MT,50149,134,82.3081,16.5204,0.0912,1.255,True
0.4428125023841858,PLUS,MT,4209,42,36.3937,2.2071,0.0913,0.1679,True
0.4428125023841858,PLUS,MT,50963,129,79.6937,2.156,0.0913,0.164,False
0.4428125023841858,PLUS,MT,50111,134,82.3081,16.8668,0.0913,1.2835,True
0.4428125023841858,PLUS,MT,51109,129,79.6937,2.156,0.0914,0.1642,False
0.4428125023841858,PLUS,MT,4869,81,55.9244,2.7016,0.0917,0.2064,False
0.4428125023841858,PLUS,MT,13528,60,45.0234,2.4396,0.0918,0.1865,False
0.4428125023841858,PLUS,MT,50111,134,82.3081,16.8668,0.0918,1.2904,True
0.4428125023841858,PLUS,MT,50149,134,82.3081,16.5204,0.0919,1.2658,True
0.4428125023841858,PLUS,MT,32710,81,55.5327,2.8704,0.092,0.22,False
0.4428125023841858,PLUS,MT,13601,60,45.0234,2.3508,0.0921,0.1805,False
0.4428125023841858,PLUS,MT,13455,60,45.0234,2.2291,0.0921,0.1712,False
0.4428125023841858,PLUS,MT,32754,81,55.5327,2.8896,0.0922,0.222,False
0.4428125023841858,PLUS,MT,50130,134,82.3081,2.1285,0.0922,0.1636,True
0.4428125023841858,PLUS,MT,51399,150,90.0,2.4381,0.0923,0.1875,True
0.4428125023841858,PLUS,MT,51437,150,90.0,2.3733,0.0923,0.1825,True
0.4428125023841858,PLUS,MT,32666,81,55.5327,2.4356,0.0923,0.1873,False
0.4428125023841858,PLUS,MT,50130,134,82.3081,2.1285,0.0924,0.1638,True
0.4428125023841858,PLUS,MT,4795,81,55.9244,2.7016,0.0929,0.2092,False
0.4428125023841858,PLUS,MT,4943,81,55.9244,2.7016,0.093,0.2093,False
0.4428125023841858,PLUS,MT,51036,129,79.6937,2.156,0.0931,0.1672,False
0.4428125023841858,PLUS,MT,49582,110,70.3717,2.8031,0.0946,0.2211,True
0.4428125023841858,PLUS,MT,49582,110,70.3717,2.8031,0.0948,0.2216,True
0.4428125023841858,PLUS,MT,50186,112,71.1591,2.1836,0.0951,0.1731,False
0.4428125023841858,PLUS,MT,50045,134,82.2436,8.297,0.0951,0.6577,True
0.4428125023841858,PLUS,MT,50198,150,90.0,2.4194,0.0952,0.192,True
0.4428125023841858,PLUS,MT,50160,150,90.0,2.158,0.0952,0.1713,True
0.4428125023841858,PLUS,MT,50083,134,82.2436,8.1333,0.0953,0.6459,True
0.4428125023841858,PLUS,MT,50186,112,71.1591,2.1836,0.0953,0.1735,False
0.4428125023841858,PLUS,MT,50140,134,82.0921,2.717,0.0954,0.2159,True
0.4428125023841858,PLUS,MT,50102,134,82.0921,2.6697,0.0954,0.2123,True
0.4428125023841858,PLUS,MT,4549,72,51.208,2.7016,0.0955,0.215,False
0.4428125023841858,PLUS,MT,50083,134,82.2436,8.1333,0.0956,0.6478,True
0.4428125023841858,PLUS,MT,50045,134,82.2436,8.297,0.0957,0.6618,True
0.4428125023841858,PLUS,MT,50064,134,82.2436,2.1351,0.0958,0.1705,True
0.4428125023841858,PLUS,MT,50064,134,82.2436,2.1351,0.096,0.1708,True
0.4428125023841858,PLUS,MT,50994,59,44.7227,2.4254,0.0969,0.1958,False
0.4428125023841858,PLUS,MT,51140,59,44.7227,2.4254,0.0969,0.1958,False
0.4428125023841858,PLUS,MT,48952,22,26.3013,2.3244,0.097,0.1878,True
0.4428125023841858,PLUS,MT,48816,22,26.3013,2.2216,0.0971,0.1798,True
0.4428125023841858,PLUS,MT,36914,12,21.0564,2.6955,0.0972,0.2183,False
0.4428125023841858,PLUS,MT,50167,112,71.1591,2.1791,0.0972,0.1765,False
0.4428125023841858,PLUS,MT,51066,60,45.0228,2.424,0.0973,0.1965,False
0.4428125023841858,PLUS,MT,50205,112,71.1591,2.1917,0.0973,0.1777,False
0.4428125023841858,PLUS,MT,51139,60,45.0228,2.4318,0.0978,0.1981,False
0.4428125023841858,PLUS,MT,50993,60,45.0228,2.8003,0.0978,0.2281,False
0.4428125023841858,PLUS,MT,36982,12,21.0564,2.765,0.0981,0.2261,False
0.4428125023841858,PLUS,MT,51067,59,44.7227,2.4253,0.0982,0.1985,False
0.4428125023841858,PLUS,MT,36846,12,21.0564,2.2251,0.0983,0.1822,False
0.4428125023841858,PLUS,MT,50198,150,90.0,2.4194,0.0992,0.2,True
0.4428125023841858,PLUS,MT,50160,150,90.0,2.158,0.0992,0.1784,True
0.4428125023841858,PLUS,MT,50198,150,90.0,2.4194,0.0994,0.2003,True
0.4428125023841858,PLUS,MT,50160,150,90.0,2.158,0.0994,0.1787,True
0.4428125023841858,PLUS,MT,50102,134,82.0921,2.6697,0.1001,0.2228,True
0.4428125023841858,PLUS,MT,50140,134,82.0921,2.717,0.1002,0.2269,True
0.4428125023841858,PLUS,MT,50179,150,90.0,2.4114,0.1014,0.2037,True
0.4428125023841858,PLUS,MT,50179,150,90.0,2.4114,0.1014,0.2037,True
0.4428125023841858,PLUS,MT,49841,59,44.5443,2.3297,0.1017,0.1974,True
0.4428125023841858,PLUS,MT,50054,134,82.0881,2.7471,0.1017,0.2328,True
0.4428125023841858,PLUS,MT,49773,59,44.5443,2.2216,0.1017,0.1883,True
0.4428125023841858,PLUS,MT,49909,59,44.5443,2.3068,0.1018,0.1956,True
0.4428125023841858,PLUS,MT,50092,134,82.0881,2.7433,0.1018,0.2327,True
0.4428125023841858,PLUS,MT,48884,22,26.3013,2.4746,0.102,0.2103,True
0.4428125023841858,PLUS,MT,50121,134,82.0921,2.1667,0.1023,0.1846,True
0.4428125023841858,PLUS,MT,50121,134,82.0921,2.1667,0.1024,0.1848,True
0.4428125023841858,PLUS,MT,49289,22,26.3007,2.2188,0.1029,0.1902,True
0.4428125023841858,PLUS,MT,49425,22,26.3007,2.7346,0.103,0.2347,True
0.4428125023841858,PLUS,MT,13519,76,53.0329,2.2234,0.1034,0.1917,False
0.4428125023841858,PLUS,MT,50167,112,71.1591,2.1791,0.1036,0.1881,False
0.4428125023841858,PLUS,MT,50205,112,71.1591,2.1917,0.1045,0.1909,False
0.4428125023841858,PLUS,MT,48880,21,25.8931,2.6341,0.1046,0.2296,True
0.4428125023841858,PLUS,MT,50092,134,82.0881,2.7433,0.1047,0.2393,True
0.4428125023841858,PLUS,MT,49357,22,26.3007,2.5332,0.1047,0.221,True
0.4428125023841858,PLUS,MT,50054,134,82.0881,2.7471,0.1048,0.2398,True
0.4428125023841858,PLUS,MT,48948,21,25.8931,2.8091,0.1048,0.2454,True
0.4428125023841858,PLUS,MT,48812,21,25.8931,2.6915,0.1048,0.2351,True
0.4428125023841858,PLUS,MT,36473,12,21.0491,2.6931,0.1049,0.2354,False
0.4428125023841858,PLUS,MT,50187,126,78.3537,13.2538,0.1051,1.1603,True
0.4428125023841858,PLUS,MT,36405,12,21.0491,2.7164,0.1051,0.238,False
0.4428125023841858,PLUS,MT,36541,12,21.0491,2.7164,0.1053,0.2384,False
0.4428125023841858,PLUS,MT,50187,126,78.3537,13.2538,0.1053,1.1633,True
0.4428125023841858,PLUS,MT,50073,134,82.0881,2.173,0.1061,0.192,True
0.4428125023841858,PLUS,MT,50073,134,82.0881,2.173,0.1061,0.1922,True
0.4428125023841858,PLUS,MT,50168,126,78.3537,43.7852,0.1066,3.8885,True
0.4428125023841858,PLUS,MT,36472,12,21.0615,2.7671,0.107,0.2468,False
0.4428125023841858,PLUS,MT,49673,77,53.8482,2.9084,0.1072,0.2597,False
0.4428125023841858,PLUS,MT,49705,77,53.8482,2.7315,0.1072,0.2439,False
0.4428125023841858,PLUS,MT,49641,77,53.8482,2.8245,0.1072,0.2523,False
0.4428125023841858,PLUS,MT,50206,126,78.3537,32.3222,0.1072,2.8877,True
0.4428125023841858,PLUS,MT,50198,150,90.0,2.4194,0.1072,0.2162,True
0.4428125023841858,PLUS,MT,50160,150,90.0,2.158,0.1072,0.1928,True
0.4428125023841858,PLUS,MT,50206,126,78.3537,32.3222,0.108,2.9078,True
0.4428125023841858,PLUS,MT,50168,126,78.3537,43.7852,0.1081,3.9433,True
0.4428125023841858,PLUS,MT,48898,24,27.0995,2.2251,0.1083,0.2008,False
0.4428125023841858,PLUS,MT,50131,150,90.0,2.0781,0.1085,0.1879,True
0.4428125023841858,PLUS,MT,50131,150,90.0,2.0781,0.1085,0.1879,True
0.4428125023841858,PLUS,MT,50112,150,90.0,19.9871,0.1086,1.8089,True
0.4428125023841858,PLUS,MT,50150,150,90.0,17.7913,0.1086,1.6102,True
0.4428125023841858,PLUS,MT,50150,150,90.0,17.7913,0.1089,1.6145,True
0.4428125023841858,PLUS,MT,50112,150,90.0,19.9871,0.1089,1.8138,True
0.4428125023841858,PLUS,MT,36877,10,20.4166,2.5089,0.1094,0.2288,True
0.4428125023841858,PLUS,MT,37013,10,20.4166,2.5089,0.1094,0.2288,True
0.4428125023841858,PLUS,MT,50065,150,90.0,2.0842,0.1099,0.1909,True
0.4428125023841858,PLUS,MT,48830,24,27.0995,2.2216,0.1099,0.2035,False
0.4428125023841858,PLUS,MT,50065,150,90.0,2.0842,0.1099,0.1909,True
0.4428125023841858,PLUS,MT,50084,150,90.0,8.3527,0.1102,0.7668,True
0.4428125023841858,PLUS,MT,50046,150,90.0,8.4651,0.1102,0.7771,True
0.4428125023841858,PLUS,MT,48966,24,27.0995,2.7292,0.1102,0.2507,False
0.4428125023841858,PLUS,MT,50131,150,90.0,2.0781,0.1103,0.1911,True
0.4428125023841858,PLUS,MT,50131,150,90.0,2.0781,0.1103,0.1911,True
0.4428125023841858,PLUS,MT,50150,150,90.0,17.7913,0.1104,1.6361,True
0.4428125023841858,PLUS,MT,50112,150,90.0,19.9871,0.1104,1.838,True
0.4428125023841858,PLUS,MT,50150,150,90.0,17.7913,0.1105,1.639,True
0.4428125023841858,PLUS,MT,50112,150,90.0,19.9871,0.1105,1.8413,True
0.4428125023841858,PLUS,MT,50084,150,90.0,8.3527,0.1109,0.7716,True
0.4428125023841858,PLUS,MT,50046,150,90.0,8.4651,0.1109,0.782,True
0.4428125023841858,PLUS,MT,36404,12,21.0615,2.4732,0.1109,0.2286,False
0.4428125023841858,PLUS,MT,4558,99,64.5656,2.7016,0.111,0.2499,False
0.4428125023841858,PLUS,MT,36540,12,21.0615,2.4732,0.1113,0.2294,False
0.4428125023841858,PLUS,MT,4484,99,64.5656,2.7016,0.1119,0.252,False
0.4428125023841858,PLUS,MT,50065,150,90.0,2.0842,0.112,0.1946,True
0.4428125023841858,PLUS,MT,50065,150,90.0,2.0842,0.112,0.1946,True
0.4428125023841858,PLUS,MT,50084,150,90.0,8.3527,0.1122,0.7811,True
0.4428125023841858,PLUS,MT,50046,150,90.0,8.4651,0.1122,0.7917,True
0.4428125023841858,PLUS,MT,4632,99,64.5656,2.7016,0.1125,0.2533,False
0.4428125023841858,PLUS,MT,50084,150,90.0,8.3527,0.1128,0.7852,True
0.4428125023841858,PLUS,MT,50046,150,90.0,8.4651,0.1128,0.7958,True
0.4428125023841858,PLUS,MT,49371,24,27.1004,2.2188,0.1128,0.2086,True
0.4428125023841858,PLUS,MT,4556,90,60.2706,2.7016,0.1134,0.2552,False
0.4428125023841858,PLUS,MT,51059,75,52.9889,2.3802,0.1134,0.2249,False
0.4428125023841858,PLUS,MT,36945,10,20.4166,2.5044,0.1146,0.2392,True
0.4428125023841858,PLUS,MT,50140,134,82.0921,2.717,0.1148,0.2599,True
0.4428125023841858,PLUS,MT,50102,134,82.0921,2.6697,0.1151,0.2562,True
0.4428125023841858,PLUS,MT,51047,150,90.0,2.3149,0.1154,0.2227,False
0.4428125023841858,PLUS,MT,49439,24,27.1004,2.5166,0.1163,0.2439,True
0.4428125023841858,PLUS,MT,49303,24,27.1004,2.2216,0.1164,0.2155,True
0.4428125023841858,PLUS,MT,50131,150,90.0,2.0781,0.1164,0.2016,True
0.4428125023841858,PLUS,MT,50131,150,90.0,2.0781,0.1164,0.2016,True
0.4428125023841858,PLUS,MT,50150,150,90.0,17.7913,0.1165,1.7274,True
0.4428125023841858,PLUS,MT,50112,150,90.0,19.9871,0.1165,1.9406,True
0.4428125023841858,PLUS,MT,51120,150,90.0,2.3055,0.1166,0.2239,False
0.4428125023841858,PLUS,MT,50974,150,90.0,2.3055,0.1166,0.2239,False
0.4428125023841858,PLUS,MT,50150,150,90.0,17.7913,0.1167,1.7309,True
0.4428125023841858,PLUS,MT,50112,150,90.0,19.9871,0.1167,1.9445,True
0.4428125023841858,PLUS,MT,13446,76,53.0329,2.2149,0.1173,0.2166,False
0.4428125023841858,PLUS,MT,13592,76,53.0329,2.231,0.1174,0.2182,False
0.4428125023841858,PLUS,MT,45139,77,53.8434,2.9159,0.1179,0.2864,False
0.4428125023841858,PLUS,MT,45171,77,53.8434,2.9057,0.1179,0.2855,False
0.4428125023841858,PLUS,MT,45107,77,53.8434,2.159,0.1179,0.2121,False
0.4428125023841858,PLUS,MT,4206,45,37.5631,2.7016,0.118,0.2657,True
0.4428125023841858,PLUS,MT,49900,55,42.7516,2.3245,0.1181,0.2287,True
0.4428125023841858,PLUS,MT,50131,150,90.0,2.0781,0.1182,0.2046,True
0.4428125023841858,PLUS,MT,50131,150,90.0,2.0781,0.1182,0.2047,True
0.4428125023841858,PLUS,MT,50150,150,90.0,17.7913,0.1182,1.7524,True
0.4428125023841858,PLUS,MT,50112,150,90.0,19.9871,0.1182,1.9687,True
0.4428125023841858,PLUS,MT,49764,55,42.7516,2.2188,0.1183,0.2186,True
0.4428125023841858,PLUS,MT,50150,150,90.0,17.7913,0.1183,1.754,True
0.4428125023841858,PLUS,MT,50112,150,90.0,19.9871,0.1183,1.9705,True
0.4428125023841858,PLUS,MT,50102,134,82.0921,2.6697,0.1184,0.2633,True
0.4428125023841858,PLUS,MT,50140,134,82.0921,2.717,0.1186,0.2686,True
0.4428125023841858,PLUS,MT,50065,150,90.0,2.0842,0.1189,0.2065,True
0.4428125023841858,PLUS,MT,50065,150,90.0,2.0842,0.1189,0.2065,True
0.4428125023841858,PLUS,MT,50084,150,90.0,8.3527,0.1192,0.8295,True
0.4428125023841858,PLUS,MT,50046,150,90.0,8.4651,0.1192,0.8407,True
0.4428125023841858,PLUS,MT,12815,0,15.0684,2.412,0.1192,0.2396,False
0.4428125023841858,PLUS,MT,12679,0,15.0684,2.4225,0.1193,0.2408,False
0.4428125023841858,PLUS,MT,44689,57,43.6524,2.9006,0.1195,0.2888,True
0.4428125023841858,PLUS,MT,12747,0,15.0684,2.4153,0.1197,0.241,False
0.4428125023841858,PLUS,MT,50084,150,90.0,8.3527,0.1199,0.8348,True
0.4428125023841858,PLUS,MT,50046,150,90.0,8.4651,0.1199,0.8461,True
0.4428125023841858,PLUS,MT,50121,134,82.0921,2.1667,0.1201,0.2168,True
0.4428125023841858,PLUS,MT,50121,134,82.0921,2.1667,0.1204,0.2174,True
0.4428125023841858,PLUS,MT,4482,90,60.2706,2.7016,0.1206,0.2716,False
0.4428125023841858,PLUS,MT,4630,90,60.2706,2.7016,0.1209,0.2722,False
0.4428125023841858,PLUS,MT,50065,150,90.0,2.0842,0.121,0.2101,True
0.4428125023841858,PLUS,MT,50065,150,90.0,2.0842,0.121,0.2101,True
0.4428125023841858,PLUS,MT,50084,150,90.0,8.3527,0.1212,0.8436,True
0.4428125023841858,PLUS,MT,50046,150,90.0,8.4651,0.1212,0.855,True
0.4428125023841858,PLUS,MT,4137,45,37.5003,2.7016,0.1213,0.2731,True
0.4428125023841858,PLUS,MT,4273,45,37.5003,2.1451,0.1213,0.2169,True
0.4428125023841858,PLUS,MT,50084,150,90.0,8.3527,0.1218,0.848,True
0.4428125023841858,PLUS,MT,50046,150,90.0,8.4651,0.1218,0.8594,True
0.4428125023841858,PLUS,MT,49671,74,52.2854,2.903,0.1219,0.295,False
0.4428125023841858,PLUS,MT,4274,45,37.5631,2.7016,0.1219,0.2745,True
0.4428125023841858,PLUS,MT,4138,45,37.5631,2.7016,0.122,0.2747,True
0.4428125023841858,PLUS,MT,50054,134,82.0881,2.7471,0.122,0.2793,True
0.4428125023841858,PLUS,MT,50092,134,82.0881,2.7433,0.1224,0.2798,True
0.4428125023841858,PLUS,MT,49639,74,52.2854,2.6426,0.1235,0.2719,False
0.4428125023841858,PLUS,MT,49703,74,52.2854,2.7249,0.1235,0.2803,False
0.4428125023841858,PLUS,MT,50092,134,82.0881,2.7433,0.1238,0.283,True
0.4428125023841858,PLUS,MT,50054,134,82.0881,2.7471,0.1241,0.2841,True
0.4428125023841858,PLUS,MT,13450,66,48.4288,2.2227,0.1245,0.2306,False
0.4428125023841858,PLUS,MT,13596,66,48.4288,2.4183,0.1245,0.2509,False
0.4428125023841858,PLUS,MT,50073,134,82.0881,2.173,0.1248,0.226,True
0.4428125023841858,PLUS,MT,50073,134,82.0881,2.173,0.1251,0.2265,True
0.4428125023841858,PLUS,MT,36526,10,20.4127,2.6209,0.126,0.2751,True
0.4428125023841858,PLUS,MT,36390,10,20.4127,2.6209,0.1261,0.2754,True
0.4428125023841858,PLUS,MT,44685,55,42.6071,2.2345,0.1263,0.2351,True
0.4428125023841858,PLUS,MT,49832,55,42.7516,2.722,0.1274,0.2891,True
0.4428125023841858,PLUS,MT,50198,150,90.0,2.4194,0.1276,0.2574,True
0.4428125023841858,PLUS,MT,50160,150,90.0,2.158,0.1277,0.2296,True
0.4428125023841858,PLUS,MT,50044,125,77.5852,13.7108,0.1283,1.4655,True
0.4428125023841858,PLUS,MT,51043,150,90.0,2.7541,0.1284,0.2946,False
0.4428125023841858,PLUS,MT,13523,66,48.4288,2.6235,0.1284,0.2808,False
0.4428125023841858,PLUS,MT,50082,125,77.5852,14.3134,0.1288,1.5365,True
0.4428125023841858,PLUS,MT,50082,125,77.5852,14.3134,0.1289,1.5374,True
0.4428125023841858,PLUS,MT,50965,112,71.443,2.2772,0.129,0.2448,False
0.4428125023841858,PLUS,MT,51111,112,71.443,2.2772,0.1291,0.245,False
0.4428125023841858,PLUS,MT,50063,125,77.5852,10.2302,0.1292,1.1017,True
0.4428125023841858,PLUS,MT,50044,125,77.5852,13.7108,0.1294,1.4784,True
0.4428125023841858,PLUS,MT,51038,112,71.443,2.3046,0.1298,0.2493,False
0.4428125023841858,PLUS,MT,50063,125,77.5852,10.2302,0.1298,1.107,True
0.4428125023841858,PLUS,MT,51132,75,52.9889,2.4162,0.13,0.2617,False
0.4428125023841858,PLUS,MT,50986,75,52.9889,2.2216,0.13,0.2406,False
0.4428125023841858,PLUS,MT,36458,10,20.4127,2.5058,0.1308,0.2732,True
0.4428125023841858,PLUS,MT,4486,108,69.469,2.2103,0.1315,0.2421,False
0.4428125023841858,PLUS,MT,51136,66,48.4074,2.6294,0.1322,0.2897,False
0.4428125023841858,PLUS,MT,50990,66,48.4074,2.8458,0.1322,0.3135,False
0.4428125023841858,PLUS,MT,4634,108,69.469,2.2103,0.1327,0.2443,False
0.4428125023841858,PLUS,MT,50140,134,82.0921,2.717,0.1329,0.301,True
0.4428125023841858,PLUS,MT,50102,134,82.0921,2.6697,0.1331,0.2962,True
0.4428125023841858,PLUS,MT,50187,126,78.3537,13.2538,0.1333,1.4727,True
0.4428125023841858,PLUS,MT,50187,126,78.3537,13.2538,0.1336,1.4758,True
0.4428125023841858,PLUS,MT,50168,126,78.3537,43.7852,0.1339,4.8862,True
0.4428125023841858,PLUS,MT,50129,125,77.591,15.3095,0.134,1.7093,True
0.4428125023841858,PLUS,MT,50110,125,77.591,39.9069,0.1341,4.458,True
0.4428125023841858,PLUS,MT,50168,126,78.3537,43.7852,0.1341,4.8943,True
0.4428125023841858,PLUS,MT,50148,125,77.591,31.0638,0.1342,3.4742,True
0.4428125023841858,PLUS,MT,50206,126,78.3537,32.3222,0.1342,3.615,True
0.4428125023841858,PLUS,MT,4560,108,69.469,2.7016,0.1346,0.3029,False
0.4428125023841858,PLUS,MT,50129,125,77.591,15.3095,0.1347,1.7183,True
0.4428125023841858,PLUS,MT,50148,125,77.591,31.0638,0.1347,3.4873,True
0.4428125023841858,PLUS,MT,45137,74,52.2733,2.9043,0.1349,0.3264,False
0.4428125023841858,PLUS,MT,48883,22,26.178,2.5368,0.1349,0.2852,True
0.4428125023841858,PLUS,MT,50110,125,77.591,39.9069,0.1349,4.4868,True
0.4428125023841858,PLUS,MT,50206,126,78.3537,32.3222,0.135,3.6353,True
0.4428125023841858,PLUS,MT,44617,55,42.6071,2.2216,0.1353,0.2505,True
0.4428125023841858,PLUS,MT,44753,55,42.6071,2.2216,0.1353,0.2505,True
0.4428125023841858,PLUS,MT,4205,45,37.5003,2.7016,0.1353,0.3047,True
0.4428125023841858,PLUS,MT,51063,66,48.4074,2.4203,0.1358,0.274,False
0.4428125023841858,PLUS,MT,48815,22,26.178,2.5366,0.1359,0.2872,True
0.4428125023841858,PLUS,MT,48951,22,26.178,2.5366,0.1359,0.2873,True
0.4428125023841858,PLUS,MT,49707,81,55.604,2.607,0.1361,0.2958,False
0.4428125023841858,PLUS,MT,49643,81,55.604,2.7632,0.1362,0.3135,False
0.4428125023841858,PLUS,MT,45169,74,52.2733,2.898,0.1364,0.3294,False
0.4428125023841858,PLUS,MT,45105,74,52.2733,2.898,0.1364,0.3294,False
0.4428125023841858,PLUS,MT,4860,58,44.0641,2.2099,0.1366,0.2516,False
0.4428125023841858,PLUS,MT,49675,81,55.604,2.9145,0.1367,0.332,False
0.4428125023841858,PLUS,MT,36527,10,20.4558,2.5098,0.1376,0.2878,True
0.4428125023841858,PLUS,MT,36391,10,20.4558,2.5098,0.1377,0.2879,True
0.4428125023841858,PLUS,MT,13441,150,90.0,2.076,0.1379,0.2386,False
0.4428125023841858,PLUS,MT,13587,150,90.0,1.7793,0.1379,0.2045,False
0.4428125023841858,PLUS,MT,4786,58,44.0641,2.2099,0.1379,0.254,False
0.4428125023841858,PLUS,MT,4934,58,44.0641,2.7016,0.1379,0.3105,False
0.4428125023841858,PLUS,MT,4803,114,72.3349,2.7016,0.1393,0.3135,True
0.4428125023841858,PLUS,MT,50102,134,82.0921,2.6697,0.1396,0.3105,True
0.4428125023841858,PLUS,MT,4951,114,72.3349,2.0945,0.1396,0.2437,True
0.4428125023841858,PLUS,MT,50140,134,82.0921,2.717,0.1397,0.3163,True
0.4428125023841858,PLUS,MT,36459,10,20.4558,2.5091,0.1397,0.2921,True
0.4428125023841858,PLUS,MT,50187,126,78.3537,13.2538,0.1402,1.5485,True
0.4428125023841858,PLUS,MT,50187,126,78.3537,13.2538,0.1408,1.5555,True
0.4428125023841858,PLUS,MT,50054,134,82.0881,2.7471,0.1408,0.3224,True
0.4428125023841858,PLUS,MT,50092,134,82.0881,2.7433,0.141,0.3224,True
0.4428125023841858,PLUS,MT,49768,58,44.087,2.7901,0.1413,0.3285,True
0.4428125023841858,PLUS,MT,49904,58,44.087,2.8901,0.1415,0.3407,True
0.4428125023841858,PLUS,MT,4852,47,38.578,2.2071,0.1416,0.2605,False
0.4428125023841858,PLUS,MT,44762,58,44.4778,2.2908,0.1417,0.2706,True
0.4428125023841858,PLUS,MT,50206,126,78.3537,32.3222,0.1419,3.823,True
0.4428125023841858,PLUS,MT,36915,12,21.0651,2.7531,0.1425,0.327,False
0.4428125023841858,PLUS,MT,50168,126,78.3537,43.7852,0.1426,5.2048,True
0.4428125023841858,PLUS,MT,50121,134,82.0921,2.1667,0.1427,0.2576,True
0.4428125023841858,PLUS,MT,50121,134,82.0921,2.1667,0.1428,0.2579,True
0.4428125023841858,PLUS,MT,44626,58,44.4778,2.2908,0.1429,0.2727,True
0.4428125023841858,PLUS,MT,36464,11,20.7844,2.3263,0.1433,0.2778,True
0.4428125023841858,PLUS,MT,13514,150,90.0,2.2128,0.1435,0.2647,False
0.4428125023841858,PLUS,MT,4230,47,38.5787,2.2071,0.1445,0.2657,True
0.4428125023841858,PLUS,MT,36983,12,21.0651,2.6932,0.1449,0.3252,False
0.4428125023841858,PLUS,MT,36847,12,21.0651,2.6903,0.145,0.3251,False
0.4428125023841858,PLUS,MT,50206,126,78.3537,32.3222,0.145,3.9063,True
0.4428125023841858,PLUS,MT,36916,12,21.1672,2.6799,0.1453,0.3245,False
0.4428125023841858,PLUS,MT,50092,134,82.0881,2.7433,0.1454,0.3324,True
0.4428125023841858,PLUS,MT,50054,134,82.0881,2.7471,0.1456,0.3332,True
0.4428125023841858,PLUS,MT,50970,150,90.0,2.2037,0.1463,0.2687,False
0.4428125023841858,PLUS,MT,51116,150,90.0,2.9179,0.1463,0.3558,False
0.4428125023841858,PLUS,MT,50168,126,78.3537,43.7852,0.1464,5.3434,True
0.4428125023841858,PLUS,MT,36532,11,20.7844,2.3697,0.1467,0.2897,True
0.4428125023841858,PLUS,MT,4877,114,72.3349,2.0767,0.1471,0.2546,True
0.4428125023841858,PLUS,MT,49836,58,44.087,2.6416,0.1472,0.3241,True
0.4428125023841858,PLUS,MT,36396,11,20.7844,2.3697,0.1475,0.2912,True
0.4428125023841858,PLUS,MT,44694,58,44.4778,2.2101,0.1476,0.2718,True
0.4428125023841858,PLUS,MT,50073,134,82.0881,2.173,0.1476,0.2673,True
0.4428125023841858,PLUS,MT,12813,0,15.1253,1.7718,0.1477,0.2181,False
0.4428125023841858,PLUS,MT,50073,134,82.0881,2.173,0.1478,0.2676,True
0.4428125023841858,PLUS,MT,44687,56,43.1593,25.6861,0.1478,3.1646,True
0.4428125023841858,PLUS,MT,12677,0,15.1253,2.4202,0.1479,0.2982,False
0.4428125023841858,PLUS,MT,12745,0,15.1253,2.2094,0.1481,0.2727,False
0.4428125023841858,PLUS,MT,4533,45,37.817,2.7016,0.1485,0.3344,False
0.4428125023841858,PLUS,MT,36984,12,21.1672,2.7596,0.1485,0.3416,False
0.4428125023841858,PLUS,MT,36848,12,21.1672,2.7524,0.1488,0.3413,False
0.4428125023841858,PLUS,MT,51426,112,71.4095,2.6354,0.1494,0.3282,False
0.4428125023841858,PLUS,MT,50179,150,90.0,2.4114,0.1516,0.3047,True
0.4428125023841858,PLUS,MT,50179,150,90.0,2.4114,0.1516,0.3047,True
0.4428125023841858,PLUS,MT,45109,81,55.6013,2.1326,0.1521,0.2703,False
0.4428125023841858,PLUS,MT,45173,81,55.6013,2.9262,0.1521,0.3709,False
0.4428125023841858,PLUS,MT,3741,42,36.3514,2.2099,0.1521,0.2801,True
0.4428125023841858,PLUS,MT,3809,42,36.3514,2.2102,0.1526,0.2811,True
0.4428125023841858,PLUS,MT,3673,42,36.3514,2.2099,0.1527,0.2812,True
0.4428125023841858,PLUS,MT,45141,81,55.6013,2.9254,0.1528,0.3726,False
0.4428125023841858,PLUS,MT,50198,150,90.0,2.4194,0.1529,0.3083,True
0.4428125023841858,PLUS,MT,50160,150,90.0,2.158,0.1529,0.275,True
0.4428125023841858,PLUS,MT,50186,112,71.1591,2.1836,0.1535,0.2794,False
0.4428125023841858,PLUS,MT,51388,112,71.4095,2.6409,0.1547,0.3405,False
0.4428125023841858,PLUS,MT,50205,112,71.1591,2.1917,0.1549,0.283,False
0.4428125023841858,PLUS,MT,51408,126,78.1124,13.478,0.1553,1.7442,True
0.4428125023841858,PLUS,MT,51408,126,78.1124,13.478,0.156,1.7525,True
0.4428125023841858,PLUS,MT,49709,84,57.4338,2.6678,0.1564,0.3477,False
0.4428125023841858,PLUS,MT,49645,84,57.4338,2.7199,0.1564,0.3546,False
0.4428125023841858,PLUS,MT,50186,112,71.1591,2.1836,0.1565,0.2847,False
0.4428125023841858,PLUS,MT,49677,84,57.4338,2.9558,0.1566,0.3858,False
0.4428125023841858,PLUS,MT,51388,112,71.4095,2.6409,0.157,0.3454,False
0.4428125023841858,PLUS,MT,51426,112,71.4095,2.6354,0.1571,0.3449,False
0.4428125023841858,PLUS,MT,51407,112,71.4095,2.6322,0.1572,0.3448,False
0.4428125023841858,PLUS,MT,51427,126,78.1124,22.8162,0.1576,2.9958,True
0.4428125023841858,PLUS,MT,51389,126,78.1124,19.7419,0.1583,2.6047,True
0.4428125023841858,PLUS,MT,51389,126,78.1124,19.7419,0.1591,2.617,True
0.4428125023841858,PLUS,MT,50167,112,71.1591,2.1791,0.1591,0.2889,False
0.4428125023841858,PLUS,MT,51427,126,78.1124,22.8162,0.1599,3.0396,True
0.4428125023841858,PLUS,MT,44755,56,43.1593,2.2129,0.1599,0.2949,True
0.4428125023841858,PLUS,MT,44619,56,43.1593,2.2216,0.1602,0.2966,True
0.4428125023841858,PLUS,MT,13318,0,15.0934,2.3058,0.1604,0.3083,False
0.4428125023841858,PLUS,MT,13386,0,15.0934,2.158,0.1612,0.2898,False
0.4428125023841858,PLUS,MT,51407,112,71.4095,2.6322,0.1612,0.3536,False
0.4428125023841858,PLUS,MT,51389,126,78.1124,19.7419,0.1616,2.6587,True
0.4428125023841858,PLUS,MT,13250,0,15.0934,2.3117,0.1617,0.3114,False
0.4428125023841858,PLUS,MT,51427,126,78.1124,22.8162,0.1621,3.0815,True
0.4428125023841858,PLUS,MT,36474,12,21.1716,2.7606,0.1631,0.3753,False
0.4428125023841858,PLUS,MT,51408,126,78.1124,13.478,0.1632,1.8334,True
0.4428125023841858,PLUS,MT,50044,125,77.5852,13.7108,0.1636,1.869,True
0.4428125023841858,PLUS,MT,50167,112,71.1591,2.1791,0.1637,0.2973,False
0.4428125023841858,PLUS,MT,51408,126,78.1124,13.478,0.1638,1.8395,True
0.4428125023841858,PLUS,MT,51427,126,78.1124,22.8162,0.164,3.1187,True
0.4428125023841858,PLUS,MT,50082,125,77.5852,14.3134,0.1645,1.9625,True
0.4428125023841858,PLUS,MT,36406,12,21.1716,2.2108,0.1647,0.3035,False
0.4428125023841858,PLUS,MT,50082,125,77.5852,14.3134,0.1648,1.9656,True
0.4428125023841858,PLUS,MT,51389,126,78.1124,19.7419,0.1649,2.7129,True
0.4428125023841858,PLUS,MT,44758,57,43.9197,2.2632,0.1651,0.3115,True
0.4428125023841858,PLUS,MT,50044,125,77.5852,13.7108,0.1653,1.8892,True
0.4428125023841858,PLUS,MT,36542,12,21.1716,2.7524,0.1654,0.3795,False
0.4428125023841858,PLUS,MT,50063,125,77.5852,10.2302,0.1656,1.4114,True
0.4428125023841858,PLUS,MT,50044,125,77.5852,13.7108,0.1656,1.8924,True
0.4428125023841858,PLUS,MT,44622,57,43.9197,2.2632,0.1662,0.3135,True
0.4428125023841858,PLUS,MT,50082,125,77.5852,14.3134,0.1664,1.9843,True
0.4428125023841858,PLUS,MT,50063,125,77.5852,10.2302,0.1665,1.4193,True
0.4428125023841858,PLUS,MT,50082,125,77.5852,14.3134,0.1667,1.9879,True
0.4428125023841858,PLUS,MT,50063,125,77.5852,10.2302,0.167,1.4241,True
0.4428125023841858,PLUS,MT,50044,125,77.5852,13.7108,0.1676,1.9155,True
0.4428125023841858,PLUS,MT,50063,125,77.5852,10.2302,0.1684,1.4356,True
0.4428125023841858,PLUS,MT,50205,112,71.1591,2.1917,0.1685,0.3078,False
0.4428125023841858,PLUS,MT,50140,134,82.0921,2.717,0.1712,0.3875,True
0.4428125023841858,PLUS,MT,50102,134,82.0921,2.6697,0.1719,0.3825,True
0.4428125023841858,PLUS,MT,50129,125,77.591,15.3095,0.172,2.1941,True
0.4428125023841858,PLUS,MT,50110,125,77.591,39.9069,0.1721,5.724,True
0.4428125023841858,PLUS,MT,3677,44,37.3461,2.7235,0.1723,0.3912,True
0.4428125023841858,PLUS,MT,50148,125,77.591,31.0638,0.1725,4.4655,True
0.4428125023841858,PLUS,MT,3813,44,37.3461,2.7016,0.1725,0.3885,True
0.4428125023841858,PLUS,MT,50141,124,77.0381,2.71,0.1726,0.3897,True
0.4428125023841858,PLUS,MT,50129,125,77.591,15.3095,0.173,2.2077,True
0.4428125023841858,PLUS,MT,50148,125,77.591,31.0638,0.1731,4.4813,True
0.4428125023841858,PLUS,MT,50110,125,77.591,39.9069,0.1736,5.7727,True
0.4428125023841858,PLUS,MT,50120,150,90.0,2.0832,0.1737,0.3016,True
0.4428125023841858,PLUS,MT,50120,150,90.0,2.0832,0.1737,0.3016,True
0.4428125023841858,PLUS,MT,50129,125,77.591,15.3095,0.1738,2.2171,True
0.4428125023841858,PLUS,MT,50103,124,77.0381,2.1176,0.1739,0.3068,True
0.4428125023841858,PLUS,MT,50110,125,77.591,39.9069,0.1741,5.7896,True
0.4428125023841858,PLUS,MT,36475,12,21.1594,2.6753,0.1743,0.3885,False
0.4428125023841858,PLUS,MT,44690,57,43.9197,2.159,0.1749,0.3146,True
0.4428125023841858,PLUS,MT,50148,125,77.591,31.0638,0.175,4.5309,True
0.4428125023841858,PLUS,MT,50139,150,90.0,2.1761,0.1752,0.3178,True
0.4428125023841858,PLUS,MT,50101,150,90.0,2.1761,0.1753,0.3178,True
0.4428125023841858,PLUS,MT,50129,125,77.591,15.3095,0.1753,2.2361,True
0.4428125023841858,PLUS,MT,50103,124,77.0381,2.1176,0.1756,0.3099,True
0.4428125023841858,PLUS,MT,50148,125,77.591,31.0638,0.1756,4.5464,True
0.4428125023841858,PLUS,MT,13457,56,43.3538,2.2286,0.1758,0.3265,False
0.4428125023841858,PLUS,MT,13603,56,43.3538,2.3117,0.176,0.339,False
0.4428125023841858,PLUS,MT,50053,124,77.0374,2.7091,0.1763,0.3979,True
0.4428125023841858,PLUS,MT,50110,125,77.591,39.9069,0.1765,5.8691,True
0.4428125023841858,PLUS,MT,50102,134,82.0921,2.6697,0.1766,0.3928,True
0.4428125023841858,PLUS,MT,50141,124,77.0381,2.71,0.1766,0.3989,True
0.4428125023841858,PLUS,MT,50122,124,77.0381,2.2382,0.1766,0.3295,True
0.4428125023841858,PLUS,MT,50140,134,82.0921,2.717,0.177,0.4008,True
0.4428125023841858,PLUS,MT,50141,124,77.0381,2.71,0.1771,0.3999,True
0.4428125023841858,PLUS,MT,50091,124,77.0374,2.8414,0.1775,0.4202,True
0.4428125023841858,PLUS,MT,45111,84,57.4227,2.2964,0.1777,0.34,False
0.4428125023841858,PLUS,MT,45175,84,57.4227,2.9878,0.1777,0.4424,False
0.4428125023841858,PLUS,MT,50103,124,77.0381,2.1176,0.1779,0.3139,True
0.4428125023841858,PLUS,MT,45143,84,57.4227,2.9489,0.178,0.4375,False
0.4428125023841858,PLUS,MT,50103,124,77.0381,2.1176,0.178,0.3142,True
0.4428125023841858,PLUS,MT,50122,124,77.0381,2.2382,0.178,0.3321,True
0.4428125023841858,PLUS,MT,13498,112,71.4778,2.1903,0.1782,0.3253,False
0.4428125023841858,PLUS,MT,50091,124,77.0374,2.8414,0.1782,0.422,True
0.4428125023841858,PLUS,MT,13530,56,43.3538,2.0754,0.1783,0.3084,False
0.4428125023841858,PLUS,MT,50122,124,77.0381,2.2382,0.1784,0.3327,True
0.4428125023841858,PLUS,MT,50072,124,77.0374,2.2447,0.1788,0.3345,True
0.4428125023841858,PLUS,MT,50074,150,90.0,2.7284,0.1793,0.4077,True
0.4428125023841858,PLUS,MT,50074,150,90.0,2.7284,0.1793,0.4077,True
0.4428125023841858,PLUS,MT,50141,124,77.0381,2.71,0.1794,0.4051,True
0.4428125023841858,PLUS,MT,50121,134,82.0921,2.1667,0.1794,0.3239,True
0.4428125023841858,PLUS,MT,50053,124,77.0374,2.7091,0.1794,0.4051,True
0.4428125023841858,PLUS,MT,36917,12,21.1741,2.7515,0.1796,0.4119,False
0.4428125023841858,PLUS,MT,50122,124,77.0381,2.2382,0.1797,0.3351,True
0.4428125023841858,PLUS,MT,50053,124,77.0374,2.7091,0.1799,0.4061,True
0.4428125023841858,PLUS,MT,51141,56,43.353,2.5205,0.1799,0.3779,False
0.4428125023841858,PLUS,MT,50121,134,82.0921,2.1667,0.18,0.3251,True
0.4428125023841858,PLUS,MT,50072,124,77.0374,2.2447,0.1801,0.3368,True
0.4428125023841858,PLUS,MT,50995,56,43.353,2.774,0.1801,0.4163,False
0.4428125023841858,PLUS,MT,50054,134,82.0881,2.7471,0.1803,0.4127,True
0.4428125023841858,PLUS,MT,36985,12,21.1741,2.6805,0.1805,0.4031,False
0.4428125023841858,PLUS,MT,50093,150,90.0,2.7284,0.1808,0.4111,True
0.4428125023841858,PLUS,MT,50055,150,90.0,2.9194,0.1808,0.4399,True
0.4428125023841858,PLUS,MT,36849,12,21.1741,2.6749,0.1808,0.4031,False
0.4428125023841858,PLUS,MT,49711,88,59.3015,2.6639,0.1809,0.4016,False
0.4428125023841858,PLUS,MT,49647,88,59.3015,2.1578,0.1809,0.3254,False
0.4428125023841858,PLUS,MT,49679,88,59.3015,2.8806,0.181,0.4346,False
0.4428125023841858,PLUS,MT,50092,134,82.0881,2.7433,0.1811,0.4139,True
0.4428125023841858,PLUS,MT,50091,124,77.0374,2.8414,0.1813,0.4293,True
0.4428125023841858,PLUS,MT,36407,12,21.1594,2.7596,0.1814,0.4171,False
0.4428125023841858,PLUS,MT,36876,10,20.4596,2.6073,0.1817,0.3948,True
0.4428125023841858,PLUS,MT,37012,10,20.4596,2.6073,0.1818,0.3949,True
0.4428125023841858,PLUS,MT,36543,12,21.1594,2.6749,0.1818,0.4053,False
0.4428125023841858,PLUS,MT,50091,124,77.0374,2.8414,0.1821,0.4313,True
0.4428125023841858,PLUS,MT,51068,56,43.353,2.4274,0.1822,0.3685,False
0.4428125023841858,PLUS,MT,50072,124,77.0374,2.2447,0.1828,0.342,True
0.4428125023841858,PLUS,MT,50053,124,77.0374,2.7091,0.1835,0.4142,True
0.4428125023841858,PLUS,MT,50092,134,82.0881,2.7433,0.1836,0.4197,True
0.4428125023841858,PLUS,MT,50054,134,82.0881,2.7471,0.1841,0.4214,True
0.4428125023841858,PLUS,MT,50139,150,90.0,2.1761,0.1841,0.3339,True
0.4428125023841858,PLUS,MT,50101,150,90.0,2.1761,0.1841,0.3339,True
0.4428125023841858,PLUS,MT,50072,124,77.0374,2.2447,0.1843,0.3447,True
0.4428125023841858,PLUS,MT,13571,112,71.4778,2.0956,0.1846,0.3223,False
0.4428125023841858,PLUS,MT,3745,44,37.3461,2.7016,0.1846,0.4156,True
0.4428125023841858,PLUS,MT,13425,112,71.4778,2.1555,0.185,0.3323,False
0.4428125023841858,PLUS,MT,36944,10,20.4596,2.6468,0.1851,0.4083,True
0.4428125023841858,PLUS,MT,50073,134,82.0881,2.173,0.1855,0.3358,True
0.4428125023841858,PLUS,MT,5236,1,15.5263,2.2099,0.186,0.3426,False
0.4428125023841858,PLUS,MT,50073,134,82.0881,2.173,0.1861,0.337,True
0.4428125023841858,PLUS,MT,5100,1,15.5263,2.2071,0.1862,0.3424,False
0.4428125023841858,PLUS,MT,5168,1,15.5263,2.7126,0.1862,0.4209,False
0.4428125023841858,PLUS,MT,36533,11,20.7754,2.4263,0.1864,0.3768,True
0.4428125023841858,PLUS,MT,36397,11,20.7754,2.4556,0.187,0.3826,True
0.4428125023841858,PLUS,MT,50141,124,77.0381,2.71,0.1875,0.4235,True
0.4428125023841858,PLUS,MT,50103,124,77.0381,2.1176,0.1887,0.3329,True
0.4428125023841858,PLUS,MT,50122,124,77.0381,2.2382,0.1888,0.3522,True
0.4428125023841858,PLUS,MT,36476,12,21.3,2.7528,0.1888,0.4332,False
0.4428125023841858,PLUS,MT,50103,124,77.0381,2.1176,0.1892,0.3338,True
0.4428125023841858,PLUS,MT,50093,150,90.0,2.7284,0.1894,0.4307,True
0.4428125023841858,PLUS,MT,50055,150,90.0,2.9194,0.1894,0.4609,True
0.4428125023841858,PLUS,MT,50122,124,77.0381,2.2382,0.1902,0.3547,True
0.4428125023841858,PLUS,MT,50141,124,77.0381,2.71,0.1902,0.4295,True
0.4428125023841858,PLUS,MT,50122,124,77.0381,2.2382,0.1904,0.3552,True
0.4428125023841858,PLUS,MT,4541,56,43.0928,2.2074,0.1905,0.3505,False
0.4428125023841858,PLUS,MT,50103,124,77.0381,2.1176,0.1908,0.3366,True
0.4428125023841858,PLUS,MT,50141,124,77.0381,2.71,0.1916,0.4327,True
0.4428125023841858,PLUS,MT,50122,124,77.0381,2.2382,0.1917,0.3575,True
0.4428125023841858,PLUS,MT,50141,124,77.0381,2.71,0.1922,0.434,True
0.4428125023841858,PLUS,MT,4615,56,43.0928,2.2099,0.1924,0.3543,False
0.4428125023841858,PLUS,MT,4467,56,43.0928,2.2073,0.1925,0.354,False
0.4428125023841858,PLUS,MT,13509,150,90.0,2.4302,0.193,0.3909,False
0.4428125023841858,PLUS,MT,50103,124,77.0381,2.1176,0.1931,0.3408,True
0.4428125023841858,PLUS,MT,50072,124,77.0374,2.2447,0.1936,0.3621,True
0.4428125023841858,PLUS,MT,36408,12,21.3,2.6781,0.1937,0.4324,False
0.4428125023841858,PLUS,MT,48895,23,26.9523,2.7442,0.1938,0.4432,True
0.4428125023841858,PLUS,MT,50091,124,77.0374,2.8414,0.1939,0.4591,True
0.4428125023841858,PLUS,MT,50053,124,77.0374,2.7091,0.1944,0.4389,True
0.4428125023841858,PLUS,MT,36544,12,21.3,2.7473,0.1947,0.4457,False
0.4428125023841858,PLUS,MT,50072,124,77.0374,2.2447,0.1951,0.365,True
0.4428125023841858,PLUS,MT,50053,124,77.0374,2.7091,0.1953,0.4409,True
0.4428125023841858,PLUS,MT,50091,124,77.0374,2.8414,0.1959,0.4639,True
0.4428125023841858,PLUS,MT,36465,11,20.7754,2.3827,0.1964,0.39,True
0.4428125023841858,PLUS,MT,50139,150,90.0,2.1761,0.1966,0.3566,True
0.4428125023841858,PLUS,MT,50101,150,90.0,2.1761,0.1967,0.3566,True
0.4428125023841858,PLUS,MT,50187,126,78.3537,13.2538,0.1968,2.1733,True
0.4428125023841858,PLUS,MT,50187,126,78.3537,13.2538,0.1976,2.1822,True
0.4428125023841858,PLUS,MT,49669,71,50.8349,2.8979,0.1978,0.4776,False
0.4428125023841858,PLUS,MT,50072,124,77.0374,2.2447,0.1984,0.3711,True
0.4428125023841858,PLUS,MT,50091,124,77.0374,2.8414,0.1986,0.4703,True
0.4428125023841858,PLUS,MT,50053,124,77.0374,2.7091,0.1989,0.4489,True
0.4428125023841858,PLUS,MT,50206,126,78.3537,32.3222,0.1992,5.3649,True
0.4428125023841858,PLUS,MT,50179,150,90.0,2.4114,0.1994,0.4007,True
0.4428125023841858,PLUS,MT,50179,150,90.0,2.4114,0.1995,0.4008,True
0.4428125023841858,PLUS,MT,49701,71,50.8349,2.8911,0.1996,0.4809,False
0.4428125023841858,PLUS,MT,49637,71,50.8349,2.7549,0.1996,0.4583,False
0.4428125023841858,PLUS,MT,50168,126,78.3537,43.7852,0.1999,7.2922,True
0.4428125023841858,PLUS,MT,50072,124,77.0374,2.2447,0.2001,0.3743,True
0.4428125023841858,PLUS,MT,50053,124,77.0374,2.7091,0.2002,0.452,True
0.4428125023841858,PLUS,MT,50139,150,90.0,2.1761,0.2004,0.3635,True
0.4428125023841858,PLUS,MT,50101,150,90.0,2.1761,0.2005,0.3635,True
0.4428125023841858,PLUS,MT,48827,23,26.9523,2.2441,0.2006,0.3752,True
0.4428125023841858,PLUS,MT,50091,124,77.0374,2.8414,0.2006,0.4751,True
0.4428125023841858,PLUS,MT,50206,126,78.3537,32.3222,0.2007,5.4069,True
0.4428125023841858,PLUS,MT,48963,23,26.9523,2.7557,0.2009,0.4614,True
0.4428125023841858,PLUS,MT,50168,126,78.3537,43.7852,0.2026,7.3912,True
0.4428125023841858,PLUS,MT,44691,58,44.1037,16.7209,0.2033,2.8332,True
0.4428125023841858,PLUS,MT,50093,150,90.0,2.7284,0.204,0.4638,True
0.4428125023841858,PLUS,MT,50055,150,90.0,2.9194,0.204,0.4963,True
0.4428125023841858,PLUS,MT,50120,150,90.0,2.0832,0.2041,0.3543,True
0.4428125023841858,PLUS,MT,50120,150,90.0,2.0832,0.2041,0.3543,True
0.4428125023841858,PLUS,MT,45113,88,59.3049,2.2333,0.2051,0.3818,False
0.4428125023841858,PLUS,MT,45177,88,59.3049,2.8451,0.2052,0.4865,False
0.4428125023841858,PLUS,MT,45145,88,59.3049,2.9009,0.2053,0.4962,False
0.4428125023841858,PLUS,MT,50093,150,90.0,2.7284,0.206,0.4683,True
0.4428125023841858,PLUS,MT,50055,150,90.0,2.9194,0.206,0.5011,True
0.4428125023841858,PLUS,MT,50074,150,90.0,2.7284,0.2088,0.4748,True
0.4428125023841858,PLUS,MT,50074,150,90.0,2.7284,0.2088,0.4748,True
0.4428125023841858,PLUS,MT,49292,22,26.444,2.6589,0.2091,0.4633,True
0.4428125023841858,PLUS,MT,49428,22,26.444,2.2216,0.2096,0.388,True
0.4428125023841858,PLUS,MT,4926,47,38.578,2.7016,0.2128,0.479,False
0.4428125023841858,PLUS,MT,13436,150,90.0,2.4354,0.2128,0.4319,False
0.4428125023841858,PLUS,MT,13582,150,90.0,1.9828,0.2129,0.3517,False
0.4428125023841858,PLUS,MT,4778,47,38.578,2.1805,0.2135,0.388,False
0.4428125023841858,PLUS,MT,50044,125,77.5852,13.7108,0.2156,2.463,True
0.4428125023841858,PLUS,MT,4949,103,66.9228,2.7016,0.2162,0.4867,True
0.4428125023841858,PLUS,MT,49360,22,26.444,2.7157,0.2167,0.4903,True
0.4428125023841858,PLUS,MT,50082,125,77.5852,14.3134,0.2177,2.5966,True
0.4428125023841858,PLUS,MT,4801,103,66.9228,2.7016,0.2177,0.4901,True
0.4428125023841858,PLUS,MT,50082,125,77.5852,14.3134,0.2177,2.5971,True
0.4428125023841858,PLUS,MT,51426,112,71.4095,2.6354,0.218,0.4788,False
0.4428125023841858,PLUS,MT,50063,125,77.5852,10.2302,0.219,1.867,True
0.4428125023841858,PLUS,MT,51388,112,71.4095,2.6409,0.219,0.482,False
0.4428125023841858,PLUS,MT,4298,47,38.5787,2.7016,0.2193,0.4936,True
0.4428125023841858,PLUS,MT,4162,47,38.5787,2.2073,0.2196,0.4039,True
0.4428125023841858,PLUS,MT,50044,125,77.5852,13.7108,0.2196,2.5096,True
0.4428125023841858,PLUS,MT,51388,112,71.4095,2.6409,0.22,0.4842,False
0.4428125023841858,PLUS,MT,36919,12,21.3014,2.7486,0.2203,0.5047,False
0.4428125023841858,PLUS,MT,51407,112,71.4095,2.6322,0.2206,0.4839,False
0.4428125023841858,PLUS,MT,51426,112,71.4095,2.6354,0.2208,0.485,False
0.4428125023841858,PLUS,MT,45135,71,50.8222,2.8969,0.221,0.5335,False
0.4428125023841858,PLUS,MT,50063,125,77.5852,10.2302,0.2211,1.8852,True
0.4428125023841858,PLUS,MT,4459,45,37.817,2.7016,0.2216,0.4989,False
0.4428125023841858,PLUS,MT,51407,112,71.4095,2.6322,0.2219,0.4867,False
0.4428125023841858,PLUS,MT,4875,103,66.9228,2.7016,0.2222,0.5002,True
0.4428125023841858,PLUS,MT,4607,45,37.817,2.7016,0.2224,0.5006,False
0.4428125023841858,PLUS,MT,45103,71,50.8222,2.8912,0.2225,0.5361,False
0.4428125023841858,PLUS,MT,45167,71,50.8222,2.8912,0.2225,0.5362,False
0.4428125023841858,PLUS,MT,13569,129,79.7117,2.358,0.2228,0.4379,False
0.4428125023841858,PLUS,MT,50167,112,71.1591,2.1791,0.2243,0.4073,False
0.4428125023841858,PLUS,MT,36987,12,21.3014,2.6728,0.2251,0.5014,False
0.4428125023841858,PLUS,MT,51013,34,32.404,2.9705,0.2256,0.5584,False
0.4428125023841858,PLUS,MT,51159,34,32.404,2.2699,0.2256,0.4268,False
0.4428125023841858,PLUS,MT,51086,34,32.404,2.442,0.2257,0.4593,False
0.4428125023841858,PLUS,MT,36851,12,21.3014,2.6671,0.2257,0.5017,False
0.4428125023841858,PLUS,MT,51357,0,15.4928,2.4695,0.2259,0.4649,False
0.4428125023841858,PLUS,MT,51221,0,15.4928,2.452,0.226,0.4619,False
0.4428125023841858,PLUS,MT,50205,112,71.1591,2.1917,0.2272,0.4149,False
0.4428125023841858,PLUS,MT,50198,150,90.0,2.4194,0.2273,0.4582,True
0.4428125023841858,PLUS,MT,50160,150,90.0,2.158,0.2274,0.4089,True
0.4428125023841858,PLUS,MT,5170,1,15.6136,2.2071,0.2285,0.4203,False
0.4428125023841858,PLUS,MT,50129,125,77.591,15.3095,0.2293,2.9252,True
0.4428125023841858,PLUS,MT,50110,125,77.591,39.9069,0.2298,7.6417,True
0.4428125023841858,PLUS,MT,50148,125,77.591,31.0638,0.2315,5.9936,True
0.4428125023841858,PLUS,MT,50129,125,77.591,15.3095,0.2317,2.9558,True
0.4428125023841858,PLUS,MT,13496,129,79.7117,2.1695,0.232,0.4195,False
0.4428125023841858,PLUS,MT,50148,125,77.591,31.0638,0.2323,6.0138,True
0.4428125023841858,PLUS,MT,13423,129,79.7117,2.083,0.2323,0.4033,False
0.4428125023841858,PLUS,MT,5238,1,15.6136,2.2075,0.2326,0.4278,False
0.4428125023841858,PLUS,MT,5102,1,15.6136,2.2099,0.2331,0.4292,False
0.4428125023841858,PLUS,MT,50110,125,77.591,39.9069,0.2338,7.7764,True
0.4428125023841858,PLUS,MT,36918,12,21.2957,2.6717,0.2357,0.5248,False
0.4428125023841858,PLUS,MT,50205,112,71.1591,2.1917,0.2363,0.4316,False
0.4428125023841858,PLUS,MT,50167,112,71.1591,2.1791,0.2373,0.431,False
0.4428125023841858,PLUS,MT,36986,12,21.2957,2.7485,0.2383,0.5457,False
0.4428125023841858,PLUS,MT,36850,12,21.2957,2.7485,0.239,0.5473,False
0.4428125023841858,PLUS,MT,49835,56,43.2502,2.523,0.2392,0.503,True
0.4428125023841858,PLUS,MT,50198,150,90.0,2.4194,0.2396,0.483,True
0.4428125023841858,PLUS,MT,50160,150,90.0,2.158,0.2396,0.4309,True
0.4428125023841858,PLUS,MT,13475,34,32.4044,2.3292,0.2405,0.4668,False
0.4428125023841858,PLUS,MT,13621,34,32.4044,2.3292,0.2405,0.4668,False
0.4428125023841858,PLUS,MT,13548,34,32.4044,2.0351,0.2407,0.4083,False
0.4428125023841858,PLUS,MT,36477,12,21.2879,2.6665,0.2408,0.535,False
0.4428125023841858,PLUS,MT,50186,112,71.1591,2.1836,0.2411,0.4388,False
0.4428125023841858,PLUS,MT,50186,112,71.1591,2.1836,0.2429,0.442,False
0.4428125023841858,PLUS,MT,36409,12,21.2879,2.6805,0.2487,0.5556,False
0.4428125023841858,PLUS,MT,50139,150,90.0,2.1761,0.2489,0.4513,True
0.4428125023841858,PLUS,MT,50101,150,90.0,2.1761,0.2489,0.4513,True
0.4428125023841858,PLUS,MT,51289,0,15.4928,2.4632,0.2491,0.5113,False
0.4428125023841858,PLUS,MT,36545,12,21.2879,2.6683,0.2498,0.5554,False
0.4428125023841858,PLUS,MT,50120,150,90.0,2.0832,0.2501,0.4341,True
0.4428125023841858,PLUS,MT,50120,150,90.0,2.0832,0.2501,0.4342,True
0.4428125023841858,PLUS,MT,48956,23,26.6041,2.6335,0.252,0.5531,True
0.4428125023841858,PLUS,MT,49903,56,43.2502,2.5087,0.2536,0.5302,True
0.4428125023841858,PLUS,MT,49767,56,43.2502,2.2216,0.2539,0.4701,True
0.4428125023841858,PLUS,MT,48820,23,26.6041,2.2216,0.254,0.4703,True
0.4428125023841858,PLUS,MT,50139,150,90.0,2.1761,0.2554,0.4632,True
0.4428125023841858,PLUS,MT,50101,150,90.0,2.1761,0.2554,0.4632,True
0.4428125023841858,PLUS,MT,50093,150,90.0,2.7284,0.2565,0.5833,True
0.4428125023841858,PLUS,MT,50055,150,90.0,2.9194,0.2565,0.6241,True
0.4428125023841858,PLUS,MT,50074,150,90.0,2.7284,0.2575,0.5855,True
0.4428125023841858,PLUS,MT,50074,150,90.0,2.7284,0.2575,0.5855,True
0.4428125023841858,PLUS,MT,51408,126,78.1124,13.478,0.2592,2.9108,True
0.4428125023841858,PLUS,MT,51408,126,78.1124,13.478,0.2626,2.9496,True
0.4428125023841858,PLUS,MT,50055,150,90.0,2.9194,0.2629,0.6395,True
0.4428125023841858,PLUS,MT,50093,150,90.0,2.7284,0.2629,0.5977,True
0.4428125023841858,PLUS,MT,51389,126,78.1124,19.7419,0.2629,4.3255,True
0.4428125023841858,PLUS,MT,51389,126,78.1124,19.7419,0.2641,4.3451,True
0.4428125023841858,PLUS,MT,51427,126,78.1124,22.8162,0.2646,5.0306,True
0.4428125023841858,PLUS,MT,50139,150,90.0,2.1761,0.2653,0.481,True
0.4428125023841858,PLUS,MT,50101,150,90.0,2.1761,0.2653,0.4811,True
0.4428125023841858,PLUS,MT,51427,126,78.1124,22.8162,0.267,5.076,True
0.4428125023841858,PLUS,MT,50139,150,90.0,2.1761,0.2718,0.493,True
0.4428125023841858,PLUS,MT,50101,150,90.0,2.1761,0.2719,0.493,True
0.4428125023841858,PLUS,MT,51291,1,15.5738,2.4574,0.2722,0.5574,False
0.4428125023841858,PLUS,MT,50055,150,90.0,2.9194,0.276,0.6715,True
0.4428125023841858,PLUS,MT,50093,150,90.0,2.7284,0.276,0.6276,True
0.4428125023841858,PLUS,MT,44760,58,44.3109,2.159,0.2768,0.498,True
0.4428125023841858,PLUS,MT,50120,150,90.0,2.0832,0.2783,0.4832,True
0.4428125023841858,PLUS,MT,50120,150,90.0,2.0832,0.2784,0.4832,True
0.4428125023841858,PLUS,MT,50093,150,90.0,2.7284,0.28,0.6367,True
0.4428125023841858,PLUS,MT,50055,150,90.0,2.9194,0.28,0.6813,True
0.4428125023841858,PLUS,MT,51223,1,15.5738,2.2188,0.2811,0.5198,False
0.4428125023841858,PLUS,MT,44624,58,44.3109,2.9262,0.2813,0.686,True
0.4428125023841858,PLUS,MT,51359,1,15.5738,2.3745,0.2814,0.5567,False
0.4428125023841858,PLUS,MT,51427,126,78.1124,22.8162,0.2816,5.3538,True
0.4428125023841858,PLUS,MT,51389,126,78.1124,19.7419,0.2823,4.6436,True
0.4428125023841858,PLUS,MT,50074,150,90.0,2.7284,0.2852,0.6484,True
0.4428125023841858,PLUS,MT,50074,150,90.0,2.7284,0.2852,0.6484,True
0.4428125023841858,PLUS,MT,44692,58,44.3109,2.132,0.286,0.508,True
0.4428125023841858,PLUS,MT,51408,126,78.1124,13.478,0.29,3.2567,True
0.4428125023841858,PLUS,MT,13456,56,43.0985,2.4518,0.2903,0.5932,False
0.4428125023841858,PLUS,MT,13602,56,43.0985,2.4352,0.2904,0.5893,False
0.4428125023841858,PLUS,MT,51427,126,78.1124,22.8162,0.2906,5.5259,True
0.4428125023841858,PLUS,MT,3808,42,36.1531,2.207,0.2923,0.5376,True
0.4428125023841858,PLUS,MT,3672,42,36.1531,2.2071,0.2926,0.5382,True
0.4428125023841858,PLUS,MT,51389,126,78.1124,19.7419,0.2927,4.8157,True
0.4428125023841858,PLUS,MT,48900,24,27.2625,2.7335,0.2928,0.6671,False
0.4428125023841858,PLUS,MT,51408,126,78.1124,13.478,0.293,3.2911,True
0.4428125023841858,PLUS,MT,50119,150,90.0,2.7614,0.2935,0.6753,True
0.4428125023841858,PLUS,MT,50119,150,90.0,2.7614,0.2935,0.6753,True
0.4428125023841858,PLUS,MT,44757,57,43.6524,2.2865,0.2945,0.5612,True
0.4428125023841858,PLUS,MT,50119,150,90.0,2.7614,0.2955,0.68,True
0.4428125023841858,PLUS,MT,50119,150,90.0,2.7614,0.2955,0.68,True
0.4428125023841858,PLUS,MT,50138,150,90.0,2.7541,0.296,0.6793,True
0.4428125023841858,PLUS,MT,50100,150,90.0,2.7541,0.296,0.6793,True
0.4428125023841858,PLUS,MT,44621,57,43.6524,2.9057,0.296,0.7168,True
0.4428125023841858,PLUS,MT,51142,56,43.1034,2.3746,0.2981,0.5899,False
0.4428125023841858,PLUS,MT,50996,56,43.1034,2.1119,0.2981,0.5247,False
0.4428125023841858,PLUS,MT,48832,24,27.2625,2.7613,0.2982,0.6863,False
0.4428125023841858,PLUS,MT,50138,150,90.0,2.7541,0.2989,0.6859,True
0.4428125023841858,PLUS,MT,50100,150,90.0,2.7541,0.2989,0.686,True
0.4428125023841858,PLUS,MT,48968,24,27.2625,2.7612,0.3,0.6902,False
0.4428125023841858,PLUS,MT,51426,112,71.4095,2.6354,0.3023,0.6638,False
0.4428125023841858,PLUS,MT,13459,53,41.8053,2.4519,0.3027,0.6184,False
0.4428125023841858,PLUS,MT,13605,53,41.8053,2.4352,0.3031,0.6151,False
0.4428125023841858,PLUS,MT,13529,56,43.0985,2.5238,0.3038,0.639,False
0.4428125023841858,PLUS,MT,13532,53,41.8053,2.3003,0.3041,0.583,False
0.4428125023841858,PLUS,MT,50075,150,90.0,1.9648,0.3043,0.4982,True
0.4428125023841858,PLUS,MT,50075,150,90.0,1.9648,0.3044,0.4984,True
0.4428125023841858,PLUS,MT,4606,43,36.8141,2.7016,0.3067,0.6905,False
0.4428125023841858,PLUS,MT,50075,150,90.0,1.9648,0.3071,0.5028,True
0.4428125023841858,PLUS,MT,50094,150,90.0,2.211,0.3072,0.5661,True
0.4428125023841858,PLUS,MT,4458,43,36.8141,2.7016,0.3073,0.6917,False
0.4428125023841858,PLUS,MT,50075,150,90.0,1.9648,0.3073,0.5031,True
0.4428125023841858,PLUS,MT,50056,150,90.0,2.211,0.3074,0.5665,True
0.4428125023841858,PLUS,MT,44688,56,43.454,2.2068,0.308,0.5664,True
0.4428125023841858,PLUS,MT,51069,56,43.1034,2.112,0.3101,0.5457,False
0.4428125023841858,PLUS,MT,49302,23,26.9948,2.6816,0.3106,0.6941,True
0.4428125023841858,PLUS,MT,4775,45,37.5337,2.7016,0.3109,0.7,False
0.4428125023841858,PLUS,MT,50094,150,90.0,2.211,0.3111,0.5732,True
0.4428125023841858,PLUS,MT,50056,150,90.0,2.211,0.3114,0.5737,True
0.4428125023841858,PLUS,MT,4923,45,37.5337,2.7016,0.3115,0.7013,False
0.4428125023841858,PLUS,MT,50138,150,90.0,2.7541,0.3129,0.7181,True
0.4428125023841858,PLUS,MT,50100,150,90.0,2.7541,0.3129,0.7181,True
0.4428125023841858,PLUS,MT,51143,53,41.8046,2.211,0.3131,0.5768,False
0.4428125023841858,PLUS,MT,50997,53,41.8046,2.2083,0.3135,0.5769,False
0.4428125023841858,PLUS,MT,49438,23,26.9948,2.2188,0.314,0.5805,True
0.4428125023841858,PLUS,MT,51070,53,41.8046,1.8863,0.3147,0.4947,False
0.4428125023841858,PLUS,MT,50100,150,90.0,2.7541,0.3148,0.7224,True
0.4428125023841858,PLUS,MT,50138,150,90.0,2.7541,0.3148,0.7226,True
0.4428125023841858,PLUS,MT,50138,150,90.0,2.7541,0.3155,0.7242,True
0.4428125023841858,PLUS,MT,50100,150,90.0,2.7541,0.3155,0.7242,True
0.4428125023841858,PLUS,MT,51407,112,71.4095,2.6322,0.3157,0.6925,False
0.4428125023841858,PLUS,MT,50119,150,90.0,2.7614,0.3166,0.7285,True
0.4428125023841858,PLUS,MT,50119,150,90.0,2.7614,0.3166,0.7286,True
0.4428125023841858,PLUS,MT,51388,112,71.4095,2.6409,0.3176,0.699,False
0.4428125023841858,PLUS,MT,12749,0,15.0305,2.4302,0.3179,0.6438,False
0.4428125023841858,PLUS,MT,51388,112,71.4095,2.6409,0.3185,0.7008,False
0.4428125023841858,PLUS,MT,50100,150,90.0,2.7541,0.3188,0.7318,True
0.4428125023841858,PLUS,MT,50138,150,90.0,2.7541,0.3188,0.7318,True
0.4428125023841858,PLUS,MT,50100,150,90.0,2.7541,0.319,0.7322,True
0.4428125023841858,PLUS,MT,50138,150,90.0,2.7541,0.319,0.7322,True
0.4428125023841858,PLUS,MT,12681,0,15.0305,2.2122,0.3195,0.5889,False
0.4428125023841858,PLUS,MT,12817,0,15.0305,2.4302,0.3195,0.647,False
0.4428125023841858,PLUS,MT,3740,42,36.1531,2.207,0.3202,0.589,True
0.4428125023841858,PLUS,MT,50119,150,90.0,2.7614,0.3207,0.738,True
0.4428125023841858,PLUS,MT,50119,150,90.0,2.7614,0.3207,0.7381,True
0.4428125023841858,PLUS,MT,50100,150,90.0,2.7541,0.3218,0.7385,True
0.4428125023841858,PLUS,MT,50138,150,90.0,2.7541,0.3218,0.7385,True
0.4428125023841858,PLUS,MT,49305,24,27.2626,2.7538,0.3225,0.74,True
0.4428125023841858,PLUS,MT,49441,24,27.2626,2.754,0.3225,0.7402,True
0.4428125023841858,PLUS,MT,49373,24,27.2626,2.0946,0.3227,0.5632,False
0.4428125023841858,PLUS,MT,36943,10,20.2722,2.6274,0.3233,0.7079,True
0.4428125023841858,PLUS,MT,44756,56,43.454,12.1417,0.3239,3.2771,True
0.4428125023841858,PLUS,MT,51426,112,71.4095,2.6354,0.3245,0.7126,False
0.4428125023841858,PLUS,MT,50094,150,90.0,2.211,0.3253,0.5994,True
0.4428125023841858,PLUS,MT,50056,150,90.0,2.211,0.3254,0.5995,True
0.4428125023841858,PLUS,MT,50094,150,90.0,2.211,0.3261,0.6007,True
0.4428125023841858,PLUS,MT,50056,150,90.0,2.211,0.3261,0.6009,True
0.4428125023841858,PLUS,MT,36875,10,20.2722,2.6737,0.3267,0.7279,True
0.4428125023841858,PLUS,MT,37011,10,20.2722,2.6737,0.327,0.7285,True
0.4428125023841858,PLUS,MT,50075,150,90.0,1.9648,0.3277,0.5366,True
0.4428125023841858,PLUS,MT,50075,150,90.0,1.9648,0.3278,0.5367,True
0.4428125023841858,PLUS,MT,50094,150,90.0,2.211,0.3299,0.6078,True
0.4428125023841858,PLUS,MT,50056,150,90.0,2.211,0.3299,0.6079,True
0.4428125023841858,PLUS,MT,50094,150,90.0,2.211,0.3301,0.6082,True
0.4428125023841858,PLUS,MT,50056,150,90.0,2.211,0.3301,0.6082,True
0.4428125023841858,PLUS,MT,44620,56,43.454,9.9333,0.3303,2.7338,True
0.4428125023841858,PLUS,MT,51293,1,15.6692,2.4536,0.3308,0.6765,False
0.4428125023841858,PLUS,MT,50094,150,90.0,2.211,0.3312,0.6101,True
0.4428125023841858,PLUS,MT,50056,150,90.0,2.211,0.3313,0.6104,True
0.4428125023841858,PLUS,MT,51407,112,71.4095,2.6322,0.3314,0.7268,False
0.4428125023841858,PLUS,MT,50075,150,90.0,1.9648,0.3326,0.5445,True
0.4428125023841858,PLUS,MT,50075,150,90.0,1.9648,0.3327,0.5447,True
0.4428125023841858,PLUS,MT,50094,150,90.0,2.211,0.3346,0.6166,True
0.4428125023841858,PLUS,MT,50056,150,90.0,2.211,0.3347,0.6166,True
0.4428125023841858,PLUS,MT,4532,43,36.8141,2.1846,0.3358,0.6113,False
0.4428125023841858,PLUS,MT,49649,92,61.416,2.2558,0.3376,0.6347,False
0.4428125023841858,PLUS,MT,49713,92,61.416,2.8904,0.3378,0.8136,False
0.4428125023841858,PLUS,MT,49681,92,61.416,2.7012,0.3383,0.7616,False
0.4428125023841858,PLUS,MT,4849,45,37.5337,2.7016,0.342,0.7699,False
0.4428125023841858,PLUS,MT,51225,1,15.6692,2.4495,0.3447,0.7037,False
0.4428125023841858,PLUS,MT,51361,1,15.6692,2.8679,0.3453,0.8253,False
0.4428125023841858,PLUS,MT,36461,11,20.5805,2.3887,0.3461,0.6889,True
0.4428125023841858,PLUS,MT,36529,11,20.5805,2.4974,0.3472,0.7226,True
0.4428125023841858,PLUS,MT,36393,11,20.5805,2.4974,0.3479,0.7241,True
0.4428125023841858,PLUS,MT,51084,36,33.3623,2.4417,0.352,0.7163,False
0.4428125023841858,PLUS,MT,51011,36,33.3623,2.2188,0.3524,0.6515,False
0.4428125023841858,PLUS,MT,51157,36,33.3623,2.4363,0.3524,0.7154,False
0.4428125023841858,PLUS,MT,45147,92,61.4275,2.9078,0.3612,0.8752,False
0.4428125023841858,PLUS,MT,49572,111,70.5625,2.9799,0.3615,0.8976,True
0.4428125023841858,PLUS,MT,45115,92,61.4275,2.9078,0.3616,0.8763,False
0.4428125023841858,PLUS,MT,45179,92,61.4275,2.9078,0.3617,0.8764,False
0.4428125023841858,PLUS,MT,49600,103,66.853,2.2188,0.3634,0.6718,False
0.4428125023841858,PLUS,MT,50137,150,90.0,2.7542,0.3675,0.8436,False
0.4428125023841858,PLUS,MT,50099,150,90.0,2.7614,0.3676,0.8459,False
0.4428125023841858,PLUS,MT,13546,36,33.3628,2.4363,0.3722,0.7556,False
0.4428125023841858,PLUS,MT,13473,36,33.3628,2.2287,0.3725,0.6918,False
0.4428125023841858,PLUS,MT,13619,36,33.3628,2.4363,0.3725,0.7563,False
0.4428125023841858,PLUS,MT,49562,103,66.853,2.916,0.3732,0.9068,False
0.4428125023841858,PLUS,MT,50166,103,66.7193,2.6915,0.3732,0.837,True
0.4428125023841858,PLUS,MT,49610,111,70.5625,2.8849,0.3745,0.9003,True
0.4428125023841858,PLUS,MT,48888,23,26.6041,2.8772,0.3761,0.9017,True
0.4428125023841858,PLUS,MT,51531,104,66.9991,2.8874,0.3769,0.9069,False
0.4428125023841858,PLUS,MT,50137,150,90.0,2.7542,0.3777,0.8669,False
0.4428125023841858,PLUS,MT,50099,150,90.0,2.7614,0.3779,0.8695,False
0.4428125023841858,PLUS,MT,50095,150,90.0,1.9334,0.3785,0.6099,False
0.4428125023841858,PLUS,MT,50057,150,90.0,2.2065,0.3786,0.6962,False
0.4428125023841858,PLUS,MT,51550,104,66.9991,2.9783,0.3795,0.9418,False
0.4428125023841858,PLUS,MT,51531,104,66.9991,2.8874,0.3809,0.9165,False
0.4428125023841858,PLUS,MT,50118,150,90.0,2.7542,0.3817,0.876,False
0.4428125023841858,PLUS,MT,50118,150,90.0,2.7542,0.3818,0.8762,False
0.4428125023841858,PLUS,MT,50095,150,90.0,1.9334,0.3827,0.6166,False
0.4428125023841858,PLUS,MT,51512,104,66.9991,2.6915,0.3832,0.8594,False
0.4428125023841858,PLUS,MT,50057,150,90.0,2.2065,0.3832,0.7046,False
0.4428125023841858,PLUS,MT,13384,0,15.1567,2.4292,0.3841,0.7777,False
0.4428125023841858,PLUS,MT,51512,104,66.9991,2.6915,0.3848,0.8631,False
0.4428125023841858,PLUS,MT,50076,150,90.0,1.8019,0.3848,0.5778,False
0.4428125023841858,PLUS,MT,50076,150,90.0,1.8019,0.3852,0.5784,False
0.4428125023841858,PLUS,MT,49562,103,66.853,2.916,0.3872,0.9408,False
0.4428125023841858,PLUS,MT,13248,0,15.1567,2.4352,0.3872,0.7857,False
0.4428125023841858,PLUS,MT,49771,58,44.4158,2.4291,0.3874,0.7842,True
0.4428125023841858,PLUS,MT,51550,104,66.9991,2.9783,0.3882,0.9635,False
0.4428125023841858,PLUS,MT,13316,0,15.1567,2.4518,0.3885,0.7938,False
0.4428125023841858,PLUS,MT,49907,58,44.4158,2.9123,0.3888,0.9435,True
0.4428125023841858,PLUS,MT,51550,104,66.9991,2.9783,0.3888,0.9651,False
0.4428125023841858,PLUS,MT,51531,104,66.9991,2.8874,0.3895,0.9373,False
0.4428125023841858,PLUS,MT,49600,103,66.853,2.2188,0.39,0.7211,False
0.4428125023841858,PLUS,MT,49839,58,44.4158,2.2818,0.3909,0.7434,True
0.4428125023841858,PLUS,MT,49600,103,66.853,2.2188,0.3909,0.7228,False
0.4428125023841858,PLUS,MT,51512,104,66.9991,2.6915,0.3913,0.8776,False
0.4428125023841858,PLUS,MT,51550,104,66.9991,2.9783,0.3916,0.9718,False
0.4428125023841858,PLUS,MT,51531,104,66.9991,2.8874,0.3919,0.943,False
0.4428125023841858,PLUS,MT,51512,104,66.9991,2.6915,0.3931,0.8818,False
0.4428125023841858,PLUS,MT,5172,1,15.7152,2.7126,0.3938,0.8902,False
0.4428125023841858,PLUS,MT,49562,103,66.853,2.916,0.3939,0.9571,False
0.4428125023841858,PLUS,MT,4144,42,36.167,2.2099,0.3955,0.7283,True
0.4428125023841858,PLUS,MT,4163,47,38.7529,2.1807,0.3964,0.7204,True
0.4428125023841858,PLUS,MT,4280,42,36.167,2.2075,0.3966,0.7296,True
0.4428125023841858,PLUS,MT,5240,1,15.7152,2.1806,0.3969,0.7212,False
0.4428125023841858,PLUS,MT,5104,1,15.7152,2.7126,0.3983,0.9004,False
0.4428125023841858,PLUS,MT,49572,111,70.5625,2.9799,0.3985,0.9896,True
0.4428125023841858,PLUS,MT,4299,47,38.7529,2.7016,0.4001,0.9006,True
0.4428125023841858,PLUS,MT,49610,111,70.5625,2.8849,0.4014,0.9651,True
0.4428125023841858,PLUS,MT,49581,103,66.853,2.8649,0.4027,0.9615,False
0.4428125023841858,PLUS,MT,49562,103,66.853,2.916,0.4038,0.9813,False
0.4428125023841858,PLUS,MT,49581,103,66.853,2.8649,0.4043,0.9653,False
0.4428125023841858,PLUS,MT,5198,0,15.2472,2.7126,0.4069,0.9198,True
0.4428125023841858,PLUS,MT,5062,0,15.2472,2.7126,0.4073,0.9208,True
0.4428125023841858,PLUS,MT,50204,103,66.7193,2.6203,0.4089,0.8929,False
0.4428125023841858,PLUS,MT,4604,41,35.7046,2.7016,0.4092,0.9213,False
0.4428125023841858,PLUS,MT,4456,41,35.7046,2.7016,0.4102,0.9234,False
0.4428125023841858,PLUS,MT,4530,41,35.7046,2.7016,0.4115,0.9264,False
0.4428125023841858,PLUS,MT,49591,111,70.5625,2.8637,0.4126,0.9846,True
0.4428125023841858,PLUS,MT,49600,103,66.853,2.2188,0.4132,0.764,False
0.4428125023841858,PLUS,MT,13381,0,15.231,2.4354,0.4133,0.8387,False
0.4428125023841858,PLUS,MT,4773,42,36.3843,2.7016,0.4145,0.9332,False
0.4428125023841858,PLUS,MT,49591,111,70.5625,2.8637,0.4147,0.9896,True
0.4428125023841858,PLUS,MT,5130,0,15.2472,2.7126,0.4147,0.9374,True
0.4428125023841858,PLUS,MT,4921,42,36.3843,2.7016,0.4155,0.9355,False
0.4428125023841858,PLUS,MT,13245,0,15.231,2.4348,0.4157,0.8435,False
0.4428125023841858,PLUS,MT,51527,111,70.7611,2.8772,0.4177,1.0014,True
0.4428125023841858,PLUS,MT,13313,0,15.231,2.4302,0.4177,0.8459,False
0.4428125023841858,PLUS,MT,49581,103,66.853,2.8649,0.4178,0.9974,False
0.4428125023841858,PLUS,MT,49581,103,66.853,2.8649,0.4179,0.9978,False
0.4428125023841858,PLUS,MT,4847,42,36.3843,2.1051,0.4181,0.7334,False
0.4428125023841858,PLUS,MT,51546,111,70.7611,2.855,0.4187,0.9962,True
0.4428125023841858,PLUS,MT,51508,111,70.7611,2.6099,0.419,0.9112,True
0.4428125023841858,PLUS,MT,12812,0,15.1991,2.43,0.4203,0.8511,False
0.4428125023841858,PLUS,MT,12676,0,15.1991,2.4302,0.4208,0.8522,False
0.4428125023841858,PLUS,MT,12744,0,15.1991,2.43,0.4226,0.8558,False
0.4428125023841858,PLUS,MT,51546,111,70.7611,2.855,0.4228,1.0058,True
0.4428125023841858,PLUS,MT,51527,111,70.7611,2.8772,0.4235,1.0154,True
0.4428125023841858,PLUS,MC,51041,95,62.8685,2.2995,0.0034,0.0065,True
0.4428125023841858,PLUS,MC,50968,95,62.8685,2.3079,0.0034,0.0066,True
0.4428125023841858,PLUS,MC,51114,95,62.8685,2.3079,0.0034,0.0066,True
0.4428125023841858,PLUS,MC,51039,104,67.0287,2.2893,0.0036,0.0069,True
0.4428125023841858,PLUS,MC,50966,104,67.0287,2.6585,0.0037,0.0081,True
0.4428125023841858,PLUS,MC,51112,104,67.0287,2.7756,0.0037,0.0085,True
0.4428125023841858,PLUS,MC,51110,114,72.3335,2.341,0.0039,0.0076,True
0.4428125023841858,PLUS,MC,50964,114,72.3335,2.2777,0.0039,0.0074,True
0.4428125023841858,PLUS,MC,51037,114,72.3335,2.231,0.0039,0.0072,True
0.4428125023841858,PLUS,MC,13503,95,62.8545,2.2206,0.0039,0.0073,True
0.4428125023841858,PLUS,MC,13576,95,62.8545,2.2612,0.004,0.0075,True
0.4428125023841858,PLUS,MC,13430,95,62.8545,1.9564,0.004,0.0064,True
0.4428125023841858,PLUS,MC,13428,103,66.9913,2.3087,0.0042,0.008,True
0.4428125023841858,PLUS,MC,13574,103,66.9913,1.9866,0.0042,0.0069,True
0.4428125023841858,PLUS,MC,13501,103,66.9913,2.3011,0.0042,0.008,True
0.4428125023841858,PLUS,MC,13426,114,72.2672,1.8672,0.0044,0.0069,True
0.4428125023841858,PLUS,MC,13572,114,72.2672,1.8479,0.0044,0.0068,True
0.4428125023841858,PLUS,MC,13499,114,72.2672,2.2645,0.0044,0.0084,True
0.4428125023841858,PLUS,MC,51054,88,59.2892,2.8974,0.0047,0.0113,True
0.4428125023841858,PLUS,MC,50981,88,59.2892,2.7296,0.0047,0.0107,True
0.4428125023841858,PLUS,MC,51127,88,59.2892,2.6245,0.0047,0.0103,True
0.4428125023841858,PLUS,MC,51035,130,80.447,2.1517,0.0048,0.0085,True
0.4428125023841858,PLUS,MC,51108,130,80.447,2.1791,0.0048,0.0086,True
0.4428125023841858,PLUS,MC,50962,130,80.447,2.7437,0.0048,0.0109,True
0.4428125023841858,PLUS,MC,13516,88,59.2873,2.533,0.0049,0.0103,True
0.4428125023841858,PLUS,MC,13589,88,59.2873,2.5141,0.0049,0.0102,True
0.4428125023841858,PLUS,MC,13443,88,59.2873,2.5141,0.0049,0.0102,True
0.4428125023841858,PLUS,MC,13570,130,80.3059,2.0104,0.0055,0.0092,True
0.4428125023841858,PLUS,MC,13424,130,80.3059,2.2735,0.0055,0.0104,True
0.4428125023841858,PLUS,MC,13497,130,80.3059,2.1772,0.0055,0.0099,True
0.4428125023841858,PLUS,MC,51048,150,90.0,2.0611,0.0062,0.0107,True
0.4428125023841858,PLUS,MC,51121,150,90.0,2.0417,0.0062,0.0106,True
0.4428125023841858,PLUS,MC,50975,150,90.0,2.0417,0.0062,0.0106,True
0.4428125023841858,PLUS,MC,51056,82,56.1356,2.4112,0.0067,0.0135,True
0.4428125023841858,PLUS,MC,51129,82,56.1356,2.5253,0.0067,0.0142,True
0.4428125023841858,PLUS,MC,50983,82,56.1356,2.5253,0.0067,0.0142,True
0.4428125023841858,PLUS,MC,13502,95,62.6101,2.2893,0.007,0.0133,True
0.4428125023841858,PLUS,MC,13518,82,56.1358,2.4822,0.007,0.0145,True
0.4428125023841858,PLUS,MC,13445,82,56.1358,2.4723,0.007,0.0145,True
0.4428125023841858,PLUS,MC,13591,82,56.1358,2.4723,0.007,0.0145,True
0.4428125023841858,PLUS,MC,13581,150,90.0,2.0431,0.007,0.012,True
0.4428125023841858,PLUS,MC,13435,150,90.0,1.8594,0.007,0.0109,True
0.4428125023841858,PLUS,MC,13508,150,90.0,2.2326,0.0071,0.0131,True
0.4428125023841858,PLUS,MC,13575,95,62.6101,1.9577,0.0071,0.0116,True
0.4428125023841858,PLUS,MC,13429,95,62.6101,2.2893,0.0071,0.0135,True
0.4428125023841858,PLUS,MC,13498,112,71.4778,2.1903,0.0073,0.0134,True
0.4428125023841858,PLUS,MC,13425,112,71.4778,2.1555,0.0074,0.0133,True
0.4428125023841858,PLUS,MC,13571,112,71.4778,2.0956,0.0074,0.0129,True
0.4428125023841858,PLUS,MC,13496,129,79.7117,2.1695,0.0076,0.0137,True
0.4428125023841858,PLUS,MC,13569,129,79.7117,2.358,0.0076,0.0149,True
0.4428125023841858,PLUS,MC,13423,129,79.7117,2.083,0.0076,0.0132,True
0.4428125023841858,PLUS,MC,13509,150,90.0,2.4302,0.0077,0.0156,True
0.4428125023841858,PLUS,MC,13588,88,59.1203,2.3311,0.0077,0.015,True
0.4428125023841858,PLUS,MC,13442,88,59.1203,2.3311,0.0077,0.015,True
0.4428125023841858,PLUS,MC,13436,150,90.0,2.4354,0.0077,0.0157,True
0.4428125023841858,PLUS,MC,13582,150,90.0,1.9828,0.0077,0.0128,True
0.4428125023841858,PLUS,MC,13515,88,59.1203,2.3311,0.0077,0.015,True
0.4428125023841858,PLUS,MC,13573,102,66.3541,2.5219,0.0081,0.017,True
0.4428125023841858,PLUS,MC,13427,102,66.3541,2.4356,0.0081,0.0164,True
0.4428125023841858,PLUS,MC,13500,102,66.3541,2.1145,0.0082,0.0144,True
0.4428125023841858,PLUS,MC,13510,150,90.0,2.4354,0.009,0.0182,True
0.4428125023841858,PLUS,MC,13583,150,90.0,2.042,0.009,0.0153,True
0.4428125023841858,PLUS,MC,13437,150,90.0,2.4302,0.009,0.0183,True
0.4428125023841858,PLUS,MC,50976,150,90.0,2.065,0.0094,0.0162,True
0.4428125023841858,PLUS,MC,51122,150,90.0,2.065,0.0094,0.0162,True
0.4428125023841858,PLUS,MC,51049,150,90.0,1.9814,0.0094,0.0155,True
0.4428125023841858,PLUS,MC,13517,81,55.8232,2.4092,0.0094,0.0189,True
0.4428125023841858,PLUS,MC,13590,81,55.8232,2.4092,0.0095,0.0191,True
0.4428125023841858,PLUS,MC,13444,81,55.8232,2.4092,0.0095,0.0191,True
0.4428125023841858,PLUS,MC,13584,150,90.0,1.9881,0.0096,0.016,True
0.4428125023841858,PLUS,MC,13438,150,90.0,2.4354,0.0096,0.0196,True
0.4428125023841858,PLUS,MC,13511,150,90.0,2.4302,0.0097,0.0196,True
0.4428125023841858,PLUS,MC,13512,150,90.0,2.4354,0.0097,0.0197,True
0.4428125023841858,PLUS,MC,13439,150,90.0,2.4302,0.0097,0.0197,True
0.4428125023841858,PLUS,MC,13585,150,90.0,2.4354,0.0097,0.0197,True
0.4428125023841858,PLUS,MC,13513,150,90.0,2.4352,0.0099,0.0201,True
0.4428125023841858,PLUS,MC,13440,150,90.0,2.4519,0.0099,0.0202,True
0.4428125023841858,PLUS,MC,13586,150,90.0,2.4292,0.0099,0.02,True
0.4428125023841858,PLUS,MC,13434,150,90.0,2.4354,0.0105,0.0214,True
0.4428125023841858,PLUS,MC,13580,150,90.0,2.4302,0.0105,0.0213,True
0.4428125023841858,PLUS,MC,13507,150,90.0,2.4302,0.0105,0.0213,True
0.4428125023841858,PLUS,MC,50175,98,64.2937,2.9168,0.0134,0.0326,True
0.4428125023841858,PLUS,MC,50175,98,64.2937,2.9168,0.0134,0.0326,True
0.4428125023841858,PLUS,MC,51058,76,53.4079,2.4124,0.0135,0.0271,True
0.4428125023841858,PLUS,MC,51131,76,53.4079,1.494,0.0135,0.0168,True
0.4428125023841858,PLUS,MC,50985,76,53.4079,2.2216,0.0135,0.025,True
0.4428125023841858,PLUS,MC,50156,98,64.2937,2.8469,0.0135,0.032,True
0.4428125023841858,PLUS,MC,50194,98,64.2937,2.9,0.0135,0.0326,True
0.4428125023841858,PLUS,MC,50175,98,64.2937,2.9168,0.0137,0.0333,True
0.4428125023841858,PLUS,MC,50175,98,64.2937,2.9168,0.0137,0.0333,True
0.4428125023841858,PLUS,MC,50156,98,64.2937,2.8469,0.0137,0.0325,True
0.4428125023841858,PLUS,MC,50194,98,64.2937,2.9,0.0137,0.0332,True
0.4428125023841858,PLUS,MC,50156,98,64.2937,2.8469,0.0138,0.0327,True
0.4428125023841858,PLUS,MC,50194,98,64.2937,2.9,0.0138,0.0333,True
0.4428125023841858,PLUS,MC,13447,76,53.4079,2.4589,0.0139,0.0285,True
0.4428125023841858,PLUS,MC,13593,76,53.4079,2.4589,0.0139,0.0285,True
0.4428125023841858,PLUS,MC,50156,98,64.2937,2.8469,0.0139,0.033,True
0.4428125023841858,PLUS,MC,50194,98,64.2937,2.9,0.0139,0.0336,True
0.4428125023841858,PLUS,MC,13520,76,53.4079,2.2228,0.0139,0.0258,True
0.4428125023841858,PLUS,MC,50175,98,64.2937,2.9168,0.0141,0.0344,True
0.4428125023841858,PLUS,MC,50175,98,64.2937,2.9168,0.0141,0.0344,True
0.4428125023841858,PLUS,MC,50156,98,64.2937,2.8469,0.0142,0.0336,True
0.4428125023841858,PLUS,MC,50194,98,64.2937,2.9,0.0142,0.0343,True
0.4428125023841858,PLUS,MC,50156,98,64.2937,2.8469,0.0143,0.0338,True
0.4428125023841858,PLUS,MC,50194,98,64.2937,2.9,0.0143,0.0345,True
0.4428125023841858,PLUS,MC,50175,98,64.2937,2.9168,0.0145,0.0352,True
0.4428125023841858,PLUS,MC,50175,98,64.2937,2.9168,0.0145,0.0352,True
0.4428125023841858,PLUS,MC,50156,98,64.2937,2.8469,0.0145,0.0344,True
0.4428125023841858,PLUS,MC,50194,98,64.2937,2.9,0.0145,0.035,True
0.4428125023841858,PLUS,MC,50156,98,64.2937,2.8469,0.0145,0.0344,True
0.4428125023841858,PLUS,MC,50194,98,64.2937,2.9,0.0145,0.035,True
0.4428125023841858,PLUS,MC,50177,115,72.9969,2.083,0.0148,0.0257,True
0.4428125023841858,PLUS,MC,50177,115,72.9969,2.083,0.0148,0.0257,True
0.4428125023841858,PLUS,MC,50158,115,72.9969,2.5275,0.0149,0.0313,True
0.4428125023841858,PLUS,MC,50196,115,72.9969,2.7797,0.0149,0.0344,True
0.4428125023841858,PLUS,MC,50196,115,72.9969,2.7797,0.0149,0.0346,True
0.4428125023841858,PLUS,MC,50158,115,72.9969,2.5275,0.0149,0.0314,True
0.4428125023841858,PLUS,MC,13506,150,90.0,2.4354,0.015,0.0304,True
0.4428125023841858,PLUS,MC,13579,150,90.0,2.4354,0.0151,0.0306,True
0.4428125023841858,PLUS,MC,13433,150,90.0,2.4302,0.0151,0.0305,True
0.4428125023841858,PLUS,MC,50176,106,68.1718,2.7228,0.0152,0.0345,True
0.4428125023841858,PLUS,MC,50176,106,68.1718,2.7228,0.0152,0.0345,True
0.4428125023841858,PLUS,MC,50157,106,68.1718,2.7146,0.0153,0.0345,True
0.4428125023841858,PLUS,MC,50195,106,68.1718,2.7213,0.0153,0.0346,True
0.4428125023841858,PLUS,MC,50157,106,68.1718,2.7146,0.0155,0.035,True
0.4428125023841858,PLUS,MC,50195,106,68.1718,2.7213,0.0155,0.0351,True
0.4428125023841858,PLUS,MC,13441,150,90.0,2.076,0.0155,0.0269,True
0.4428125023841858,PLUS,MC,13587,150,90.0,1.7793,0.0155,0.023,True
0.4428125023841858,PLUS,MC,13514,150,90.0,2.2128,0.0155,0.0287,True
0.4428125023841858,PLUS,MC,50177,115,72.9969,2.083,0.0156,0.0271,True
0.4428125023841858,PLUS,MC,50177,115,72.9969,2.083,0.0156,0.0271,True
0.4428125023841858,PLUS,MC,50158,115,72.9969,2.5275,0.0157,0.033,True
0.4428125023841858,PLUS,MC,50196,115,72.9969,2.7797,0.0157,0.0363,True
0.4428125023841858,PLUS,MC,50158,115,72.9969,2.5275,0.0158,0.0333,True
0.4428125023841858,PLUS,MC,50196,115,72.9969,2.7797,0.0158,0.0367,True
0.4428125023841858,PLUS,MC,50176,106,68.1718,2.7228,0.0159,0.0361,True
0.4428125023841858,PLUS,MC,50176,106,68.1718,2.7228,0.0159,0.0361,True
0.4428125023841858,PLUS,MC,50157,106,68.1718,2.7146,0.016,0.0361,True
0.4428125023841858,PLUS,MC,50195,106,68.1718,2.7213,0.016,0.0362,True
0.4428125023841858,PLUS,MC,50195,106,68.1718,2.7213,0.0162,0.0368,True
0.4428125023841858,PLUS,MC,50157,106,68.1718,2.7146,0.0162,0.0367,True
0.4428125023841858,PLUS,MC,51414,98,64.2666,2.9083,0.0163,0.0396,True
0.4428125023841858,PLUS,MC,51414,98,64.2666,2.9083,0.0163,0.0396,True
0.4428125023841858,PLUS,MC,51414,98,64.2666,2.9083,0.0164,0.0396,True
0.4428125023841858,PLUS,MC,51414,98,64.2666,2.9083,0.0164,0.0396,True
0.4428125023841858,PLUS,MC,51433,98,64.2666,2.8925,0.0165,0.0397,True
0.4428125023841858,PLUS,MC,51395,98,64.2666,2.8426,0.0165,0.0391,True
0.4428125023841858,PLUS,MC,50298,86,58.2351,2.8907,0.0165,0.0397,True
0.4428125023841858,PLUS,MC,51433,98,64.2666,2.8925,0.0165,0.0398,True
0.4428125023841858,PLUS,MC,51395,98,64.2666,2.8426,0.0165,0.0391,True
0.4428125023841858,PLUS,MC,50177,115,72.9969,2.083,0.0165,0.0287,True
0.4428125023841858,PLUS,MC,50177,115,72.9969,2.083,0.0165,0.0287,True
0.4428125023841858,PLUS,MC,50196,115,72.9969,2.7797,0.0166,0.0385,True
0.4428125023841858,PLUS,MC,50158,115,72.9969,2.5275,0.0166,0.035,True
0.4428125023841858,PLUS,MC,50342,86,58.2351,2.886,0.0166,0.04,True
0.4428125023841858,PLUS,MC,50254,86,58.2351,2.7428,0.0166,0.038,True
0.4428125023841858,PLUS,MC,50157,106,68.1718,2.7146,0.0167,0.0378,True
0.4428125023841858,PLUS,MC,50195,106,68.1718,2.7213,0.0167,0.0379,True
0.4428125023841858,PLUS,MC,50176,106,68.1718,2.7228,0.0167,0.0379,True
0.4428125023841858,PLUS,MC,50176,106,68.1718,2.7228,0.0167,0.0379,True
0.4428125023841858,PLUS,MC,51433,98,64.2666,2.8925,0.0168,0.0404,True
0.4428125023841858,PLUS,MC,51395,98,64.2666,2.8426,0.0168,0.0397,True
0.4428125023841858,PLUS,MC,51433,98,64.2666,2.8925,0.0168,0.0404,True
0.4428125023841858,PLUS,MC,51395,98,64.2666,2.8426,0.0168,0.0397,True
0.4428125023841858,PLUS,MC,50195,106,68.1718,2.7213,0.0168,0.038,True
0.4428125023841858,PLUS,MC,50157,106,68.1718,2.7146,0.0168,0.0379,True
0.4428125023841858,PLUS,MC,50196,115,72.9969,2.7797,0.0168,0.039,True
0.4428125023841858,PLUS,MC,50158,115,72.9969,2.5275,0.0169,0.0355,True
0.4428125023841858,PLUS,MC,51414,98,64.2666,2.9083,0.0169,0.0411,True
0.4428125023841858,PLUS,MC,51414,98,64.2666,2.9083,0.0169,0.0411,True
0.4428125023841858,PLUS,MC,51414,98,64.2666,2.9083,0.017,0.0411,True
0.4428125023841858,PLUS,MC,51414,98,64.2666,2.9083,0.017,0.0411,True
0.4428125023841858,PLUS,MC,4939,71,50.7634,2.7016,0.017,0.0383,True
0.4428125023841858,PLUS,MC,4791,71,50.7634,2.7016,0.017,0.0384,True
0.4428125023841858,PLUS,MC,51433,98,64.2666,2.8925,0.0171,0.0412,True
0.4428125023841858,PLUS,MC,51395,98,64.2666,2.8426,0.0171,0.0405,True
0.4428125023841858,PLUS,MC,51433,98,64.2666,2.8925,0.0171,0.0413,True
0.4428125023841858,PLUS,MC,51395,98,64.2666,2.8426,0.0171,0.0406,True
0.4428125023841858,PLUS,MC,51433,98,64.2666,2.8925,0.0173,0.0418,True
0.4428125023841858,PLUS,MC,51395,98,64.2666,2.8426,0.0173,0.0411,True
0.4428125023841858,PLUS,MC,51395,98,64.2666,2.8426,0.0173,0.0411,True
0.4428125023841858,PLUS,MC,51433,98,64.2666,2.8925,0.0173,0.0418,True
0.4428125023841858,PLUS,MC,44693,58,44.3851,2.1325,0.0176,0.0312,True
0.4428125023841858,PLUS,MC,50177,115,72.9969,2.083,0.0176,0.0305,True
0.4428125023841858,PLUS,MC,50177,115,72.9969,2.083,0.0176,0.0305,True
0.4428125023841858,PLUS,MC,50195,106,68.1718,2.7213,0.0177,0.04,True
0.4428125023841858,PLUS,MC,50157,106,68.1718,2.7146,0.0177,0.0399,True
0.4428125023841858,PLUS,MC,50176,106,68.1718,2.7228,0.0177,0.0401,True
0.4428125023841858,PLUS,MC,50176,106,68.1718,2.7228,0.0177,0.0401,True
0.4428125023841858,PLUS,MC,50195,106,68.1718,2.7213,0.0177,0.0401,True
0.4428125023841858,PLUS,MC,50157,106,68.1718,2.7146,0.0177,0.0401,True
0.4428125023841858,PLUS,MC,50158,115,72.9969,2.5275,0.0177,0.0374,True
0.4428125023841858,PLUS,MC,50196,115,72.9969,2.7797,0.0177,0.0411,True
0.4428125023841858,PLUS,MC,4865,71,50.7634,2.7016,0.0178,0.04,True
0.4428125023841858,PLUS,MC,50158,115,72.9969,2.5275,0.0181,0.0381,True
0.4428125023841858,PLUS,MC,50196,115,72.9969,2.7797,0.0181,0.042,True
0.4428125023841858,PLUS,MC,50155,91,60.9571,2.5023,0.0185,0.0385,True
0.4428125023841858,PLUS,MC,50193,91,60.9571,2.9123,0.0185,0.0448,True
0.4428125023841858,PLUS,MC,50155,91,60.9571,2.5023,0.0185,0.0385,True
0.4428125023841858,PLUS,MC,50193,91,60.9571,2.9123,0.0185,0.0449,True
0.4428125023841858,PLUS,MC,50174,91,60.9571,2.4958,0.0185,0.0386,True
0.4428125023841858,PLUS,MC,50174,91,60.9571,2.4958,0.0185,0.0386,True
0.4428125023841858,PLUS,MC,51415,106,68.0943,2.7832,0.0186,0.0432,True
0.4428125023841858,PLUS,MC,51415,106,68.0943,2.7832,0.0186,0.0432,True
0.4428125023841858,PLUS,MC,51434,106,68.0943,2.7756,0.0186,0.0431,True
0.4428125023841858,PLUS,MC,51396,106,68.0943,2.2346,0.0187,0.0347,True
0.4428125023841858,PLUS,MC,13449,71,50.9849,2.4539,0.0187,0.0383,True
0.4428125023841858,PLUS,MC,13595,71,50.9849,2.4539,0.0187,0.0383,True
0.4428125023841858,PLUS,MC,51396,106,68.0943,2.2346,0.0188,0.0351,True
0.4428125023841858,PLUS,MC,51434,106,68.0943,2.7756,0.0188,0.0435,True
0.4428125023841858,PLUS,MC,51133,71,50.9851,2.4581,0.019,0.0389,True
0.4428125023841858,PLUS,MC,50987,71,50.9851,2.2188,0.019,0.0351,True
0.4428125023841858,PLUS,MC,13522,71,50.9849,2.4818,0.019,0.0393,True
0.4428125023841858,PLUS,MC,51397,115,72.796,2.0635,0.0192,0.0329,True
0.4428125023841858,PLUS,MC,51435,115,72.796,2.1791,0.0192,0.0348,True
0.4428125023841858,PLUS,MC,51060,71,50.9851,2.4141,0.0192,0.0387,True
0.4428125023841858,PLUS,MC,32713,86,58.2124,2.8896,0.0192,0.0463,True
0.4428125023841858,PLUS,MC,51435,115,72.796,2.1791,0.0193,0.0351,True
0.4428125023841858,PLUS,MC,51397,115,72.796,2.0635,0.0193,0.0332,True
0.4428125023841858,PLUS,MC,51415,106,68.0943,2.7832,0.0193,0.0448,True
0.4428125023841858,PLUS,MC,51415,106,68.0943,2.7832,0.0193,0.0448,True
0.4428125023841858,PLUS,MC,51434,106,68.0943,2.7756,0.0193,0.0447,True
0.4428125023841858,PLUS,MC,51396,106,68.0943,2.2346,0.0193,0.036,True
0.4428125023841858,PLUS,MC,51416,115,72.796,2.6439,0.0194,0.0427,True
0.4428125023841858,PLUS,MC,51416,115,72.796,2.6439,0.0194,0.0427,True
0.4428125023841858,PLUS,MC,32669,86,58.2124,2.8979,0.0194,0.0468,True
0.4428125023841858,PLUS,MC,32757,86,58.2124,2.8979,0.0194,0.0468,True
0.4428125023841858,PLUS,MC,50193,91,60.9571,2.9123,0.0194,0.0471,True
0.4428125023841858,PLUS,MC,50155,91,60.9571,2.5023,0.0194,0.0405,True
0.4428125023841858,PLUS,MC,50155,91,60.9571,2.5023,0.0194,0.0405,True
0.4428125023841858,PLUS,MC,50193,91,60.9571,2.9123,0.0194,0.0472,True
0.4428125023841858,PLUS,MC,51396,106,68.0943,2.2346,0.0195,0.0363,True
0.4428125023841858,PLUS,MC,51434,106,68.0943,2.7756,0.0195,0.0451,True
0.4428125023841858,PLUS,MC,50174,91,60.9571,2.4958,0.0195,0.0406,True
0.4428125023841858,PLUS,MC,50174,91,60.9571,2.4958,0.0195,0.0406,True
0.4428125023841858,PLUS,MC,51434,106,68.0943,2.7756,0.0202,0.0468,True
0.4428125023841858,PLUS,MC,51396,106,68.0943,2.2346,0.0202,0.0377,True
0.4428125023841858,PLUS,MC,51396,106,68.0943,2.2346,0.0202,0.0377,True
0.4428125023841858,PLUS,MC,51434,106,68.0943,2.7756,0.0203,0.0468,True
0.4428125023841858,PLUS,MC,50193,91,60.9571,2.9123,0.0203,0.0492,True
0.4428125023841858,PLUS,MC,50155,91,60.9571,2.5023,0.0203,0.0422,True
0.4428125023841858,PLUS,MC,51415,106,68.0943,2.7832,0.0203,0.047,True
0.4428125023841858,PLUS,MC,50155,91,60.9571,2.5023,0.0203,0.0423,True
0.4428125023841858,PLUS,MC,50193,91,60.9571,2.9123,0.0203,0.0492,True
0.4428125023841858,PLUS,MC,51415,106,68.0943,2.7832,0.0203,0.047,True
0.4428125023841858,PLUS,MC,51397,115,72.796,2.0635,0.0203,0.0349,True
0.4428125023841858,PLUS,MC,51435,115,72.796,2.1791,0.0203,0.0369,True
0.4428125023841858,PLUS,MC,51416,115,72.796,2.6439,0.0203,0.0448,True
0.4428125023841858,PLUS,MC,51435,115,72.796,2.1791,0.0203,0.0369,True
0.4428125023841858,PLUS,MC,51416,115,72.796,2.6439,0.0203,0.0448,True
0.4428125023841858,PLUS,MC,51397,115,72.796,2.0635,0.0203,0.035,True
0.4428125023841858,PLUS,MC,50174,91,60.9571,2.4958,0.0203,0.0423,True
0.4428125023841858,PLUS,MC,50174,91,60.9571,2.4958,0.0203,0.0423,True
0.4428125023841858,PLUS,MC,51396,106,68.0943,2.2346,0.021,0.0391,True
0.4428125023841858,PLUS,MC,51434,106,68.0943,2.7756,0.021,0.0486,True
0.4428125023841858,PLUS,MC,51434,106,68.0943,2.7756,0.0211,0.0487,True
0.4428125023841858,PLUS,MC,51396,106,68.0943,2.2346,0.0211,0.0392,True
0.4428125023841858,PLUS,MC,51415,106,68.0943,2.7832,0.0211,0.049,True
0.4428125023841858,PLUS,MC,51415,106,68.0943,2.7832,0.0211,0.049,True
0.4428125023841858,PLUS,MC,50155,91,60.9571,2.5023,0.0212,0.0442,True
0.4428125023841858,PLUS,MC,50193,91,60.9571,2.9123,0.0212,0.0514,True
0.4428125023841858,PLUS,MC,50174,91,60.9571,2.4958,0.0212,0.0441,True
0.4428125023841858,PLUS,MC,50174,91,60.9571,2.4958,0.0212,0.0441,True
0.4428125023841858,PLUS,MC,50193,91,60.9571,2.9123,0.0212,0.0516,True
0.4428125023841858,PLUS,MC,50155,91,60.9571,2.5023,0.0212,0.0443,True
0.4428125023841858,PLUS,MC,4792,70,50.2474,2.1416,0.0214,0.0381,True
0.4428125023841858,PLUS,MC,4940,70,50.2474,2.7016,0.0214,0.0481,True
0.4428125023841858,PLUS,MC,51397,115,72.796,2.0635,0.0219,0.0376,True
0.4428125023841858,PLUS,MC,13446,76,53.0329,2.2149,0.0219,0.0404,True
0.4428125023841858,PLUS,MC,13592,76,53.0329,2.231,0.0219,0.0406,True
0.4428125023841858,PLUS,MC,51435,115,72.796,2.1791,0.0219,0.0397,True
0.4428125023841858,PLUS,MC,51057,81,55.7776,2.4143,0.0219,0.0441,True
0.4428125023841858,PLUS,MC,51435,115,72.796,2.1791,0.0219,0.0399,True
0.4428125023841858,PLUS,MC,51397,115,72.796,2.0635,0.022,0.0378,True
0.4428125023841858,PLUS,MC,51416,115,72.796,2.6439,0.022,0.0485,True
0.4428125023841858,PLUS,MC,51416,115,72.796,2.6439,0.022,0.0485,True
0.4428125023841858,PLUS,MC,13519,76,53.0329,2.2234,0.022,0.0408,True
0.4428125023841858,PLUS,MC,4866,70,50.2474,2.7016,0.0222,0.0499,True
0.4428125023841858,PLUS,MC,4474,68,49.4325,2.7016,0.0222,0.05,True
0.4428125023841858,PLUS,MC,4622,68,49.4325,2.7016,0.0222,0.05,True
0.4428125023841858,PLUS,MC,50984,81,55.7776,2.4143,0.0222,0.0447,True
0.4428125023841858,PLUS,MC,51130,81,55.7776,2.4143,0.0222,0.0447,True
0.4428125023841858,PLUS,MC,13505,150,90.0,2.4518,0.0224,0.0459,True
0.4428125023841858,PLUS,MC,13432,150,90.0,2.4518,0.0225,0.0459,True
0.4428125023841858,PLUS,MC,13578,150,90.0,2.4346,0.0225,0.0456,True
0.4428125023841858,PLUS,MC,51432,91,60.9458,2.6371,0.0229,0.0504,True
0.4428125023841858,PLUS,MC,51394,91,60.9458,2.8479,0.0229,0.0544,True
0.4428125023841858,PLUS,MC,51432,91,60.9458,2.6371,0.0229,0.0504,True
0.4428125023841858,PLUS,MC,51394,91,60.9458,2.8479,0.0229,0.0544,True
0.4428125023841858,PLUS,MC,51413,91,60.9458,2.6339,0.023,0.0504,True
0.4428125023841858,PLUS,MC,51413,91,60.9458,2.6339,0.023,0.0505,True
0.4428125023841858,PLUS,MC,4548,68,49.4325,2.7016,0.0232,0.0523,True
0.4428125023841858,PLUS,MC,51416,115,72.796,2.6439,0.0233,0.0514,True
0.4428125023841858,PLUS,MC,51416,115,72.796,2.6439,0.0233,0.0514,True
0.4428125023841858,PLUS,MC,51435,115,72.796,2.1791,0.0233,0.0424,True
0.4428125023841858,PLUS,MC,51397,115,72.796,2.0635,0.0234,0.0402,True
0.4428125023841858,PLUS,MC,51397,115,72.796,2.0635,0.0234,0.0403,True
0.4428125023841858,PLUS,MC,51435,115,72.796,2.1791,0.0235,0.0426,True
0.4428125023841858,PLUS,MC,51394,91,60.9458,2.8479,0.0238,0.0564,True
0.4428125023841858,PLUS,MC,51432,91,60.9458,2.6371,0.0238,0.0522,True
0.4428125023841858,PLUS,MC,51432,91,60.9458,2.6371,0.0238,0.0522,True
0.4428125023841858,PLUS,MC,51394,91,60.9458,2.8479,0.0238,0.0564,True
0.4428125023841858,PLUS,MC,51413,91,60.9458,2.6339,0.0239,0.0524,True
0.4428125023841858,PLUS,MC,51413,91,60.9458,2.6339,0.0239,0.0524,True
0.4428125023841858,PLUS,MC,50982,88,59.0992,2.7289,0.0247,0.0561,True
0.4428125023841858,PLUS,MC,51128,88,59.0992,2.4102,0.0247,0.0495,True
0.4428125023841858,PLUS,MC,51055,88,59.0992,2.9041,0.0247,0.0597,True
0.4428125023841858,PLUS,MC,51432,91,60.9458,2.6371,0.0252,0.0553,True
0.4428125023841858,PLUS,MC,51394,91,60.9458,2.8479,0.0252,0.0598,True
0.4428125023841858,PLUS,MC,51394,91,60.9458,2.8479,0.0252,0.0598,True
0.4428125023841858,PLUS,MC,51432,91,60.9458,2.6371,0.0252,0.0553,True
0.4428125023841858,PLUS,MC,51413,91,60.9458,2.6339,0.0253,0.0554,True
0.4428125023841858,PLUS,MC,51413,91,60.9458,2.6339,0.0253,0.0554,True
0.4428125023841858,PLUS,MC,4864,66,48.021,2.7016,0.0254,0.0571,True
0.4428125023841858,PLUS,MC,48889,23,26.686,2.7961,0.0254,0.0593,True
0.4428125023841858,PLUS,MC,4790,66,48.021,2.1542,0.0256,0.046,True
0.4428125023841858,PLUS,MC,4938,66,48.021,2.7016,0.0256,0.0577,True
0.4428125023841858,PLUS,MC,51432,91,60.9458,2.6371,0.0259,0.0568,True
0.4428125023841858,PLUS,MC,51394,91,60.9458,2.8479,0.0259,0.0614,True
0.4428125023841858,PLUS,MC,51413,91,60.9458,2.6339,0.0259,0.0569,True
0.4428125023841858,PLUS,MC,51413,91,60.9458,2.6339,0.0259,0.0569,True
0.4428125023841858,PLUS,MC,51394,91,60.9458,2.8479,0.0259,0.0616,True
0.4428125023841858,PLUS,MC,51432,91,60.9458,2.6371,0.0259,0.057,True
0.4428125023841858,PLUS,MC,5164,0,15.3983,2.7126,0.0262,0.0592,True
0.4428125023841858,PLUS,MC,51042,95,62.6028,2.3328,0.0262,0.051,True
0.4428125023841858,PLUS,MC,5232,0,15.3983,2.7126,0.0263,0.0594,True
0.4428125023841858,PLUS,MC,5096,0,15.3983,2.7126,0.0263,0.0594,True
0.4428125023841858,PLUS,MC,48957,23,26.686,2.7138,0.0264,0.0596,True
0.4428125023841858,PLUS,MC,48821,23,26.686,2.8904,0.0264,0.0635,True
0.4428125023841858,PLUS,MC,50296,81,55.9619,2.7936,0.0265,0.0616,True
0.4428125023841858,PLUS,MC,50340,81,55.9619,2.7995,0.0265,0.0619,True
0.4428125023841858,PLUS,MC,50252,81,55.9619,2.2188,0.0265,0.049,True
0.4428125023841858,PLUS,MC,50969,95,62.6028,2.3328,0.0266,0.0518,True
0.4428125023841858,PLUS,MC,51115,95,62.6028,2.3835,0.0266,0.0529,True
0.4428125023841858,PLUS,MC,4937,66,48.4306,2.7016,0.0271,0.0609,True
0.4428125023841858,PLUS,MC,4789,66,48.4306,2.7016,0.0271,0.0609,True
0.4428125023841858,PLUS,MC,4863,66,48.4306,2.7016,0.0273,0.0613,True
0.4428125023841858,PLUS,MC,51123,150,90.0,1.9784,0.0273,0.045,True
0.4428125023841858,PLUS,MC,50977,150,90.0,1.9784,0.0273,0.045,True
0.4428125023841858,PLUS,MC,51050,150,90.0,1.9566,0.0273,0.0445,True
0.4428125023841858,PLUS,MC,44625,58,44.3851,2.9878,0.0275,0.0685,True
0.4428125023841858,PLUS,MC,44761,58,44.3851,2.1326,0.0275,0.0489,True
0.4428125023841858,PLUS,MC,4867,76,53.4555,2.7016,0.0284,0.0638,True
0.4428125023841858,PLUS,MC,4941,76,53.4555,2.7016,0.0284,0.0639,True
0.4428125023841858,PLUS,MC,4793,76,53.4555,2.7016,0.0284,0.0639,True
0.4428125023841858,PLUS,MC,5162,0,15.3615,2.0158,0.0285,0.0479,True
0.4428125023841858,PLUS,MC,3752,46,38.257,2.1321,0.0286,0.0508,True
0.4428125023841858,PLUS,MC,5230,0,15.3615,2.207,0.029,0.0534,True
0.4428125023841858,PLUS,MC,5094,0,15.3615,2.0299,0.029,0.0491,True
0.4428125023841858,PLUS,MC,3683,46,38.2436,2.2506,0.0292,0.0548,True
0.4428125023841858,PLUS,MC,3819,46,38.2436,2.7016,0.0292,0.0658,True
0.4428125023841858,PLUS,MC,3684,46,38.257,2.1485,0.0293,0.0525,True
0.4428125023841858,PLUS,MC,3820,46,38.257,2.1486,0.0293,0.0525,True
0.4428125023841858,PLUS,MC,13451,67,48.8093,2.4171,0.0295,0.0594,True
0.4428125023841858,PLUS,MC,13597,67,48.8093,2.4171,0.0295,0.0594,True
0.4428125023841858,PLUS,MC,13524,67,48.8093,2.1338,0.0296,0.0527,True
0.4428125023841858,PLUS,MC,4936,61,45.9681,2.7016,0.0298,0.067,True
0.4428125023841858,PLUS,MC,4788,61,45.9681,2.1542,0.0298,0.0534,True
0.4428125023841858,PLUS,MC,4862,61,45.9681,2.7016,0.0299,0.0674,True
0.4428125023841858,PLUS,MC,4931,55,42.8393,2.207,0.0306,0.0563,True
0.4428125023841858,PLUS,MC,4783,55,42.8393,2.207,0.0306,0.0563,True
0.4428125023841858,PLUS,MC,51135,67,48.8093,2.4509,0.0309,0.0631,True
0.4428125023841858,PLUS,MC,50989,67,48.8093,2.2188,0.0309,0.0571,True
0.4428125023841858,PLUS,MC,32667,81,55.9192,2.7974,0.0309,0.072,True
0.4428125023841858,PLUS,MC,32711,81,55.9192,2.79,0.0309,0.0719,True
0.4428125023841858,PLUS,MC,32755,81,55.9192,2.7974,0.0309,0.072,True
0.4428125023841858,PLUS,MC,51062,67,48.8093,2.417,0.031,0.0624,True
0.4428125023841858,PLUS,MC,4857,55,42.8393,2.7016,0.0311,0.0701,True
0.4428125023841858,PLUS,MC,49295,23,26.6834,2.6736,0.0314,0.0699,False
0.4428125023841858,PLUS,MC,49431,23,26.6834,2.6144,0.0314,0.0683,False
0.4428125023841858,PLUS,MC,49363,23,26.6834,2.7142,0.0314,0.071,False
0.4428125023841858,PLUS,MC,4621,67,48.9538,2.7016,0.0316,0.0711,True
0.4428125023841858,PLUS,MC,4473,67,48.9538,2.7016,0.0316,0.0711,True
0.4428125023841858,PLUS,MC,13577,150,90.0,2.4302,0.0318,0.0645,True
0.4428125023841858,PLUS,MC,13431,150,90.0,2.4302,0.0318,0.0645,True
0.4428125023841858,PLUS,MC,13504,150,90.0,2.4354,0.0319,0.0648,True
0.4428125023841858,PLUS,MC,4225,46,38.2992,2.1629,0.0324,0.0583,False
0.4428125023841858,PLUS,MC,49365,23,26.7518,2.7166,0.0326,0.0739,False
0.4428125023841858,PLUS,MC,13448,71,50.5979,1.9881,0.0329,0.0544,True
0.4428125023841858,PLUS,MC,13594,71,50.5979,2.4163,0.0329,0.0662,True
0.4428125023841858,PLUS,MC,4157,46,38.2992,2.1798,0.0329,0.0597,False
0.4428125023841858,PLUS,MC,4293,46,38.2992,2.1798,0.0329,0.0597,False
0.4428125023841858,PLUS,MC,4547,67,48.9538,2.7016,0.033,0.0744,True
0.4428125023841858,PLUS,MC,48891,23,26.7541,2.6842,0.0331,0.0741,True
0.4428125023841858,PLUS,MC,13521,71,50.5979,2.5782,0.0332,0.0713,True
0.4428125023841858,PLUS,MC,49297,23,26.7518,2.1486,0.0334,0.0598,False
0.4428125023841858,PLUS,MC,49433,23,26.7518,2.7436,0.0334,0.0764,False
0.4428125023841858,PLUS,MC,51285,0,15.3753,2.7368,0.0337,0.0769,False
0.4428125023841858,PLUS,MC,51217,0,15.3753,2.2558,0.0338,0.0636,False
0.4428125023841858,PLUS,MC,51353,0,15.3753,2.2328,0.0338,0.063,False
0.4428125023841858,PLUS,MC,50338,77,53.8405,2.848,0.0339,0.0805,True
0.4428125023841858,PLUS,MC,50250,77,53.8405,2.2188,0.0339,0.0627,True
0.4428125023841858,PLUS,MC,48959,23,26.7541,2.7041,0.034,0.0765,True
0.4428125023841858,PLUS,MC,48823,23,26.7541,2.7041,0.034,0.0765,True
0.4428125023841858,PLUS,MC,4935,62,46.3499,2.2099,0.034,0.0627,True
0.4428125023841858,PLUS,MC,4787,62,46.3499,2.2099,0.0341,0.0627,True
0.4428125023841858,PLUS,MC,51047,150,90.0,2.3149,0.0341,0.0659,True
0.4428125023841858,PLUS,MC,4545,63,46.8584,2.7016,0.0343,0.0771,True
0.4428125023841858,PLUS,MC,4861,62,46.3499,2.2099,0.0344,0.0634,True
0.4428125023841858,PLUS,MC,4929,52,41.3995,2.207,0.0345,0.0634,True
0.4428125023841858,PLUS,MC,4781,52,41.3995,2.207,0.0345,0.0634,True
0.4428125023841858,PLUS,MC,4619,63,46.8584,2.7016,0.0345,0.0777,True
0.4428125023841858,PLUS,MC,4471,63,46.8584,2.1542,0.0345,0.062,True
0.4428125023841858,PLUS,MC,51120,150,90.0,2.3055,0.0346,0.0664,True
0.4428125023841858,PLUS,MC,50974,150,90.0,2.3055,0.0346,0.0664,True
0.4428125023841858,PLUS,MC,50294,77,53.8405,2.3328,0.0346,0.0673,True
0.4428125023841858,PLUS,MC,4472,64,47.2157,2.7016,0.0346,0.0779,True
0.4428125023841858,PLUS,MC,4620,64,47.2157,2.7016,0.0346,0.0779,True
0.4428125023841858,PLUS,MC,4546,64,47.2157,2.7016,0.0347,0.0782,True
0.4428125023841858,PLUS,MC,36908,11,20.8448,2.7489,0.0349,0.0799,True
0.4428125023841858,PLUS,MC,4855,52,41.3995,2.2071,0.035,0.0643,True
0.4428125023841858,PLUS,MC,4466,53,41.8966,2.2102,0.035,0.0645,True
0.4428125023841858,PLUS,MC,4614,53,41.8966,2.2072,0.035,0.0644,True
0.4428125023841858,PLUS,MC,36840,11,20.8448,2.6925,0.0352,0.079,False
0.4428125023841858,PLUS,MC,36976,11,20.8448,2.7513,0.0352,0.0808,False
0.4428125023841858,PLUS,MC,36978,11,20.8915,2.5358,0.0354,0.0749,True
0.4428125023841858,PLUS,MC,36842,11,20.8915,2.5358,0.0354,0.0749,True
0.4428125023841858,PLUS,MC,36910,11,20.8915,2.5115,0.0356,0.0744,True
0.4428125023841858,PLUS,MC,4540,53,41.8966,2.207,0.0357,0.0656,True
0.4428125023841858,PLUS,MC,3751,46,38.2436,2.7016,0.0366,0.0823,True
0.4428125023841858,PLUS,MC,3754,46,38.3478,2.1895,0.0367,0.067,True
0.4428125023841858,PLUS,MC,48822,23,26.6816,2.9129,0.037,0.0898,False
0.4428125023841858,PLUS,MC,48958,23,26.6816,2.7012,0.037,0.0832,False
0.4428125023841858,PLUS,MC,51046,150,90.0,2.1994,0.0373,0.0684,True
0.4428125023841858,PLUS,MC,4469,59,44.9094,2.1542,0.0376,0.0674,True
0.4428125023841858,PLUS,MC,4617,59,44.9094,2.7016,0.0376,0.0846,True
0.4428125023841858,PLUS,MC,50197,130,80.4694,2.497,0.0376,0.0782,True
0.4428125023841858,PLUS,MC,50159,130,80.4694,2.4011,0.0376,0.0752,True
0.4428125023841858,PLUS,MC,3822,46,38.3478,2.195,0.0377,0.0689,True
0.4428125023841858,PLUS,MC,3686,46,38.3478,2.195,0.0377,0.0689,True
0.4428125023841858,PLUS,MC,4543,59,44.9094,2.7016,0.0377,0.085,True
0.4428125023841858,PLUS,MC,32665,77,53.7968,2.8039,0.0379,0.0887,True
0.4428125023841858,PLUS,MC,32753,77,53.7968,2.8039,0.038,0.0887,True
0.4428125023841858,PLUS,MC,48824,23,26.7493,2.7412,0.0381,0.087,False
0.4428125023841858,PLUS,MC,48960,23,26.7493,2.7412,0.0381,0.087,False
0.4428125023841858,PLUS,MC,48890,23,26.6816,2.6492,0.0382,0.0844,False
0.4428125023841858,PLUS,MC,4550,74,52.003,2.7016,0.0383,0.0863,True
0.4428125023841858,PLUS,MC,4624,74,52.003,2.7016,0.0383,0.0863,True
0.4428125023841858,PLUS,MC,4476,74,52.003,2.7016,0.0383,0.0863,True
0.4428125023841858,PLUS,MC,48892,23,26.7493,2.7004,0.0384,0.0865,False
0.4428125023841858,PLUS,MC,51119,150,90.0,2.2442,0.0385,0.0721,True
0.4428125023841858,PLUS,MC,50973,150,90.0,2.7898,0.0385,0.0896,True
0.4428125023841858,PLUS,MC,32709,77,53.7968,2.8003,0.0387,0.0902,True
0.4428125023841858,PLUS,MC,51283,0,15.3341,2.2188,0.0391,0.0722,False
0.4428125023841858,PLUS,MC,5231,0,15.4092,2.2099,0.0394,0.0725,True
0.4428125023841858,PLUS,MC,5095,0,15.4092,2.2099,0.0394,0.0725,True
0.4428125023841858,PLUS,MC,51215,0,15.3341,2.2188,0.0394,0.0729,False
0.4428125023841858,PLUS,MC,51351,0,15.3341,2.2216,0.0394,0.073,False
0.4428125023841858,PLUS,MC,4464,51,40.5184,2.2103,0.0394,0.0726,True
0.4428125023841858,PLUS,MC,4612,51,40.5184,2.7016,0.0394,0.0888,True
0.4428125023841858,PLUS,MC,4932,54,42.4732,2.2099,0.0395,0.0727,True
0.4428125023841858,PLUS,MC,4784,54,42.4732,2.207,0.0395,0.0726,True
0.4428125023841858,PLUS,MC,5163,0,15.4092,2.7126,0.0396,0.0895,True
0.4428125023841858,PLUS,MC,49364,23,26.6992,2.6901,0.0397,0.0891,False
0.4428125023841858,PLUS,MC,4538,51,40.5184,2.1105,0.04,0.0703,True
0.4428125023841858,PLUS,MC,51036,129,79.6937,2.156,0.04,0.0719,True
0.4428125023841858,PLUS,MC,50963,129,79.6937,2.156,0.0401,0.0721,True
0.4428125023841858,PLUS,MC,51109,129,79.6937,2.156,0.0402,0.0722,True
0.4428125023841858,PLUS,MC,49296,23,26.6992,2.2263,0.0403,0.0747,False
0.4428125023841858,PLUS,MC,49432,23,26.6992,2.7091,0.0403,0.091,False
0.4428125023841858,PLUS,MC,4858,54,42.4732,2.207,0.0403,0.0742,True
0.4428125023841858,PLUS,MC,36469,11,20.8884,2.7095,0.0406,0.0918,False
0.4428125023841858,PLUS,MC,36841,11,20.8594,2.3443,0.0408,0.0797,False
0.4428125023841858,PLUS,MC,13453,63,46.8335,2.2281,0.0408,0.0757,True
0.4428125023841858,PLUS,MC,13599,63,46.8335,2.4354,0.0408,0.0828,True
0.4428125023841858,PLUS,MC,36977,11,20.8594,2.3443,0.0408,0.0797,False
0.4428125023841858,PLUS,MC,36401,11,20.8884,2.7142,0.0408,0.0924,False
0.4428125023841858,PLUS,MC,36537,11,20.8884,2.7142,0.0409,0.0925,False
0.4428125023841858,PLUS,MC,13526,63,46.8335,2.4697,0.0409,0.0842,True
0.4428125023841858,PLUS,MC,4470,60,45.2406,2.7016,0.0412,0.0927,True
0.4428125023841858,PLUS,MC,4618,60,45.2406,2.7016,0.0412,0.0927,True
0.4428125023841858,PLUS,MC,36909,11,20.8594,2.5156,0.0414,0.0867,False
0.4428125023841858,PLUS,MC,50197,130,80.4694,2.497,0.0415,0.0863,True
0.4428125023841858,PLUS,MC,50159,130,80.4694,2.4011,0.0415,0.083,True
0.4428125023841858,PLUS,MC,4544,60,45.2406,2.2071,0.0416,0.0766,True
0.4428125023841858,PLUS,MC,36400,11,20.9014,2.4724,0.0423,0.0872,False
0.4428125023841858,PLUS,MC,36536,11,20.9014,2.4724,0.0423,0.0872,False
0.4428125023841858,PLUS,MC,36468,11,20.9014,2.7133,0.0424,0.0958,False
0.4428125023841858,PLUS,MC,4465,53,41.5628,2.2073,0.0428,0.0787,True
0.4428125023841858,PLUS,MC,4613,53,41.5628,2.2101,0.0428,0.0788,True
0.4428125023841858,PLUS,MC,50178,130,80.4694,2.493,0.0435,0.0903,True
0.4428125023841858,PLUS,MC,50178,130,80.4694,2.493,0.0435,0.0904,True
0.4428125023841858,PLUS,MC,36398,11,20.8558,2.8978,0.0436,0.1053,False
0.4428125023841858,PLUS,MC,36534,11,20.8558,2.6948,0.0436,0.0979,False
0.4428125023841858,PLUS,MC,4539,53,41.5628,2.2112,0.0437,0.0805,True
0.4428125023841858,PLUS,MC,51137,63,46.8332,2.4455,0.0439,0.0894,True
0.4428125023841858,PLUS,MC,50991,63,46.8332,2.8121,0.0439,0.1028,True
0.4428125023841858,PLUS,MC,51064,63,46.8332,2.4205,0.044,0.0887,True
0.4428125023841858,PLUS,MC,36843,11,20.9056,2.7896,0.0442,0.1027,False
0.4428125023841858,PLUS,MC,36979,11,20.9056,2.7896,0.0442,0.1027,False
0.4428125023841858,PLUS,MC,51086,34,32.404,2.442,0.0443,0.0901,True
0.4428125023841858,PLUS,MC,51013,34,32.404,2.9705,0.0443,0.1097,True
0.4428125023841858,PLUS,MC,51159,34,32.404,2.2699,0.0443,0.0839,True
0.4428125023841858,PLUS,MC,36911,11,20.9056,2.6929,0.0444,0.0995,False
0.4428125023841858,PLUS,MC,13548,34,32.4044,2.0351,0.0446,0.0756,True
0.4428125023841858,PLUS,MC,13621,34,32.4044,2.3292,0.0447,0.0867,True
0.4428125023841858,PLUS,MC,13475,34,32.4044,2.3292,0.0447,0.0867,True
0.4428125023841858,PLUS,MC,36466,11,20.8558,2.5089,0.0447,0.0934,False
0.4428125023841858,PLUS,MC,48894,23,26.842,2.7266,0.0457,0.1038,False
0.4428125023841858,PLUS,MC,5161,0,15.3758,2.207,0.0462,0.085,True
0.4428125023841858,PLUS,MC,50159,130,80.4694,2.4011,0.0462,0.0925,True
0.4428125023841858,PLUS,MC,50197,130,80.4694,2.497,0.0462,0.0962,True
0.4428125023841858,PLUS,MC,5229,0,15.3758,2.2071,0.0464,0.0854,True
0.4428125023841858,PLUS,MC,5093,0,15.3758,2.207,0.0464,0.0854,True
0.4428125023841858,PLUS,MC,4158,46,38.3052,2.238,0.0466,0.0869,False
0.4428125023841858,PLUS,MC,4294,46,38.3052,2.238,0.0466,0.0869,False
0.4428125023841858,PLUS,MC,4226,46,38.3052,2.2417,0.0466,0.0871,False
0.4428125023841858,PLUS,MC,13525,62,46.4859,2.1787,0.0469,0.0851,True
0.4428125023841858,PLUS,MC,48826,23,26.842,2.8976,0.0474,0.1145,False
0.4428125023841858,PLUS,MC,48962,23,26.842,2.717,0.0475,0.1075,False
0.4428125023841858,PLUS,MC,50965,112,71.443,2.2772,0.0475,0.0901,True
0.4428125023841858,PLUS,MC,51111,112,71.443,2.2772,0.0475,0.0901,True
0.4428125023841858,PLUS,MC,50197,130,80.4694,2.497,0.0479,0.0996,True
0.4428125023841858,PLUS,MC,50159,130,80.4694,2.4011,0.0479,0.0958,True
0.4428125023841858,PLUS,MC,13598,62,46.4859,2.4202,0.048,0.0968,True
0.4428125023841858,PLUS,MC,13452,62,46.4859,1.8936,0.048,0.0758,True
0.4428125023841858,PLUS,MC,36471,11,20.9592,2.7295,0.0485,0.1102,True
0.4428125023841858,PLUS,MC,36403,11,20.9592,2.7599,0.0487,0.112,True
0.4428125023841858,PLUS,MC,36539,11,20.9592,2.7599,0.0488,0.1123,True
0.4428125023841858,PLUS,MC,51038,112,71.443,2.3046,0.0492,0.0945,True
0.4428125023841858,PLUS,MC,5166,0,15.4534,2.7126,0.0497,0.1124,True
0.4428125023841858,PLUS,MC,50197,130,80.4694,2.497,0.0498,0.1036,True
0.4428125023841858,PLUS,MC,50159,130,80.4694,2.4011,0.0498,0.0997,True
0.4428125023841858,PLUS,MC,5234,0,15.4534,2.7126,0.0499,0.1128,True
0.4428125023841858,PLUS,MC,5098,0,15.4534,2.7126,0.0499,0.1128,True
0.4428125023841858,PLUS,MC,36470,11,20.9709,2.7636,0.0503,0.1159,False
0.4428125023841858,PLUS,MC,4794,75,52.6595,2.7016,0.0505,0.1136,True
0.4428125023841858,PLUS,MC,4942,75,52.6595,2.7016,0.0505,0.1136,True
0.4428125023841858,PLUS,MC,51398,129,79.8999,2.5046,0.0505,0.1054,True
0.4428125023841858,PLUS,MC,51436,129,79.8999,2.5333,0.0505,0.1066,True
0.4428125023841858,PLUS,MC,4859,58,44.4751,2.2099,0.0506,0.0932,True
0.4428125023841858,PLUS,MC,50197,130,80.4694,2.497,0.0513,0.1068,True
0.4428125023841858,PLUS,MC,50159,130,80.4694,2.4011,0.0513,0.1027,True
0.4428125023841858,PLUS,MC,36402,11,20.9709,2.7655,0.0515,0.1187,False
0.4428125023841858,PLUS,MC,36538,11,20.9709,2.7655,0.0516,0.1188,False
0.4428125023841858,PLUS,MC,50178,130,80.4694,2.493,0.0517,0.1075,True
0.4428125023841858,PLUS,MC,50178,130,80.4694,2.493,0.0517,0.1075,True
0.4428125023841858,PLUS,MC,13450,66,48.4288,2.2227,0.0518,0.096,True
0.4428125023841858,PLUS,MC,13596,66,48.4288,2.4183,0.0518,0.1044,True
0.4428125023841858,PLUS,MC,4933,58,44.4751,2.7016,0.052,0.117,True
0.4428125023841858,PLUS,MC,4785,58,44.4751,2.2099,0.052,0.0957,True
0.4428125023841858,PLUS,MC,4159,46,38.4178,2.2074,0.0521,0.0958,False
0.4428125023841858,PLUS,MC,4295,46,38.4178,2.2101,0.0521,0.0959,False
0.4428125023841858,PLUS,MC,4227,46,38.4178,2.2364,0.0527,0.0983,False
0.4428125023841858,PLUS,MC,4868,75,52.6595,2.7016,0.0528,0.1188,True
0.4428125023841858,PLUS,MC,13523,66,48.4288,2.6235,0.0533,0.1164,True
0.4428125023841858,PLUS,MC,50178,130,80.4694,2.493,0.0533,0.1107,True
0.4428125023841858,PLUS,MC,50178,130,80.4694,2.493,0.0533,0.1107,True
0.4428125023841858,PLUS,MC,36399,11,20.8383,2.5393,0.0537,0.1135,False
0.4428125023841858,PLUS,MC,36535,11,20.8383,2.5393,0.0537,0.1135,False
0.4428125023841858,PLUS,MC,44627,59,44.507,2.8451,0.054,0.128,True
0.4428125023841858,PLUS,MC,44763,59,44.507,2.2964,0.054,0.1033,True
0.4428125023841858,PLUS,MC,36467,11,20.8383,2.5134,0.054,0.1131,False
0.4428125023841858,PLUS,MC,51132,75,52.9889,2.4162,0.0542,0.1091,True
0.4428125023841858,PLUS,MC,50986,75,52.9889,2.2216,0.0542,0.1003,True
0.4428125023841858,PLUS,MC,51059,75,52.9889,2.3802,0.0543,0.1076,True
0.4428125023841858,PLUS,MC,51219,0,15.4266,2.4969,0.0549,0.1142,True
0.4428125023841858,PLUS,MC,51355,0,15.4266,2.4969,0.055,0.1144,True
0.4428125023841858,PLUS,MC,51287,0,15.4266,2.4734,0.0551,0.1137,True
0.4428125023841858,PLUS,MC,51398,129,79.8999,2.5046,0.0554,0.1157,True
0.4428125023841858,PLUS,MC,51436,129,79.8999,2.5333,0.0554,0.117,True
0.4428125023841858,PLUS,MC,51044,150,90.0,2.9643,0.0554,0.1369,True
0.4428125023841858,PLUS,MC,4779,50,40.0428,2.7016,0.0556,0.1251,True
0.4428125023841858,PLUS,MC,4927,50,40.0428,2.2103,0.0556,0.1024,True
0.4428125023841858,PLUS,MC,4853,50,40.0428,2.2099,0.0559,0.1029,True
0.4428125023841858,PLUS,MC,3821,46,38.3285,2.2073,0.0559,0.1029,True
0.4428125023841858,PLUS,MC,3685,46,38.3285,2.2099,0.0559,0.103,True
0.4428125023841858,PLUS,MC,51117,150,90.0,2.7608,0.057,0.131,True
0.4428125023841858,PLUS,MC,50971,150,90.0,1.4749,0.057,0.07,True
0.4428125023841858,PLUS,MC,49367,23,26.8444,2.7187,0.0574,0.1299,False
0.4428125023841858,PLUS,MC,51417,129,79.8999,2.5303,0.058,0.1224,True
0.4428125023841858,PLUS,MC,51417,129,79.8999,2.5303,0.058,0.1224,True
0.4428125023841858,PLUS,MC,51286,0,15.374,2.2216,0.0583,0.108,True
0.4428125023841858,PLUS,MC,51218,0,15.374,2.2188,0.0587,0.1086,True
0.4428125023841858,PLUS,MC,51354,0,15.374,2.2188,0.0588,0.1086,True
0.4428125023841858,PLUS,MC,49435,23,26.8444,2.7808,0.0588,0.1363,False
0.4428125023841858,PLUS,MC,49299,23,26.8444,2.4365,0.0588,0.1195,False
0.4428125023841858,PLUS,MC,4860,58,44.0641,2.2099,0.0591,0.1088,True
0.4428125023841858,PLUS,MC,36980,11,20.9635,2.7094,0.0596,0.1345,True
0.4428125023841858,PLUS,MC,36844,11,20.9635,2.7094,0.0596,0.1346,True
0.4428125023841858,PLUS,MC,4542,56,43.4579,2.7016,0.0596,0.1343,True
0.4428125023841858,PLUS,MC,36912,11,20.9635,2.7039,0.0597,0.1345,True
0.4428125023841858,PLUS,MC,4934,58,44.0641,2.7016,0.0603,0.1358,True
0.4428125023841858,PLUS,MC,4786,58,44.0641,2.2099,0.0603,0.1111,True
0.4428125023841858,PLUS,MC,51065,62,46.4748,2.4227,0.0609,0.1229,True
0.4428125023841858,PLUS,MC,51134,71,50.5645,2.4172,0.0612,0.1232,True
0.4428125023841858,PLUS,MC,50988,71,50.5645,2.2188,0.0612,0.1131,True
0.4428125023841858,PLUS,MC,51088,32,31.4956,2.442,0.0613,0.1248,True
0.4428125023841858,PLUS,MC,4468,56,43.4579,2.2102,0.0614,0.1131,True
0.4428125023841858,PLUS,MC,4616,56,43.4579,2.2072,0.0614,0.113,True
0.4428125023841858,PLUS,MC,50159,130,80.4694,2.4011,0.0615,0.123,True
0.4428125023841858,PLUS,MC,51161,32,31.4956,2.4352,0.0615,0.1247,True
0.4428125023841858,PLUS,MC,51015,32,31.4956,2.2132,0.0615,0.1134,True
0.4428125023841858,PLUS,MC,50197,130,80.4694,2.497,0.0615,0.1279,True
0.4428125023841858,PLUS,MC,3753,46,38.3285,2.207,0.0615,0.1132,True
0.4428125023841858,PLUS,MC,51061,71,50.5645,2.2188,0.0617,0.1141,True
0.4428125023841858,PLUS,MC,13550,32,31.496,2.1434,0.0619,0.1106,True
0.4428125023841858,PLUS,MC,13623,32,31.496,2.4352,0.062,0.1259,True
0.4428125023841858,PLUS,MC,13477,32,31.496,2.2216,0.0621,0.1149,True
0.4428125023841858,PLUS,MC,4610,48,39.2205,2.7016,0.0626,0.1409,True
0.4428125023841858,PLUS,MC,4462,48,39.2205,2.2103,0.0626,0.1153,True
0.4428125023841858,PLUS,MC,50992,62,46.4748,2.8487,0.0627,0.1488,True
0.4428125023841858,PLUS,MC,51138,62,46.4748,2.4227,0.0627,0.1266,True
0.4428125023841858,PLUS,MC,4536,48,39.2205,2.7016,0.063,0.1418,True
0.4428125023841858,PLUS,MC,51436,129,79.8999,2.5333,0.0631,0.1332,True
0.4428125023841858,PLUS,MC,51398,129,79.8999,2.5046,0.0631,0.1317,True
0.4428125023841858,PLUS,MC,50197,130,80.4694,2.497,0.0633,0.1318,True
0.4428125023841858,PLUS,MC,50159,130,80.4694,2.4011,0.0633,0.1267,True
0.4428125023841858,PLUS,MC,51051,150,90.0,1.8832,0.0635,0.0997,True
0.4428125023841858,PLUS,MC,51124,150,90.0,1.9491,0.0637,0.1034,True
0.4428125023841858,PLUS,MC,50978,150,90.0,1.9491,0.0637,0.1034,True
0.4428125023841858,PLUS,MC,51398,129,79.8999,2.5046,0.0644,0.1345,True
0.4428125023841858,PLUS,MC,51436,129,79.8999,2.5333,0.0645,0.1361,True
0.4428125023841858,PLUS,MC,50178,130,80.4694,2.493,0.0648,0.1347,True
0.4428125023841858,PLUS,MC,50178,130,80.4694,2.493,0.0649,0.1347,True
0.4428125023841858,PLUS,MC,49840,59,44.5358,2.2974,0.0657,0.1258,False
0.4428125023841858,PLUS,MC,49908,59,44.5358,2.5221,0.0663,0.1393,False
0.4428125023841858,PLUS,MC,49772,59,44.5358,2.2188,0.0663,0.1226,False
0.4428125023841858,PLUS,MC,51398,129,79.8999,2.5046,0.0667,0.1391,True
0.4428125023841858,PLUS,MC,51436,129,79.8999,2.5333,0.0667,0.1408,True
0.4428125023841858,PLUS,MC,4541,56,43.0928,2.2074,0.0676,0.1243,True
0.4428125023841858,PLUS,MC,44695,59,44.507,2.212,0.0676,0.1246,True
0.4428125023841858,PLUS,MC,51398,129,79.8999,2.5046,0.0681,0.1421,True
0.4428125023841858,PLUS,MC,51436,129,79.8999,2.5333,0.0681,0.1438,True
0.4428125023841858,PLUS,MC,13317,0,15.0921,2.418,0.0686,0.1381,True
0.4428125023841858,PLUS,MC,51417,129,79.8999,2.5303,0.0689,0.1452,True
0.4428125023841858,PLUS,MC,51417,129,79.8999,2.5303,0.0689,0.1452,True
0.4428125023841858,PLUS,MC,4467,56,43.0928,2.2073,0.069,0.1268,True
0.4428125023841858,PLUS,MC,4615,56,43.0928,2.2099,0.069,0.127,True
0.4428125023841858,PLUS,MC,49298,23,26.7757,2.713,0.0694,0.1569,False
0.4428125023841858,PLUS,MC,49434,23,26.7757,2.713,0.0694,0.1569,False
0.4428125023841858,PLUS,MC,13385,0,15.0921,2.2121,0.0694,0.128,True
0.4428125023841858,PLUS,MC,13249,0,15.0921,2.1723,0.0695,0.1258,True
0.4428125023841858,PLUS,MC,4856,52,41.1466,2.2099,0.0695,0.128,True
0.4428125023841858,PLUS,MC,4930,52,41.1466,2.2099,0.0698,0.1286,True
0.4428125023841858,PLUS,MC,4782,52,41.1466,2.219,0.0698,0.1291,True
0.4428125023841858,PLUS,MC,49366,23,26.7757,2.7093,0.0701,0.1583,False
0.4428125023841858,PLUS,MC,51417,129,79.8999,2.5303,0.0704,0.1485,True
0.4428125023841858,PLUS,MC,51417,129,79.8999,2.5303,0.0704,0.1485,True
0.4428125023841858,PLUS,MC,13546,36,33.3628,2.4363,0.0741,0.1504,True
0.4428125023841858,PLUS,MC,13619,36,33.3628,2.4363,0.0741,0.1504,True
0.4428125023841858,PLUS,MC,13473,36,33.3628,2.2287,0.0741,0.1376,True
0.4428125023841858,PLUS,MC,51084,36,33.3623,2.4417,0.0741,0.1508,True
0.4428125023841858,PLUS,MC,51011,36,33.3623,2.2188,0.0742,0.1371,True
0.4428125023841858,PLUS,MC,51157,36,33.3623,2.4363,0.0742,0.1506,True
0.4428125023841858,PLUS,MC,5160,0,15.3161,2.7126,0.0747,0.1688,True
0.4428125023841858,PLUS,MC,50292,73,51.8732,2.522,0.0748,0.1573,True
0.4428125023841858,PLUS,MC,5228,0,15.3161,2.7126,0.0755,0.1707,True
0.4428125023841858,PLUS,MC,5092,0,15.3161,2.2102,0.0755,0.1391,True
0.4428125023841858,PLUS,MC,4537,50,40.2784,2.2103,0.0763,0.1405,True
0.4428125023841858,PLUS,MC,4223,46,38.2013,2.7016,0.0763,0.1718,False
0.4428125023841858,PLUS,MC,4463,50,40.2784,2.2102,0.0766,0.1411,True
0.4428125023841858,PLUS,MC,4611,50,40.2784,2.2102,0.0766,0.1411,True
0.4428125023841858,PLUS,MC,12748,0,15.0644,2.2217,0.0775,0.1435,True
0.4428125023841858,PLUS,MC,12680,0,15.0644,2.419,0.0778,0.1567,True
0.4428125023841858,PLUS,MC,12816,0,15.0644,1.8306,0.0778,0.1186,True
0.4428125023841858,PLUS,MC,4291,46,38.2013,2.7016,0.0785,0.1768,False
0.4428125023841858,PLUS,MC,4155,46,38.2013,2.7016,0.0785,0.1768,False
0.4428125023841858,PLUS,MC,50336,73,51.8732,2.7289,0.0795,0.1808,True
0.4428125023841858,PLUS,MC,3824,46,38.4664,2.2073,0.0795,0.1462,True
0.4428125023841858,PLUS,MC,50248,73,51.8732,2.2216,0.0795,0.1472,True
0.4428125023841858,PLUS,MC,3688,46,38.4664,2.2071,0.0795,0.1462,True
0.4428125023841858,PLUS,MC,3756,46,38.4664,2.2071,0.0798,0.1468,True
0.4428125023841858,PLUS,MC,49583,119,74.8791,2.7146,0.0801,0.1813,False
0.4428125023841858,PLUS,MC,49583,119,74.8791,2.7146,0.0802,0.1814,False
0.4428125023841858,PLUS,MC,32707,73,51.8417,2.8515,0.0803,0.1909,True
0.4428125023841858,PLUS,MC,49564,119,74.8791,2.6268,0.0806,0.1763,False
0.4428125023841858,PLUS,MC,49602,119,74.8791,2.7501,0.0807,0.1848,False
0.4428125023841858,PLUS,MC,50967,102,66.3282,2.2917,0.0811,0.1549,True
0.4428125023841858,PLUS,MC,51113,102,66.3282,2.6268,0.0811,0.1776,True
0.4428125023841858,PLUS,MC,36913,11,20.9751,2.7447,0.0817,0.1868,False
0.4428125023841858,PLUS,MC,49602,119,74.8791,2.7501,0.0819,0.1877,False
0.4428125023841858,PLUS,MC,49564,119,74.8791,2.6268,0.0819,0.1793,False
0.4428125023841858,PLUS,MC,13387,0,15.0504,2.196,0.0823,0.1506,False
0.4428125023841858,PLUS,MC,13251,0,15.0504,2.2228,0.0823,0.1524,False
0.4428125023841858,PLUS,MC,13319,0,15.0504,2.3056,0.083,0.1595,False
0.4428125023841858,PLUS,MC,51284,0,15.3343,2.1867,0.0832,0.1517,False
0.4428125023841858,PLUS,MC,51514,120,75.246,2.7737,0.0833,0.1926,False
0.4428125023841858,PLUS,MC,51552,120,75.246,2.2353,0.0834,0.1553,False
0.4428125023841858,PLUS,MC,49583,119,74.8791,2.7146,0.0834,0.1887,False
0.4428125023841858,PLUS,MC,49583,119,74.8791,2.7146,0.0835,0.1888,False
0.4428125023841858,PLUS,MC,49602,119,74.8791,2.7501,0.0837,0.1919,False
0.4428125023841858,PLUS,MC,51552,120,75.246,2.2353,0.0838,0.156,False
0.4428125023841858,PLUS,MC,51216,0,15.3343,2.7909,0.0838,0.1949,False
0.4428125023841858,PLUS,MC,49564,119,74.8791,2.6268,0.0838,0.1834,False
0.4428125023841858,PLUS,MC,51352,0,15.3343,2.3903,0.0838,0.1669,False
0.4428125023841858,PLUS,MC,51398,129,79.8999,2.5046,0.0838,0.1749,True
0.4428125023841858,PLUS,MC,51514,120,75.246,2.7737,0.0838,0.1937,False
0.4428125023841858,PLUS,MC,51436,129,79.8999,2.5333,0.0838,0.177,True
0.4428125023841858,PLUS,MC,51533,120,75.246,2.7032,0.0839,0.1891,False
0.4428125023841858,PLUS,MC,51533,120,75.246,2.7032,0.084,0.1892,False
0.4428125023841858,PLUS,MC,51436,129,79.8999,2.5333,0.084,0.1774,True
0.4428125023841858,PLUS,MC,51398,129,79.8999,2.5046,0.0841,0.1755,True
0.4428125023841858,PLUS,MC,51136,66,48.4074,2.6294,0.0843,0.1847,True
0.4428125023841858,PLUS,MC,50990,66,48.4074,2.8458,0.0843,0.1999,True
0.4428125023841858,PLUS,MC,49564,119,74.8791,2.6268,0.0843,0.1846,False
0.4428125023841858,PLUS,MC,49564,119,74.8791,2.6268,0.0844,0.1847,False
0.4428125023841858,PLUS,MC,49602,119,74.8791,2.7501,0.0844,0.1934,False
0.4428125023841858,PLUS,MC,49602,119,74.8791,2.7501,0.0844,0.1935,False
0.4428125023841858,PLUS,MC,36981,11,20.9751,2.7211,0.0844,0.1915,False
0.4428125023841858,PLUS,MC,36845,11,20.9751,2.7211,0.0845,0.1916,False
0.4428125023841858,PLUS,MC,49583,119,74.8791,2.7146,0.0846,0.1915,False
0.4428125023841858,PLUS,MC,49583,119,74.8791,2.7146,0.0847,0.1915,False
0.4428125023841858,PLUS,MC,51417,129,79.8999,2.5303,0.085,0.1791,True
0.4428125023841858,PLUS,MC,51417,129,79.8999,2.5303,0.085,0.1792,True
0.4428125023841858,PLUS,MC,51533,120,75.246,2.7032,0.0854,0.1924,False
0.4428125023841858,PLUS,MC,51533,120,75.246,2.7032,0.0854,0.1925,False
0.4428125023841858,PLUS,MC,32663,73,51.8417,2.8508,0.0855,0.2032,True
0.4428125023841858,PLUS,MC,32751,73,51.8417,2.8508,0.0856,0.2033,True
0.4428125023841858,PLUS,MC,51552,120,75.246,2.2353,0.0856,0.1594,False
0.4428125023841858,PLUS,MC,51514,120,75.246,2.7737,0.0856,0.1979,False
0.4428125023841858,PLUS,MC,50295,76,53.2846,2.8524,0.0858,0.2039,True
0.4428125023841858,PLUS,MC,51514,120,75.246,2.7737,0.086,0.1987,False
0.4428125023841858,PLUS,MC,51552,120,75.246,2.2353,0.086,0.1602,False
0.4428125023841858,PLUS,MC,51045,150,90.0,2.1658,0.0861,0.1554,False
0.4428125023841858,PLUS,MC,51063,66,48.4074,2.4203,0.087,0.1754,True
0.4428125023841858,PLUS,MC,50251,76,53.2846,2.61,0.0871,0.1894,True
0.4428125023841858,PLUS,MC,50339,76,53.2846,2.4889,0.0871,0.1806,True
0.4428125023841858,PLUS,MC,49602,119,74.8791,2.7501,0.0871,0.1996,False
0.4428125023841858,PLUS,MC,49564,119,74.8791,2.6268,0.0871,0.1907,False
0.4428125023841858,PLUS,MC,4623,72,51.208,2.7016,0.0873,0.1964,True
0.4428125023841858,PLUS,MC,4475,72,51.208,2.7016,0.0873,0.1964,True
0.4428125023841858,PLUS,MC,51118,150,90.0,2.4222,0.0875,0.1767,False
0.4428125023841858,PLUS,MC,50972,150,90.0,2.1761,0.0875,0.1587,False
0.4428125023841858,PLUS,MC,49583,119,74.8791,2.7146,0.0885,0.2002,False
0.4428125023841858,PLUS,MC,49583,119,74.8791,2.7146,0.0885,0.2003,False
0.4428125023841858,PLUS,MC,49564,119,74.8791,2.6268,0.0887,0.1941,False
0.4428125023841858,PLUS,MC,49602,119,74.8791,2.7501,0.0888,0.2034,False
0.4428125023841858,PLUS,MC,49602,119,74.8791,2.7501,0.0893,0.2046,False
0.4428125023841858,PLUS,MC,49564,119,74.8791,2.6268,0.0893,0.1955,False
0.4428125023841858,PLUS,MC,48893,23,26.8429,2.8919,0.09,0.2169,True
0.4428125023841858,PLUS,MC,51514,120,75.246,2.7737,0.09,0.2081,False
0.4428125023841858,PLUS,MC,51552,120,75.246,2.2353,0.0901,0.1678,False
0.4428125023841858,PLUS,MC,51552,120,75.246,2.2353,0.0905,0.1686,False
0.4428125023841858,PLUS,MC,51514,120,75.246,2.7737,0.0906,0.2093,False
0.4428125023841858,PLUS,MC,51533,120,75.246,2.7032,0.0907,0.2043,False
0.4428125023841858,PLUS,MC,51533,120,75.246,2.7032,0.0907,0.2044,False
0.4428125023841858,PLUS,MC,4549,72,51.208,2.7016,0.0919,0.2069,True
0.4428125023841858,PLUS,MC,51533,120,75.246,2.7032,0.0925,0.2083,False
0.4428125023841858,PLUS,MC,51533,120,75.246,2.7032,0.0925,0.2085,False
0.4428125023841858,PLUS,MC,51289,0,15.4928,2.4632,0.0926,0.19,True
0.4428125023841858,PLUS,MC,51552,120,75.246,2.2353,0.0927,0.1727,False
0.4428125023841858,PLUS,MC,51514,120,75.246,2.7737,0.0928,0.2144,False
0.4428125023841858,PLUS,MC,51514,120,75.246,2.7737,0.0932,0.2155,False
0.4428125023841858,PLUS,MC,51552,120,75.246,2.2353,0.0933,0.1738,False
0.4428125023841858,PLUS,MC,48825,23,26.8429,2.2188,0.0933,0.1726,True
0.4428125023841858,PLUS,MC,48961,23,26.8429,2.7197,0.0933,0.2115,True
0.4428125023841858,PLUS,MC,49362,23,26.6176,2.7054,0.0937,0.2112,False
0.4428125023841858,PLUS,MC,50293,72,51.3474,2.8376,0.0953,0.2254,True
0.4428125023841858,PLUS,MC,50249,72,51.3474,2.2188,0.0956,0.1768,True
0.4428125023841858,PLUS,MC,50337,72,51.3474,2.8105,0.0956,0.2239,True
0.4428125023841858,PLUS,MC,49430,23,26.6176,2.7396,0.0958,0.2186,False
0.4428125023841858,PLUS,MC,49294,23,26.6176,2.2216,0.0958,0.1773,False
0.4428125023841858,PLUS,MC,51357,0,15.4928,2.4695,0.0985,0.2026,True
0.4428125023841858,PLUS,MC,51221,0,15.4928,2.452,0.0985,0.2012,True
0.4428125023841858,PLUS,MC,13528,60,45.0234,2.4396,0.1002,0.2037,True
0.4428125023841858,PLUS,MC,4228,46,38.4259,2.2071,0.1003,0.1845,False
0.4428125023841858,PLUS,MC,13455,60,45.0234,2.2291,0.1004,0.1864,True
0.4428125023841858,PLUS,MC,13601,60,45.0234,2.3508,0.1004,0.1966,True
0.4428125023841858,PLUS,MC,36906,11,20.7883,2.405,0.1009,0.2022,False
0.4428125023841858,PLUS,MC,32708,76,53.3324,2.85,0.1017,0.2414,True
0.4428125023841858,PLUS,MC,36838,11,20.7883,2.3626,0.1025,0.2019,False
0.4428125023841858,PLUS,MC,36974,11,20.7883,2.4556,0.1025,0.2098,False
0.4428125023841858,PLUS,MC,32752,76,53.3324,2.7062,0.1027,0.2316,True
0.4428125023841858,PLUS,MC,32664,76,53.3324,2.4355,0.1027,0.2085,True
0.4428125023841858,PLUS,MC,4224,46,38.2071,2.7016,0.1041,0.2343,False
0.4428125023841858,PLUS,MC,4156,46,38.2071,2.7016,0.1043,0.2348,False
0.4428125023841858,PLUS,MC,4292,46,38.2071,2.7016,0.1043,0.2348,False
0.4428125023841858,PLUS,MC,4160,46,38.4259,2.207,0.107,0.1967,False
0.4428125023841858,PLUS,MC,4296,46,38.4259,2.7016,0.107,0.2408,False
0.4428125023841858,PLUS,MC,49293,23,26.6056,2.2188,0.1071,0.198,False
0.4428125023841858,PLUS,MC,49429,23,26.6056,2.5333,0.1071,0.226,False
0.4428125023841858,PLUS,MC,49361,23,26.6056,2.5047,0.1091,0.2277,False
0.4428125023841858,PLUS,MC,51066,60,45.0228,2.424,0.1093,0.2208,True
0.4428125023841858,PLUS,MC,51139,60,45.0228,2.4318,0.1096,0.222,True
0.4428125023841858,PLUS,MC,50993,60,45.0228,2.8003,0.1096,0.2557,True
0.4428125023841858,PLUS,MC,49673,77,53.8482,2.9084,0.1098,0.266,True
0.4428125023841858,PLUS,MC,49705,77,53.8482,2.7315,0.1099,0.2501,True
0.4428125023841858,PLUS,MC,32706,72,51.3611,2.8442,0.1099,0.2604,True
0.4428125023841858,PLUS,MC,49641,77,53.8482,2.8245,0.1099,0.2586,True
0.4428125023841858,PLUS,MC,51040,102,66.3282,2.2917,0.1105,0.211,True
0.4428125023841858,PLUS,MC,32750,72,51.3611,2.7673,0.1108,0.2556,True
0.4428125023841858,PLUS,MC,32662,72,51.3611,2.2287,0.1109,0.2059,True
0.4428125023841858,PLUS,MC,49671,74,52.2854,2.903,0.1121,0.2712,True
0.4428125023841858,PLUS,MC,13454,59,44.7251,1.8177,0.1121,0.1699,True
0.4428125023841858,PLUS,MC,13600,59,44.7251,2.4225,0.1122,0.2264,True
0.4428125023841858,PLUS,MC,49639,74,52.2854,2.6426,0.1125,0.2478,True
0.4428125023841858,PLUS,MC,49703,74,52.2854,2.7249,0.1125,0.2555,True
0.4428125023841858,PLUS,MC,13315,0,15.1523,2.2409,0.1134,0.2118,True
0.4428125023841858,PLUS,MC,13527,59,44.7251,2.449,0.1135,0.2316,True
0.4428125023841858,PLUS,MC,4854,49,39.8427,2.2099,0.114,0.2099,True
0.4428125023841858,PLUS,MC,49584,133,81.9979,2.5888,0.1144,0.2468,False
0.4428125023841858,PLUS,MC,45139,77,53.8434,2.9159,0.1158,0.2815,True
0.4428125023841858,PLUS,MC,45107,77,53.8434,2.159,0.116,0.2086,True
0.4428125023841858,PLUS,MC,45171,77,53.8434,2.9057,0.116,0.2808,True
0.4428125023841858,PLUS,MC,49584,133,81.9979,2.5888,0.116,0.2502,False
0.4428125023841858,PLUS,MC,13383,0,15.1523,2.435,0.1162,0.2357,True
0.4428125023841858,PLUS,MC,13247,0,15.1523,2.2167,0.1163,0.2148,True
0.4428125023841858,PLUS,MC,49603,133,81.9979,2.6308,0.117,0.2566,False
0.4428125023841858,PLUS,MC,4780,49,39.8427,2.7016,0.1176,0.2649,True
0.4428125023841858,PLUS,MC,4928,49,39.8427,2.7016,0.1176,0.2649,True
0.4428125023841858,PLUS,MC,45137,74,52.2733,2.9043,0.1183,0.2864,True
0.4428125023841858,PLUS,MC,45169,74,52.2733,2.898,0.1187,0.2866,True
0.4428125023841858,PLUS,MC,45105,74,52.2733,2.898,0.1187,0.2866,True
0.4428125023841858,PLUS,MC,49565,133,81.9979,2.0635,0.1191,0.2048,False
0.4428125023841858,PLUS,MC,5233,0,15.4619,2.7126,0.1196,0.2704,True
0.4428125023841858,PLUS,MC,5097,0,15.4619,2.2099,0.1197,0.2204,True
0.4428125023841858,PLUS,MC,12814,0,15.1227,2.2985,0.1209,0.2315,True
0.4428125023841858,PLUS,MC,12678,0,15.1227,2.4354,0.1209,0.2453,True
0.4428125023841858,PLUS,MC,5165,0,15.4619,2.2099,0.1209,0.2227,True
0.4428125023841858,PLUS,MC,4954,125,77.8573,2.2196,0.1216,0.2249,False
0.4428125023841858,PLUS,MC,12750,0,15.0278,2.0761,0.1226,0.2121,True
0.4428125023841858,PLUS,MC,5159,0,15.3323,2.7126,0.1227,0.2773,False
0.4428125023841858,PLUS,MC,12746,0,15.1227,2.3004,0.1229,0.2356,True
0.4428125023841858,PLUS,MC,4880,125,77.8573,2.2287,0.123,0.2284,False
0.4428125023841858,PLUS,MC,4486,108,69.469,2.2103,0.1233,0.2272,True
0.4428125023841858,PLUS,MC,4634,108,69.469,2.2103,0.1235,0.2274,True
0.4428125023841858,PLUS,MC,12682,0,15.0278,2.2243,0.124,0.2299,True
0.4428125023841858,PLUS,MC,12818,0,15.0278,2.3214,0.124,0.2399,True
0.4428125023841858,PLUS,MC,5227,0,15.3323,2.7126,0.1242,0.2806,False
0.4428125023841858,PLUS,MC,5091,0,15.3323,2.21,0.1242,0.2287,False
0.4428125023841858,PLUS,MC,4535,48,39.0255,2.7016,0.1245,0.2803,True
0.4428125023841858,PLUS,MC,4560,108,69.469,2.7016,0.1246,0.2805,True
0.4428125023841858,PLUS,MC,49565,133,81.9979,2.0635,0.1261,0.2168,False
0.4428125023841858,PLUS,MC,4806,125,77.8573,2.2196,0.1262,0.2334,False
0.4428125023841858,PLUS,MC,51220,0,15.4232,2.2188,0.1268,0.2345,True
0.4428125023841858,PLUS,MC,51356,0,15.4232,2.4177,0.1268,0.2555,True
0.4428125023841858,PLUS,MC,51288,0,15.4232,2.3881,0.127,0.2528,True
0.4428125023841858,PLUS,MC,49603,133,81.9979,2.6308,0.1271,0.2787,False
0.4428125023841858,PLUS,MC,4925,47,38.7535,2.2074,0.1278,0.2351,True
0.4428125023841858,PLUS,MC,4777,47,38.7535,2.7016,0.1278,0.2878,True
0.4428125023841858,PLUS,MC,4461,48,39.0255,2.7016,0.1279,0.288,True
0.4428125023841858,PLUS,MC,4609,48,39.0255,2.2103,0.1279,0.2356,True
0.4428125023841858,PLUS,MC,4851,47,38.7535,2.21,0.1295,0.2384,True
0.4428125023841858,PLUS,MC,5168,1,15.5263,2.7126,0.1295,0.2927,True
0.4428125023841858,PLUS,MC,5236,1,15.5263,2.2099,0.1295,0.2385,True
0.4428125023841858,PLUS,MC,5100,1,15.5263,2.2071,0.1295,0.2383,True
0.4428125023841858,PLUS,MC,36839,11,20.7891,2.4263,0.1346,0.2721,False
0.4428125023841858,PLUS,MC,36975,11,20.7891,2.4014,0.1346,0.2693,False
0.4428125023841858,PLUS,MC,49707,81,55.604,2.607,0.1346,0.2924,True
0.4428125023841858,PLUS,MC,49643,81,55.604,2.7632,0.1346,0.31,True
0.4428125023841858,PLUS,MC,49675,81,55.604,2.9145,0.135,0.3279,True
0.4428125023841858,PLUS,MC,4626,78,54.3818,2.7016,0.1354,0.3048,True
0.4428125023841858,PLUS,MC,4478,78,54.3818,2.7016,0.1354,0.3049,True
0.4428125023841858,PLUS,MC,51553,135,82.7762,2.7975,0.1354,0.3157,False
0.4428125023841858,PLUS,MC,4558,99,64.5656,2.7016,0.1361,0.3065,True
0.4428125023841858,PLUS,MC,4484,99,64.5656,2.7016,0.1363,0.3069,True
0.4428125023841858,PLUS,MC,4632,99,64.5656,2.7016,0.1364,0.307,True
0.4428125023841858,PLUS,MC,36907,11,20.7891,2.4233,0.1374,0.2775,False
0.4428125023841858,PLUS,MC,51515,135,82.7762,2.4844,0.1376,0.2848,False
0.4428125023841858,PLUS,MC,49584,133,81.9979,2.5888,0.1379,0.2976,False
0.4428125023841858,PLUS,MC,49584,133,81.9979,2.5888,0.1383,0.2984,False
0.4428125023841858,PLUS,MC,51140,59,44.7227,2.4254,0.1384,0.2797,True
0.4428125023841858,PLUS,MC,50994,59,44.7227,2.4254,0.1384,0.2797,True
0.4428125023841858,PLUS,MC,49603,133,81.9979,2.6308,0.1395,0.3058,False
0.4428125023841858,PLUS,MC,49565,133,81.9979,2.0635,0.1399,0.2406,False
0.4428125023841858,PLUS,MC,4460,45,37.9863,2.2169,0.14,0.2586,True
0.4428125023841858,PLUS,MC,4608,45,37.9863,2.7016,0.14,0.3152,True
0.4428125023841858,PLUS,MC,51067,59,44.7227,2.4253,0.1402,0.2834,True
0.4428125023841858,PLUS,MC,4534,45,37.9863,2.7016,0.1416,0.3189,True
0.4428125023841858,PLUS,MC,36914,12,21.0564,2.6955,0.1417,0.3182,True
0.4428125023841858,PLUS,MC,13321,0,15.0194,2.2154,0.1417,0.2616,False
0.4428125023841858,PLUS,MC,36982,12,21.0564,2.765,0.1418,0.3268,True
0.4428125023841858,PLUS,MC,36846,12,21.0564,2.2251,0.1419,0.2631,True
0.4428125023841858,PLUS,MC,51515,135,82.7762,2.4844,0.1419,0.2939,False
0.4428125023841858,PLUS,MC,4491,150,90.0,2.7016,0.1423,0.3204,False
0.4428125023841858,PLUS,MC,4639,150,90.0,2.7016,0.1423,0.3204,False
0.4428125023841858,PLUS,MC,13389,0,15.0194,1.9093,0.1424,0.2266,False
0.4428125023841858,PLUS,MC,13253,0,15.0194,1.9115,0.1424,0.2269,False
0.4428125023841858,PLUS,MC,45109,81,55.6013,2.1326,0.1429,0.2539,True
0.4428125023841858,PLUS,MC,45173,81,55.6013,2.9262,0.1429,0.3484,True
0.4428125023841858,PLUS,MC,4565,150,90.0,2.7016,0.1431,0.3221,False
0.4428125023841858,PLUS,MC,45141,81,55.6013,2.9254,0.1433,0.3494,True
0.4428125023841858,PLUS,MC,51553,135,82.7762,2.7975,0.1434,0.3342,False
0.4428125023841858,PLUS,MC,4552,78,54.3818,2.7016,0.1437,0.3236,True
0.4428125023841858,PLUS,MC,49910,59,44.6912,2.3327,0.1438,0.2795,False
0.4428125023841858,PLUS,MC,49774,59,44.6912,2.2732,0.1438,0.2724,False
0.4428125023841858,PLUS,MC,51534,135,82.7762,2.5686,0.144,0.3083,False
0.4428125023841858,PLUS,MC,49603,133,81.9979,2.6308,0.1442,0.3161,False
0.4428125023841858,PLUS,MC,49565,133,81.9979,2.0635,0.1443,0.2481,False
0.4428125023841858,PLUS,MC,51534,135,82.7762,2.5686,0.1459,0.3123,False
0.4428125023841858,PLUS,MC,51532,111,70.6073,2.8016,0.1472,0.3436,False
0.4428125023841858,PLUS,MC,51532,111,70.6073,2.8016,0.1474,0.3442,False
0.4428125023841858,PLUS,MC,51551,111,70.6073,2.8683,0.1486,0.3553,False
0.4428125023841858,PLUS,MC,49669,71,50.8349,2.8979,0.1488,0.3593,True
0.4428125023841858,PLUS,MC,51513,111,70.6073,2.8603,0.1488,0.3547,False
0.4428125023841858,PLUS,MC,49701,71,50.8349,2.8911,0.1494,0.3599,True
0.4428125023841858,PLUS,MC,49637,71,50.8349,2.7549,0.1494,0.3429,True
0.4428125023841858,PLUS,MC,49842,59,44.6912,2.3326,0.1495,0.2907,False
0.4428125023841858,PLUS,MC,50341,80,55.4754,2.9328,0.1503,0.3673,True
0.4428125023841858,PLUS,MC,50253,80,55.4754,2.8891,0.1503,0.3618,True
0.4428125023841858,PLUS,MC,49601,110,70.3717,2.8248,0.1503,0.3538,False
0.4428125023841858,PLUS,MC,49563,110,70.3717,2.6535,0.1507,0.3333,False
0.4428125023841858,PLUS,MC,50297,80,55.4754,2.8918,0.151,0.3639,True
0.4428125023841858,PLUS,MC,4556,90,60.2706,2.7016,0.1518,0.3417,True
0.4428125023841858,PLUS,MC,4492,150,90.0,2.7016,0.1518,0.3418,False
0.4428125023841858,PLUS,MC,4640,150,90.0,2.7016,0.1518,0.3418,False
0.4428125023841858,PLUS,MC,4566,150,90.0,2.7016,0.152,0.3422,False
0.4428125023841858,PLUS,MC,51513,111,70.6073,2.8603,0.1523,0.3631,False
0.4428125023841858,PLUS,MC,51551,111,70.6073,2.8683,0.1526,0.3647,False
0.4428125023841858,PLUS,MC,4795,81,55.9244,2.7016,0.1527,0.3437,True
0.4428125023841858,PLUS,MC,4943,81,55.9244,2.7016,0.1527,0.3437,True
0.4428125023841858,PLUS,MC,51553,135,82.7762,2.7975,0.1535,0.3579,False
0.4428125023841858,PLUS,MC,51515,135,82.7762,2.4844,0.154,0.3189,False
0.4428125023841858,PLUS,MC,48896,23,26.9591,2.2216,0.1544,0.2858,False
0.4428125023841858,PLUS,MC,4869,81,55.9244,2.7016,0.1547,0.3482,True
0.4428125023841858,PLUS,MC,51515,135,82.7762,2.4844,0.1558,0.3226,False
0.4428125023841858,PLUS,MC,51553,135,82.7762,2.7975,0.156,0.3637,False
0.4428125023841858,PLUS,MC,51534,135,82.7762,2.5686,0.1566,0.3352,False
0.4428125023841858,PLUS,MC,4482,90,60.2706,2.7016,0.1567,0.3529,True
0.4428125023841858,PLUS,MC,51534,135,82.7762,2.5686,0.1568,0.3356,False
0.4428125023841858,PLUS,MC,4630,90,60.2706,2.7016,0.1568,0.3531,True
0.4428125023841858,PLUS,MC,45135,71,50.8222,2.8969,0.157,0.3791,True
0.4428125023841858,PLUS,MC,45103,71,50.8222,2.8912,0.1576,0.3796,True
0.4428125023841858,PLUS,MC,45167,71,50.8222,2.8912,0.1576,0.3796,True
0.4428125023841858,PLUS,MC,48828,23,26.9591,2.2188,0.1582,0.2925,False
0.4428125023841858,PLUS,MC,48964,23,26.9591,2.7552,0.1583,0.3635,False
0.4428125023841858,PLUS,MC,4229,47,38.5692,2.21,0.164,0.302,False
0.4428125023841858,PLUS,MC,36405,12,21.0491,2.7164,0.1646,0.3727,True
0.4428125023841858,PLUS,MC,36541,12,21.0491,2.7164,0.1648,0.373,True
0.4428125023841858,PLUS,MC,49770,58,44.416,2.5444,0.1652,0.3504,False
0.4428125023841858,PLUS,MC,49906,58,44.416,2.3328,0.1652,0.3212,False
0.4428125023841858,PLUS,MC,44765,59,44.6398,2.2347,0.1659,0.3089,True
0.4428125023841858,PLUS,MC,44629,59,44.6398,2.2188,0.1659,0.3067,True
0.4428125023841858,PLUS,MC,4161,47,38.5692,2.2102,0.1668,0.3072,False
0.4428125023841858,PLUS,MC,4297,47,38.5692,2.2072,0.1668,0.3069,False
0.4428125023841858,PLUS,MC,49838,58,44.416,2.601,0.1673,0.3627,False
0.4428125023841858,PLUS,MC,4884,150,90.0,2.7016,0.1683,0.379,False
0.4428125023841858,PLUS,MC,4958,150,90.0,2.7016,0.1684,0.3792,False
0.4428125023841858,PLUS,MC,4810,150,90.0,2.7016,0.1684,0.3792,False
0.4428125023841858,PLUS,MC,49601,110,70.3717,2.8248,0.1687,0.397,False
0.4428125023841858,PLUS,MC,49563,110,70.3717,2.6535,0.1687,0.373,False
0.4428125023841858,PLUS,MC,50299,86,58.013,2.5553,0.1708,0.3637,True
0.4428125023841858,PLUS,MC,50255,86,58.013,2.9328,0.1715,0.4192,True
0.4428125023841858,PLUS,MC,50343,86,58.013,2.9225,0.1715,0.4178,True
0.4428125023841858,PLUS,MC,36473,12,21.0491,2.6931,0.1724,0.387,True
0.4428125023841858,PLUS,MC,32710,81,55.5327,2.8704,0.1731,0.4141,True
0.4428125023841858,PLUS,MC,32754,81,55.5327,2.8896,0.1734,0.4175,True
0.4428125023841858,PLUS,MC,32666,81,55.5327,2.4356,0.1734,0.352,True
0.4428125023841858,PLUS,MC,49709,84,57.4338,2.6678,0.1748,0.3886,True
0.4428125023841858,PLUS,MC,49645,84,57.4338,2.7199,0.1748,0.3962,True
0.4428125023841858,PLUS,MC,49677,84,57.4338,2.9558,0.1749,0.4309,True
0.4428125023841858,PLUS,MC,49582,110,70.3717,2.8031,0.176,0.4112,False
0.4428125023841858,PLUS,MC,49582,110,70.3717,2.8031,0.1763,0.4119,False
0.4428125023841858,PLUS,MC,49574,135,82.5795,2.6358,0.1763,0.3873,False
0.4428125023841858,PLUS,MC,51043,150,90.0,2.7541,0.177,0.4062,True
0.4428125023841858,PLUS,MC,50970,150,90.0,2.2037,0.178,0.3269,True
0.4428125023841858,PLUS,MC,51116,150,90.0,2.9179,0.178,0.4329,True
0.4428125023841858,PLUS,MC,49612,135,82.5795,2.642,0.1783,0.3926,False
0.4428125023841858,PLUS,MC,4956,150,90.0,2.1733,0.1793,0.3248,False
0.4428125023841858,PLUS,MC,4808,150,90.0,2.1733,0.1793,0.3248,False
0.4428125023841858,PLUS,MC,32712,86,58.0415,2.8792,0.1797,0.4311,True
0.4428125023841858,PLUS,MC,49593,135,82.5795,2.6199,0.1798,0.3925,False
0.4428125023841858,PLUS,MC,32756,86,58.0415,2.8841,0.18,0.4326,True
0.4428125023841858,PLUS,MC,32668,86,58.0415,2.8841,0.18,0.4327,True
0.4428125023841858,PLUS,MC,3900,40,35.0,2.2099,0.1814,0.3341,True
0.4428125023841858,PLUS,MC,3930,40,35.0,2.2074,0.1814,0.3337,True
0.4428125023841858,PLUS,MC,3870,40,35.0,2.2075,0.1814,0.3337,True
0.4428125023841858,PLUS,MC,3898,40,35.0,2.2102,0.1815,0.3342,True
0.4428125023841858,PLUS,MC,3928,40,35.0,2.2071,0.1815,0.3338,True
0.4428125023841858,PLUS,MC,3868,40,35.0,2.2074,0.1815,0.3338,True
0.4428125023841858,PLUS,MC,365,40,35.0,2.2099,0.1816,0.3345,True
0.4428125023841858,PLUS,MC,395,40,35.0,2.2099,0.1816,0.3345,True
0.4428125023841858,PLUS,MC,335,40,35.0,2.2099,0.1816,0.3345,True
0.4428125023841858,PLUS,MC,363,40,35.0,2.2099,0.1817,0.3346,True
0.4428125023841858,PLUS,MC,393,40,35.0,2.2099,0.1817,0.3346,True
0.4428125023841858,PLUS,MC,333,40,35.0,2.2099,0.1817,0.3346,True
0.4428125023841858,PLUS,MC,3896,40,35.0,2.2099,0.1819,0.335,True
0.4428125023841858,PLUS,MC,3866,40,35.0,2.2102,0.1819,0.335,True
0.4428125023841858,PLUS,MC,3926,40,35.0,2.2071,0.1819,0.3346,True
0.4428125023841858,PLUS,MC,361,40,35.0,2.2099,0.1821,0.3354,True
0.4428125023841858,PLUS,MC,391,40,35.0,2.2099,0.1821,0.3354,True
0.4428125023841858,PLUS,MC,331,40,35.0,2.2099,0.1821,0.3354,True
0.4428125023841858,PLUS,MC,4882,150,90.0,2.1905,0.1824,0.333,False
0.4428125023841858,PLUS,MC,3894,40,35.0,2.7016,0.1825,0.4108,True
0.4428125023841858,PLUS,MC,3924,40,35.0,2.207,0.1825,0.3356,True
0.4428125023841858,PLUS,MC,3864,40,35.0,2.2074,0.1825,0.3357,True
0.4428125023841858,PLUS,MC,3902,40,35.0,2.2099,0.1825,0.3361,True
0.4428125023841858,PLUS,MC,3872,40,35.0,2.2103,0.1825,0.3362,True
0.4428125023841858,PLUS,MC,3932,40,35.0,2.2074,0.1825,0.3357,True
0.4428125023841858,PLUS,MC,359,40,35.0,2.2099,0.1827,0.3364,True
0.4428125023841858,PLUS,MC,389,40,35.0,2.2099,0.1827,0.3364,True
0.4428125023841858,PLUS,MC,329,40,35.0,2.2099,0.1827,0.3364,True
0.4428125023841858,PLUS,MC,367,40,35.0,2.2099,0.1827,0.3365,True
0.4428125023841858,PLUS,MC,397,40,35.0,2.2099,0.1827,0.3365,True
0.4428125023841858,PLUS,MC,337,40,35.0,2.2099,0.1827,0.3365,True
0.4428125023841858,PLUS,MC,3892,40,35.0,2.2071,0.1831,0.3367,True
0.4428125023841858,PLUS,MC,3922,40,35.0,2.2099,0.1831,0.3371,True
0.4428125023841858,PLUS,MC,3862,40,35.0,2.2075,0.1831,0.3368,True
0.4428125023841858,PLUS,MC,357,40,35.0,2.2099,0.1832,0.3374,True
0.4428125023841858,PLUS,MC,387,40,35.0,2.2099,0.1832,0.3374,True
0.4428125023841858,PLUS,MC,327,40,35.0,2.2099,0.1832,0.3374,True
0.4428125023841858,PLUS,MC,3890,40,35.0,2.2099,0.1836,0.3382,True
0.4428125023841858,PLUS,MC,3920,40,35.0,2.2071,0.1836,0.3377,True
0.4428125023841858,PLUS,MC,3860,40,35.0,2.2099,0.1836,0.3382,True
0.4428125023841858,PLUS,MC,355,40,35.0,2.2099,0.1838,0.3384,True
0.4428125023841858,PLUS,MC,385,40,35.0,2.2099,0.1838,0.3384,True
0.4428125023841858,PLUS,MC,325,40,35.0,2.2099,0.1838,0.3384,True
0.4428125023841858,PLUS,MC,3888,40,35.0,2.2101,0.1841,0.3391,True
0.4428125023841858,PLUS,MC,3918,40,35.0,2.207,0.1841,0.3387,True
0.4428125023841858,PLUS,MC,3858,40,35.0,2.207,0.1841,0.3387,True
0.4428125023841858,PLUS,MC,4883,150,90.0,2.08,0.1841,0.3192,False
0.4428125023841858,PLUS,MC,49612,135,82.5795,2.642,0.1842,0.4056,False
0.4428125023841858,PLUS,MC,353,40,35.0,2.2099,0.1843,0.3394,True
0.4428125023841858,PLUS,MC,383,40,35.0,2.2099,0.1843,0.3394,True
0.4428125023841858,PLUS,MC,323,40,35.0,2.2099,0.1843,0.3394,True
0.4428125023841858,PLUS,MC,3904,40,35.0,2.2102,0.1844,0.3396,True
0.4428125023841858,PLUS,MC,3934,40,35.0,2.2074,0.1844,0.3392,True
0.4428125023841858,PLUS,MC,3874,40,35.0,2.2103,0.1844,0.3396,True
0.4428125023841858,PLUS,MC,51532,111,70.6073,2.8016,0.1845,0.4308,False
0.4428125023841858,PLUS,MC,3886,40,35.0,2.2099,0.1846,0.34,True
0.4428125023841858,PLUS,MC,3916,40,35.0,2.2099,0.1846,0.34,True
0.4428125023841858,PLUS,MC,3856,40,35.0,2.7016,0.1846,0.4156,True
0.4428125023841858,PLUS,MC,369,40,35.0,2.2099,0.1847,0.3401,True
0.4428125023841858,PLUS,MC,399,40,35.0,2.2099,0.1847,0.34,True
0.4428125023841858,PLUS,MC,339,40,35.0,2.207,0.1847,0.3396,True
0.4428125023841858,PLUS,MC,351,40,35.0,2.2071,0.1847,0.3398,True
0.4428125023841858,PLUS,MC,381,40,35.0,2.2099,0.1847,0.3402,True
0.4428125023841858,PLUS,MC,321,40,35.0,2.2099,0.1847,0.3402,True
0.4428125023841858,PLUS,MC,51532,111,70.6073,2.8016,0.1849,0.4317,False
0.4428125023841858,PLUS,MC,3884,40,35.0,2.2101,0.185,0.3407,True
0.4428125023841858,PLUS,MC,3854,40,35.0,2.7016,0.185,0.4165,True
0.4428125023841858,PLUS,MC,3914,40,35.0,2.2071,0.185,0.3403,True
0.4428125023841858,PLUS,MC,349,40,35.0,2.2071,0.1851,0.3405,True
0.4428125023841858,PLUS,MC,379,40,35.0,2.2071,0.1851,0.3405,True
0.4428125023841858,PLUS,MC,319,40,35.0,2.2099,0.1851,0.3409,True
0.4428125023841858,PLUS,MC,3912,40,35.0,2.7016,0.1853,0.4171,True
0.4428125023841858,PLUS,MC,3882,40,35.0,2.2103,0.1853,0.3412,True
0.4428125023841858,PLUS,MC,3942,40,35.0,2.7016,0.1853,0.4171,True
0.4428125023841858,PLUS,MC,3910,40,35.0,2.207,0.1853,0.3409,True
0.4428125023841858,PLUS,MC,3880,40,35.0,2.2103,0.1853,0.3414,True
0.4428125023841858,PLUS,MC,3940,40,35.0,2.2071,0.1853,0.3409,True
0.4428125023841858,PLUS,MC,3589,40,35.0,2.2099,0.1853,0.3413,True
0.4428125023841858,PLUS,MC,3619,40,35.0,2.207,0.1853,0.3409,True
0.4428125023841858,PLUS,MC,3559,40,35.0,2.207,0.1853,0.3409,True
0.4428125023841858,PLUS,MC,440,40,35.0,2.2071,0.1854,0.3411,True
0.4428125023841858,PLUS,MC,470,40,35.0,2.207,0.1854,0.341,True
0.4428125023841858,PLUS,MC,410,40,35.0,2.207,0.1854,0.341,True
0.4428125023841858,PLUS,MC,3906,40,35.0,2.2074,0.1855,0.3411,True
0.4428125023841858,PLUS,MC,3876,40,35.0,2.2103,0.1855,0.3416,True
0.4428125023841858,PLUS,MC,3936,40,35.0,2.2099,0.1855,0.3415,True
0.4428125023841858,PLUS,MC,3908,40,35.0,2.2074,0.1855,0.3412,True
0.4428125023841858,PLUS,MC,3878,40,35.0,2.2103,0.1855,0.3417,True
0.4428125023841858,PLUS,MC,3938,40,35.0,2.2074,0.1855,0.3412,True
0.4428125023841858,PLUS,MC,4091,40,35.0,2.2099,0.1855,0.3417,True
0.4428125023841858,PLUS,MC,4121,40,35.0,2.2103,0.1855,0.3418,True
0.4428125023841858,PLUS,MC,4061,40,35.0,2.2099,0.1855,0.3417,True
0.4428125023841858,PLUS,MC,3591,40,35.0,2.2099,0.1856,0.3418,True
0.4428125023841858,PLUS,MC,3621,40,35.0,2.207,0.1856,0.3413,True
0.4428125023841858,PLUS,MC,3561,40,35.0,2.2099,0.1856,0.3418,True
0.4428125023841858,PLUS,MC,377,40,35.0,2.2074,0.1856,0.3415,True
0.4428125023841858,PLUS,MC,407,40,35.0,2.2099,0.1856,0.3419,True
0.4428125023841858,PLUS,MC,347,40,35.0,2.2071,0.1856,0.3414,True
0.4428125023841858,PLUS,MC,4809,150,90.0,2.7016,0.1856,0.4179,False
0.4428125023841858,PLUS,MC,4957,150,90.0,2.0646,0.1856,0.3194,False
0.4428125023841858,PLUS,MC,375,40,35.0,2.2099,0.1857,0.3419,True
0.4428125023841858,PLUS,MC,405,40,35.0,2.2099,0.1857,0.3419,True
0.4428125023841858,PLUS,MC,345,40,35.0,2.2071,0.1857,0.3415,True
0.4428125023841858,PLUS,MC,442,40,35.0,2.2099,0.1857,0.3419,True
0.4428125023841858,PLUS,MC,472,40,35.0,2.2072,0.1857,0.3415,True
0.4428125023841858,PLUS,MC,412,40,35.0,2.2071,0.1857,0.3415,True
0.4428125023841858,PLUS,MC,371,40,35.0,2.2099,0.1857,0.342,True
0.4428125023841858,PLUS,MC,401,40,35.0,2.2099,0.1857,0.342,True
0.4428125023841858,PLUS,MC,341,40,35.0,2.2099,0.1857,0.342,True
0.4428125023841858,PLUS,MC,3593,40,35.0,2.2099,0.1858,0.3421,True
0.4428125023841858,PLUS,MC,3623,40,35.0,2.2099,0.1858,0.3421,True
0.4428125023841858,PLUS,MC,3563,40,35.0,2.207,0.1858,0.3417,True
0.4428125023841858,PLUS,MC,373,40,35.0,2.2071,0.1858,0.3417,True
0.4428125023841858,PLUS,MC,403,40,35.0,2.2099,0.1858,0.3422,True
0.4428125023841858,PLUS,MC,343,40,35.0,2.2099,0.1858,0.3422,True
0.4428125023841858,PLUS,MC,444,40,35.0,2.207,0.1858,0.3418,True
0.4428125023841858,PLUS,MC,474,40,35.0,2.207,0.1858,0.3418,True
0.4428125023841858,PLUS,MC,414,40,35.0,2.2099,0.1858,0.3422,True
0.4428125023841858,PLUS,MC,3595,40,35.0,2.2099,0.1859,0.3424,True
0.4428125023841858,PLUS,MC,3625,40,35.0,2.2099,0.1859,0.3424,True
0.4428125023841858,PLUS,MC,3565,40,35.0,2.2099,0.1859,0.3424,True
0.4428125023841858,PLUS,MC,288,40,35.0,2.2099,0.186,0.3425,True
0.4428125023841858,PLUS,MC,318,40,35.0,2.2099,0.186,0.3425,True
0.4428125023841858,PLUS,MC,258,40,35.0,2.207,0.186,0.342,True
0.4428125023841858,PLUS,MC,446,40,35.0,2.2071,0.186,0.3421,True
0.4428125023841858,PLUS,MC,476,40,35.0,2.207,0.186,0.3421,True
0.4428125023841858,PLUS,MC,416,40,35.0,2.2099,0.186,0.3425,True
0.4428125023841858,PLUS,MC,3597,40,35.0,2.2099,0.1861,0.3427,True
0.4428125023841858,PLUS,MC,3567,40,35.0,2.2099,0.1861,0.3427,True
0.4428125023841858,PLUS,MC,3627,40,35.0,2.2099,0.1861,0.3427,True
0.4428125023841858,PLUS,MC,448,40,35.0,2.2071,0.1861,0.3423,True
0.4428125023841858,PLUS,MC,478,40,35.0,2.2071,0.1861,0.3423,True
0.4428125023841858,PLUS,MC,418,40,35.0,2.2072,0.1861,0.3424,True
0.4428125023841858,PLUS,MC,3599,40,35.0,2.2099,0.1862,0.3429,True
0.4428125023841858,PLUS,MC,3569,40,35.0,2.2099,0.1862,0.3429,True
0.4428125023841858,PLUS,MC,3629,40,35.0,2.2073,0.1862,0.3425,True
0.4428125023841858,PLUS,MC,450,40,35.0,2.207,0.1863,0.3426,True
0.4428125023841858,PLUS,MC,480,40,35.0,2.2099,0.1863,0.343,True
0.4428125023841858,PLUS,MC,420,40,35.0,2.2099,0.1863,0.343,True
0.4428125023841858,PLUS,MC,3601,40,35.0,2.2099,0.1864,0.3433,True
0.4428125023841858,PLUS,MC,3571,40,35.0,2.2099,0.1864,0.3433,True
0.4428125023841858,PLUS,MC,3631,40,35.0,2.2099,0.1864,0.3433,True
0.4428125023841858,PLUS,MC,4089,40,35.0,2.2074,0.1864,0.343,True
0.4428125023841858,PLUS,MC,4119,40,35.0,2.2074,0.1864,0.3429,True
0.4428125023841858,PLUS,MC,4059,40,35.0,2.2074,0.1864,0.343,True
0.4428125023841858,PLUS,MC,452,40,35.0,2.2071,0.1865,0.3429,True
0.4428125023841858,PLUS,MC,482,40,35.0,2.2099,0.1865,0.3434,True
0.4428125023841858,PLUS,MC,422,40,35.0,2.2071,0.1865,0.3429,True
0.4428125023841858,PLUS,MC,49601,110,70.3717,2.8248,0.1866,0.4392,False
0.4428125023841858,PLUS,MC,49300,23,26.8743,2.2188,0.1866,0.345,False
0.4428125023841858,PLUS,MC,51551,111,70.6073,2.8683,0.1866,0.4461,False
0.4428125023841858,PLUS,MC,49436,23,26.8743,2.708,0.1867,0.4213,False
0.4428125023841858,PLUS,MC,3603,40,35.0,2.2099,0.1867,0.3439,True
0.4428125023841858,PLUS,MC,3573,40,35.0,2.2099,0.1867,0.3439,True
0.4428125023841858,PLUS,MC,3633,40,35.0,2.2099,0.1867,0.3439,True
0.4428125023841858,PLUS,MC,51513,111,70.6073,2.8603,0.1867,0.4451,False
0.4428125023841858,PLUS,MC,454,40,35.0,2.207,0.1868,0.3435,True
0.4428125023841858,PLUS,MC,484,40,35.0,2.2071,0.1868,0.3435,True
0.4428125023841858,PLUS,MC,424,40,35.0,2.2071,0.1868,0.3435,True
0.4428125023841858,PLUS,MC,286,40,35.0,2.207,0.1869,0.3438,True
0.4428125023841858,PLUS,MC,316,40,35.0,2.2099,0.1869,0.3443,True
0.4428125023841858,PLUS,MC,256,40,35.0,2.7016,0.1869,0.4209,True
0.4428125023841858,PLUS,MC,3605,40,35.0,2.2099,0.1872,0.3447,True
0.4428125023841858,PLUS,MC,3575,40,35.0,2.2072,0.1872,0.3442,True
0.4428125023841858,PLUS,MC,3635,40,35.0,2.21,0.1872,0.3447,True
0.4428125023841858,PLUS,MC,456,40,35.0,2.207,0.1872,0.3443,True
0.4428125023841858,PLUS,MC,486,40,35.0,2.2099,0.1872,0.3447,True
0.4428125023841858,PLUS,MC,426,40,35.0,2.2071,0.1872,0.3443,True
0.4428125023841858,PLUS,MC,49563,110,70.3717,2.6535,0.1873,0.4142,False
0.4428125023841858,PLUS,MC,3607,40,35.0,2.2099,0.1875,0.3453,True
0.4428125023841858,PLUS,MC,3577,40,35.0,2.2099,0.1875,0.3453,True
0.4428125023841858,PLUS,MC,3637,40,35.0,2.2099,0.1875,0.3453,True
0.4428125023841858,PLUS,MC,458,40,35.0,2.2071,0.1876,0.345,True
0.4428125023841858,PLUS,MC,488,40,35.0,2.2099,0.1876,0.3454,True
0.4428125023841858,PLUS,MC,428,40,35.0,2.207,0.1876,0.345,True
0.4428125023841858,PLUS,MC,45111,84,57.4227,2.2964,0.1877,0.3591,True
0.4428125023841858,PLUS,MC,45175,84,57.4227,2.9878,0.1877,0.4673,True
0.4428125023841858,PLUS,MC,4087,40,35.0,2.2099,0.1877,0.3456,True
0.4428125023841858,PLUS,MC,4117,40,35.0,2.2074,0.1877,0.3452,True
0.4428125023841858,PLUS,MC,4057,40,35.0,2.207,0.1877,0.3452,True
0.4428125023841858,PLUS,MC,49574,135,82.5795,2.6358,0.1877,0.4123,False
0.4428125023841858,PLUS,MC,3609,40,35.0,2.2099,0.1878,0.3458,True
0.4428125023841858,PLUS,MC,3579,40,35.0,2.207,0.1878,0.3453,True
0.4428125023841858,PLUS,MC,3639,40,35.0,2.2099,0.1878,0.3458,True
0.4428125023841858,PLUS,MC,460,40,35.0,2.207,0.1878,0.3454,True
0.4428125023841858,PLUS,MC,490,40,35.0,2.207,0.1878,0.3454,True
0.4428125023841858,PLUS,MC,430,40,35.0,2.207,0.1878,0.3454,True
0.4428125023841858,PLUS,MC,45143,84,57.4227,2.9489,0.1879,0.4617,True
0.4428125023841858,PLUS,MC,3611,40,35.0,2.2071,0.1879,0.3457,True
0.4428125023841858,PLUS,MC,3641,40,35.0,2.2099,0.1879,0.3461,True
0.4428125023841858,PLUS,MC,3581,40,35.0,2.207,0.1879,0.3457,True
0.4428125023841858,PLUS,MC,462,40,35.0,2.207,0.188,0.3457,True
0.4428125023841858,PLUS,MC,492,40,35.0,2.2099,0.188,0.3462,True
0.4428125023841858,PLUS,MC,432,40,35.0,2.2071,0.188,0.3457,True
0.4428125023841858,PLUS,MC,3613,40,35.0,2.2071,0.1881,0.346,True
0.4428125023841858,PLUS,MC,3583,40,35.0,2.2099,0.1881,0.3464,True
0.4428125023841858,PLUS,MC,3643,40,35.0,2.2071,0.1881,0.346,True
0.4428125023841858,PLUS,MC,464,40,35.0,2.2071,0.1882,0.3461,True
0.4428125023841858,PLUS,MC,494,40,35.0,2.207,0.1882,0.3461,True
0.4428125023841858,PLUS,MC,434,40,35.0,2.2071,0.1882,0.3461,True
0.4428125023841858,PLUS,MC,3615,40,35.0,2.207,0.1883,0.3463,True
0.4428125023841858,PLUS,MC,3645,40,35.0,2.2099,0.1883,0.3467,True
0.4428125023841858,PLUS,MC,3585,40,35.0,2.2099,0.1883,0.3467,True
0.4428125023841858,PLUS,MC,49368,23,26.8743,2.2216,0.1883,0.3486,False
0.4428125023841858,PLUS,MC,284,40,35.0,2.2099,0.1883,0.3468,True
0.4428125023841858,PLUS,MC,314,40,35.0,2.2099,0.1883,0.3468,True
0.4428125023841858,PLUS,MC,254,40,35.0,2.7016,0.1883,0.4239,True
0.4428125023841858,PLUS,MC,466,40,35.0,2.207,0.1883,0.3463,True
0.4428125023841858,PLUS,MC,496,40,35.0,2.2099,0.1883,0.3468,True
0.4428125023841858,PLUS,MC,436,40,35.0,2.207,0.1883,0.3463,True
0.4428125023841858,PLUS,MC,49593,135,82.5795,2.6199,0.1883,0.4112,False
0.4428125023841858,PLUS,MC,3617,40,35.0,2.207,0.1884,0.3466,True
0.4428125023841858,PLUS,MC,3647,40,35.0,2.2099,0.1884,0.347,True
0.4428125023841858,PLUS,MC,3587,40,35.0,2.2099,0.1884,0.347,True
0.4428125023841858,PLUS,MC,468,40,35.0,2.2099,0.1885,0.3471,True
0.4428125023841858,PLUS,MC,498,40,35.0,2.2099,0.1885,0.3471,True
0.4428125023841858,PLUS,MC,438,40,35.0,2.207,0.1885,0.3466,True
0.4428125023841858,PLUS,MC,4085,40,35.0,2.207,0.1885,0.3468,True
0.4428125023841858,PLUS,MC,4115,40,35.0,2.2073,0.1885,0.3468,True
0.4428125023841858,PLUS,MC,4055,40,35.0,2.7016,0.1885,0.4245,True
0.4428125023841858,PLUS,MC,3528,40,35.0,2.2099,0.1886,0.3473,True
0.4428125023841858,PLUS,MC,3558,40,35.0,2.2099,0.1886,0.3473,True
0.4428125023841858,PLUS,MC,3498,40,35.0,2.207,0.1886,0.3468,True
0.4428125023841858,PLUS,MC,557,40,35.0,2.2099,0.1886,0.3473,True
0.4428125023841858,PLUS,MC,587,40,35.0,2.2099,0.1886,0.3473,True
0.4428125023841858,PLUS,MC,527,40,35.0,2.2099,0.1886,0.3473,True
0.4428125023841858,PLUS,MC,3526,40,35.0,2.2099,0.1887,0.3475,True
0.4428125023841858,PLUS,MC,3556,40,35.0,2.2099,0.1887,0.3475,True
0.4428125023841858,PLUS,MC,3496,40,35.0,2.207,0.1887,0.3471,True
0.4428125023841858,PLUS,MC,555,40,35.0,2.2073,0.1887,0.3472,True
0.4428125023841858,PLUS,MC,585,40,35.0,2.2101,0.1887,0.3476,True
0.4428125023841858,PLUS,MC,525,40,35.0,2.2099,0.1887,0.3476,True
0.4428125023841858,PLUS,MC,3524,40,35.0,2.2099,0.1888,0.3478,True
0.4428125023841858,PLUS,MC,3554,40,35.0,2.2099,0.1888,0.3478,True
0.4428125023841858,PLUS,MC,3494,40,35.0,2.2071,0.1888,0.3473,True
0.4428125023841858,PLUS,MC,553,40,35.0,2.2074,0.1889,0.3474,True
0.4428125023841858,PLUS,MC,583,40,35.0,2.2074,0.1889,0.3474,True
0.4428125023841858,PLUS,MC,523,40,35.0,2.2099,0.1889,0.3478,True
0.4428125023841858,PLUS,MC,4083,40,35.0,2.2099,0.1889,0.3479,True
0.4428125023841858,PLUS,MC,4113,40,35.0,2.2074,0.1889,0.3475,True
0.4428125023841858,PLUS,MC,4053,40,35.0,2.2074,0.1889,0.3475,True
0.4428125023841858,PLUS,MC,4081,40,35.0,2.2099,0.1889,0.348,True
0.4428125023841858,PLUS,MC,4111,40,35.0,2.2075,0.1889,0.3476,True
0.4428125023841858,PLUS,MC,4051,40,35.0,2.0121,0.1889,0.3168,True
0.4428125023841858,PLUS,MC,3522,40,35.0,2.2099,0.189,0.348,True
0.4428125023841858,PLUS,MC,3552,40,35.0,2.2099,0.189,0.348,True
0.4428125023841858,PLUS,MC,3492,40,35.0,2.2099,0.189,0.348,True
0.4428125023841858,PLUS,MC,551,40,35.0,2.2099,0.189,0.348,True
0.4428125023841858,PLUS,MC,581,40,35.0,2.2074,0.189,0.3476,True
0.4428125023841858,PLUS,MC,521,40,35.0,2.2074,0.189,0.3476,True
0.4428125023841858,PLUS,MC,3520,40,35.0,2.2099,0.1891,0.3482,True
0.4428125023841858,PLUS,MC,3550,40,35.0,2.2099,0.1891,0.3482,True
0.4428125023841858,PLUS,MC,3490,40,35.0,2.2074,0.1891,0.3478,True
0.4428125023841858,PLUS,MC,549,40,35.0,2.2074,0.1891,0.3479,True
0.4428125023841858,PLUS,MC,579,40,35.0,2.2074,0.1891,0.3479,True
0.4428125023841858,PLUS,MC,519,40,35.0,2.2074,0.1891,0.3479,True
0.4428125023841858,PLUS,MC,4079,40,35.0,2.2099,0.1892,0.3484,True
0.4428125023841858,PLUS,MC,4109,40,35.0,2.2102,0.1892,0.3484,True
0.4428125023841858,PLUS,MC,4049,40,35.0,2.207,0.1892,0.3479,True
0.4428125023841858,PLUS,MC,3518,40,35.0,2.207,0.1892,0.348,True
0.4428125023841858,PLUS,MC,3488,40,35.0,2.2099,0.1892,0.3484,True
0.4428125023841858,PLUS,MC,3548,40,35.0,2.207,0.1892,0.348,True
0.4428125023841858,PLUS,MC,547,40,35.0,2.2074,0.1892,0.3481,True
0.4428125023841858,PLUS,MC,577,40,35.0,2.2074,0.1892,0.3481,True
0.4428125023841858,PLUS,MC,517,40,35.0,2.207,0.1892,0.348,True
0.4428125023841858,PLUS,MC,3516,40,35.0,2.2099,0.1893,0.3487,True
0.4428125023841858,PLUS,MC,3486,40,35.0,2.207,0.1893,0.3482,True
0.4428125023841858,PLUS,MC,3546,40,35.0,2.2099,0.1893,0.3487,True
0.4428125023841858,PLUS,MC,545,40,35.0,2.2074,0.1893,0.3483,True
0.4428125023841858,PLUS,MC,575,40,35.0,2.2074,0.1893,0.3483,True
0.4428125023841858,PLUS,MC,515,40,35.0,2.207,0.1893,0.3482,True
0.4428125023841858,PLUS,MC,282,40,35.0,2.2099,0.1893,0.3487,True
0.4428125023841858,PLUS,MC,312,40,35.0,2.2099,0.1893,0.3487,True
0.4428125023841858,PLUS,MC,252,40,35.0,2.2074,0.1893,0.3483,True
0.4428125023841858,PLUS,MC,3514,40,35.0,2.2099,0.1894,0.3488,True
0.4428125023841858,PLUS,MC,3544,40,35.0,2.2099,0.1894,0.3489,True
0.4428125023841858,PLUS,MC,3484,40,35.0,2.2099,0.1894,0.3489,True
0.4428125023841858,PLUS,MC,543,40,35.0,2.2073,0.1894,0.3485,True
0.4428125023841858,PLUS,MC,573,40,35.0,2.2071,0.1894,0.3484,True
0.4428125023841858,PLUS,MC,513,40,35.0,2.2099,0.1894,0.3489,True
0.4428125023841858,PLUS,MC,3512,40,35.0,2.207,0.1895,0.3486,True
0.4428125023841858,PLUS,MC,3542,40,35.0,2.2099,0.1895,0.349,True
0.4428125023841858,PLUS,MC,3482,40,35.0,2.2099,0.1895,0.349,True
0.4428125023841858,PLUS,MC,541,40,35.0,2.2073,0.1895,0.3486,True
0.4428125023841858,PLUS,MC,511,40,35.0,2.2071,0.1895,0.3486,True
0.4428125023841858,PLUS,MC,571,40,35.0,2.2073,0.1895,0.3486,True
0.4428125023841858,PLUS,MC,3510,40,35.0,2.207,0.1896,0.3488,True
0.4428125023841858,PLUS,MC,3480,40,35.0,2.2099,0.1896,0.3492,True
0.4428125023841858,PLUS,MC,3540,40,35.0,2.2071,0.1896,0.3488,True
0.4428125023841858,PLUS,MC,539,40,35.0,2.2073,0.1896,0.3488,True
0.4428125023841858,PLUS,MC,509,40,35.0,2.207,0.1896,0.3488,True
0.4428125023841858,PLUS,MC,569,40,35.0,2.2073,0.1896,0.3488,True
0.4428125023841858,PLUS,MC,51532,111,70.6073,2.8016,0.1897,0.4428,False
0.4428125023841858,PLUS,MC,3508,40,35.0,2.207,0.1897,0.3489,True
0.4428125023841858,PLUS,MC,3478,40,35.0,2.207,0.1897,0.3489,True
0.4428125023841858,PLUS,MC,3538,40,35.0,2.2099,0.1897,0.3494,True
0.4428125023841858,PLUS,MC,537,40,35.0,2.2073,0.1897,0.349,True
0.4428125023841858,PLUS,MC,567,40,35.0,2.2073,0.1897,0.349,True
0.4428125023841858,PLUS,MC,507,40,35.0,2.2099,0.1897,0.3494,True
0.4428125023841858,PLUS,MC,3506,40,35.0,2.207,0.1898,0.3491,True
0.4428125023841858,PLUS,MC,3476,40,35.0,2.207,0.1898,0.3491,True
0.4428125023841858,PLUS,MC,3536,40,35.0,2.2099,0.1898,0.3496,True
0.4428125023841858,PLUS,MC,535,40,35.0,2.2073,0.1898,0.3492,True
0.4428125023841858,PLUS,MC,565,40,35.0,2.2073,0.1898,0.3492,True
0.4428125023841858,PLUS,MC,505,40,35.0,2.207,0.1898,0.3491,True
0.4428125023841858,PLUS,MC,51532,111,70.6073,2.8016,0.1898,0.4432,False
0.4428125023841858,PLUS,MC,3504,40,35.0,2.2102,0.1899,0.3498,True
0.4428125023841858,PLUS,MC,3474,40,35.0,2.207,0.1899,0.3493,True
0.4428125023841858,PLUS,MC,3534,40,35.0,2.207,0.1899,0.3493,True
0.4428125023841858,PLUS,MC,533,40,35.0,2.2073,0.1899,0.3493,True
0.4428125023841858,PLUS,MC,563,40,35.0,2.2073,0.1899,0.3493,True
0.4428125023841858,PLUS,MC,503,40,35.0,2.2099,0.1899,0.3497,True
0.4428125023841858,PLUS,MC,280,40,35.0,2.2102,0.1899,0.3498,True
0.4428125023841858,PLUS,MC,310,40,35.0,2.2099,0.1899,0.3498,True
0.4428125023841858,PLUS,MC,250,40,35.0,2.207,0.1899,0.3493,True
0.4428125023841858,PLUS,MC,3502,40,35.0,2.2099,0.19,0.3499,True
0.4428125023841858,PLUS,MC,3532,40,35.0,2.2071,0.19,0.3494,True
0.4428125023841858,PLUS,MC,3472,40,35.0,2.2099,0.19,0.3499,True
0.4428125023841858,PLUS,MC,531,40,35.0,2.2071,0.19,0.3494,True
0.4428125023841858,PLUS,MC,561,40,35.0,2.2071,0.19,0.3494,True
0.4428125023841858,PLUS,MC,501,40,35.0,2.2099,0.19,0.3499,True
0.4428125023841858,PLUS,MC,529,40,35.0,2.2073,0.1901,0.3496,True
0.4428125023841858,PLUS,MC,3500,40,35.0,2.207,0.1901,0.3496,True
0.4428125023841858,PLUS,MC,559,40,35.0,2.2073,0.1901,0.3496,True
0.4428125023841858,PLUS,MC,499,40,35.0,2.207,0.1901,0.3496,True
0.4428125023841858,PLUS,MC,3530,40,35.0,2.2099,0.1901,0.35,True
0.4428125023841858,PLUS,MC,3470,40,35.0,2.207,0.1901,0.3496,True
0.4428125023841858,PLUS,MC,620,40,35.0,2.2072,0.1901,0.3497,True
0.4428125023841858,PLUS,MC,650,40,35.0,2.2072,0.1901,0.3497,True
0.4428125023841858,PLUS,MC,590,40,35.0,2.2101,0.1901,0.3502,True
0.4428125023841858,PLUS,MC,3409,40,35.0,2.2071,0.1901,0.3497,True
0.4428125023841858,PLUS,MC,3439,40,35.0,2.2099,0.1901,0.3501,True
0.4428125023841858,PLUS,MC,3379,40,35.0,2.2074,0.1901,0.3498,True
0.4428125023841858,PLUS,MC,278,40,35.0,2.207,0.1902,0.3497,True
0.4428125023841858,PLUS,MC,308,40,35.0,2.2099,0.1902,0.3502,True
0.4428125023841858,PLUS,MC,248,40,35.0,2.2099,0.1902,0.3502,True
0.4428125023841858,PLUS,MC,276,40,35.0,2.207,0.1902,0.3497,True
0.4428125023841858,PLUS,MC,306,40,35.0,2.207,0.1902,0.3497,True
0.4428125023841858,PLUS,MC,246,40,35.0,2.2103,0.1902,0.3503,True
0.4428125023841858,PLUS,MC,622,40,35.0,2.2072,0.1902,0.3498,True
0.4428125023841858,PLUS,MC,652,40,35.0,2.21,0.1902,0.3503,True
0.4428125023841858,PLUS,MC,592,40,35.0,2.2101,0.1902,0.3503,True
0.4428125023841858,PLUS,MC,3411,40,35.0,2.207,0.1902,0.3498,True
0.4428125023841858,PLUS,MC,3441,40,35.0,2.2071,0.1902,0.3498,True
0.4428125023841858,PLUS,MC,3381,40,35.0,2.207,0.1902,0.3498,True
0.4428125023841858,PLUS,MC,624,40,35.0,2.2072,0.1903,0.35,True
0.4428125023841858,PLUS,MC,654,40,35.0,2.2071,0.1903,0.3499,True
0.4428125023841858,PLUS,MC,594,40,35.0,2.2072,0.1903,0.35,True
0.4428125023841858,PLUS,MC,3413,40,35.0,2.207,0.1903,0.3499,True
0.4428125023841858,PLUS,MC,3443,40,35.0,2.207,0.1903,0.3499,True
0.4428125023841858,PLUS,MC,3383,40,35.0,2.2099,0.1903,0.3504,True
0.4428125023841858,PLUS,MC,626,40,35.0,2.2072,0.1903,0.3501,True
0.4428125023841858,PLUS,MC,656,40,35.0,2.2072,0.1903,0.3501,True
0.4428125023841858,PLUS,MC,596,40,35.0,2.2099,0.1903,0.3505,True
0.4428125023841858,PLUS,MC,3415,40,35.0,2.207,0.1903,0.3501,True
0.4428125023841858,PLUS,MC,3445,40,35.0,2.207,0.1903,0.3501,True
0.4428125023841858,PLUS,MC,3385,40,35.0,2.207,0.1903,0.3501,True
0.4428125023841858,PLUS,MC,274,40,35.0,2.207,0.1904,0.3501,True
0.4428125023841858,PLUS,MC,304,40,35.0,2.2071,0.1904,0.3501,True
0.4428125023841858,PLUS,MC,244,40,35.0,2.2099,0.1904,0.3506,True
0.4428125023841858,PLUS,MC,628,40,35.0,2.2072,0.1904,0.3502,True
0.4428125023841858,PLUS,MC,598,40,35.0,2.2071,0.1904,0.3502,True
0.4428125023841858,PLUS,MC,658,40,35.0,2.2071,0.1904,0.3502,True
0.4428125023841858,PLUS,MC,3417,40,35.0,2.2099,0.1904,0.3506,True
0.4428125023841858,PLUS,MC,3447,40,35.0,2.2071,0.1904,0.3502,True
0.4428125023841858,PLUS,MC,3387,40,35.0,2.2099,0.1904,0.3506,True
0.4428125023841858,PLUS,MC,630,40,35.0,2.2072,0.1904,0.3503,True
0.4428125023841858,PLUS,MC,660,40,35.0,2.21,0.1904,0.3507,True
0.4428125023841858,PLUS,MC,600,40,35.0,2.207,0.1904,0.3503,True
0.4428125023841858,PLUS,MC,3419,40,35.0,2.207,0.1904,0.3503,True
0.4428125023841858,PLUS,MC,3449,40,35.0,2.2099,0.1904,0.3507,True
0.4428125023841858,PLUS,MC,3389,40,35.0,2.2103,0.1904,0.3508,True
0.4428125023841858,PLUS,MC,632,40,35.0,2.2071,0.1905,0.3504,True
0.4428125023841858,PLUS,MC,662,40,35.0,2.207,0.1905,0.3504,True
0.4428125023841858,PLUS,MC,602,40,35.0,2.207,0.1905,0.3504,True
0.4428125023841858,PLUS,MC,3421,40,35.0,2.207,0.1905,0.3504,True
0.4428125023841858,PLUS,MC,3451,40,35.0,2.2099,0.1905,0.3508,True
0.4428125023841858,PLUS,MC,3391,40,35.0,2.2074,0.1905,0.3504,True
0.4428125023841858,PLUS,MC,634,40,35.0,2.2071,0.1905,0.3505,True
0.4428125023841858,PLUS,MC,664,40,35.0,2.207,0.1905,0.3505,True
0.4428125023841858,PLUS,MC,604,40,35.0,2.207,0.1905,0.3505,True
0.4428125023841858,PLUS,MC,3423,40,35.0,2.2099,0.1905,0.3509,True
0.4428125023841858,PLUS,MC,3453,40,35.0,2.2099,0.1905,0.3509,True
0.4428125023841858,PLUS,MC,3393,40,35.0,2.2099,0.1905,0.3509,True
0.4428125023841858,PLUS,MC,636,40,35.0,2.2071,0.1906,0.3506,True
0.4428125023841858,PLUS,MC,666,40,35.0,2.207,0.1906,0.3505,True
0.4428125023841858,PLUS,MC,606,40,35.0,2.2071,0.1906,0.3505,True
0.4428125023841858,PLUS,MC,3425,40,35.0,2.2099,0.1906,0.351,True
0.4428125023841858,PLUS,MC,3455,40,35.0,2.2099,0.1906,0.351,True
0.4428125023841858,PLUS,MC,3395,40,35.0,2.2099,0.1906,0.351,True
0.4428125023841858,PLUS,MC,638,40,35.0,2.207,0.1906,0.3506,True
0.4428125023841858,PLUS,MC,608,40,35.0,2.207,0.1906,0.3506,True
0.4428125023841858,PLUS,MC,668,40,35.0,2.2099,0.1906,0.3511,True
0.4428125023841858,PLUS,MC,3427,40,35.0,2.2099,0.1906,0.3511,True
0.4428125023841858,PLUS,MC,3457,40,35.0,2.207,0.1906,0.3506,True
0.4428125023841858,PLUS,MC,3397,40,35.0,2.2099,0.1906,0.3511,True
0.4428125023841858,PLUS,MC,640,40,35.0,2.2071,0.1907,0.3507,True
0.4428125023841858,PLUS,MC,670,40,35.0,2.7016,0.1907,0.4293,True
0.4428125023841858,PLUS,MC,610,40,35.0,2.207,0.1907,0.3507,True
0.4428125023841858,PLUS,MC,3429,40,35.0,2.2099,0.1907,0.3511,True
0.4428125023841858,PLUS,MC,3459,40,35.0,2.207,0.1907,0.3507,True
0.4428125023841858,PLUS,MC,3399,40,35.0,2.207,0.1907,0.3507,True
0.4428125023841858,PLUS,MC,642,40,35.0,2.2071,0.1907,0.3508,True
0.4428125023841858,PLUS,MC,672,40,35.0,2.2071,0.1907,0.3508,True
0.4428125023841858,PLUS,MC,612,40,35.0,2.2071,0.1907,0.3508,True
0.4428125023841858,PLUS,MC,3431,40,35.0,2.2099,0.1907,0.3512,True
0.4428125023841858,PLUS,MC,3401,40,35.0,2.207,0.1907,0.3508,True
0.4428125023841858,PLUS,MC,3461,40,35.0,2.207,0.1907,0.3508,True
0.4428125023841858,PLUS,MC,644,40,35.0,2.2099,0.1907,0.3513,True
0.4428125023841858,PLUS,MC,674,40,35.0,2.207,0.1907,0.3508,True
0.4428125023841858,PLUS,MC,614,40,35.0,2.2071,0.1907,0.3508,True
0.4428125023841858,PLUS,MC,3433,40,35.0,2.2016,0.1908,0.35,True
0.4428125023841858,PLUS,MC,3463,40,35.0,2.207,0.1908,0.3508,True
0.4428125023841858,PLUS,MC,3403,40,35.0,2.2099,0.1908,0.3513,True
0.4428125023841858,PLUS,MC,646,40,35.0,2.2072,0.1908,0.3509,True
0.4428125023841858,PLUS,MC,676,40,35.0,2.2071,0.1908,0.3509,True
0.4428125023841858,PLUS,MC,616,40,35.0,2.207,0.1908,0.3509,True
0.4428125023841858,PLUS,MC,3435,40,35.0,2.2071,0.1908,0.3509,True
0.4428125023841858,PLUS,MC,3465,40,35.0,2.207,0.1908,0.3509,True
0.4428125023841858,PLUS,MC,3405,40,35.0,2.2099,0.1908,0.3513,True
0.4428125023841858,PLUS,MC,51551,111,70.6073,2.8683,0.1908,0.456,False
0.4428125023841858,PLUS,MC,648,40,35.0,2.207,0.1908,0.3509,True
0.4428125023841858,PLUS,MC,678,40,35.0,2.2071,0.1908,0.3509,True
0.4428125023841858,PLUS,MC,618,40,35.0,2.2072,0.1908,0.351,True
0.4428125023841858,PLUS,MC,3437,40,35.0,2.207,0.1908,0.3509,True
0.4428125023841858,PLUS,MC,3467,40,35.0,2.2099,0.1908,0.3514,True
0.4428125023841858,PLUS,MC,3407,40,35.0,2.207,0.1908,0.351,True
0.4428125023841858,PLUS,MC,737,40,35.0,2.2099,0.1908,0.3514,True
0.4428125023841858,PLUS,MC,767,40,35.0,2.2099,0.1908,0.3514,True
0.4428125023841858,PLUS,MC,707,40,35.0,2.2099,0.1908,0.3514,True
0.4428125023841858,PLUS,MC,3348,40,35.0,2.21,0.1908,0.3515,True
0.4428125023841858,PLUS,MC,3318,40,35.0,2.2099,0.1908,0.3515,True
0.4428125023841858,PLUS,MC,3378,40,35.0,2.207,0.1908,0.351,True
0.4428125023841858,PLUS,MC,735,40,35.0,2.2099,0.1909,0.3515,True
0.4428125023841858,PLUS,MC,705,40,35.0,2.207,0.1909,0.351,True
0.4428125023841858,PLUS,MC,765,40,35.0,2.2099,0.1909,0.3515,True
0.4428125023841858,PLUS,MC,3346,40,35.0,2.21,0.1909,0.3515,True
0.4428125023841858,PLUS,MC,3376,40,35.0,2.2099,0.1909,0.3515,True
0.4428125023841858,PLUS,MC,3316,40,35.0,2.2099,0.1909,0.3515,True
0.4428125023841858,PLUS,MC,733,40,35.0,2.2099,0.1909,0.3515,True
0.4428125023841858,PLUS,MC,763,40,35.0,2.207,0.1909,0.3511,True
0.4428125023841858,PLUS,MC,703,40,35.0,2.2099,0.1909,0.3515,True
0.4428125023841858,PLUS,MC,3344,40,35.0,2.2099,0.1909,0.3515,True
0.4428125023841858,PLUS,MC,3374,40,35.0,2.2099,0.1909,0.3516,True
0.4428125023841858,PLUS,MC,3314,40,35.0,2.2099,0.1909,0.3515,True
0.4428125023841858,PLUS,MC,731,40,35.0,2.207,0.1909,0.3511,True
0.4428125023841858,PLUS,MC,701,40,35.0,2.207,0.1909,0.3511,True
0.4428125023841858,PLUS,MC,761,40,35.0,2.2099,0.1909,0.3516,True
0.4428125023841858,PLUS,MC,3342,40,35.0,2.2099,0.1909,0.3516,True
0.4428125023841858,PLUS,MC,3372,40,35.0,2.2099,0.1909,0.3516,True
0.4428125023841858,PLUS,MC,3312,40,35.0,2.2099,0.1909,0.3516,True
0.4428125023841858,PLUS,MC,729,40,35.0,2.2099,0.1909,0.3516,True
0.4428125023841858,PLUS,MC,699,40,35.0,2.207,0.1909,0.3512,True
0.4428125023841858,PLUS,MC,759,40,35.0,2.2099,0.1909,0.3516,True
0.4428125023841858,PLUS,MC,3340,40,35.0,2.2099,0.1909,0.3516,True
0.4428125023841858,PLUS,MC,3310,40,35.0,2.2099,0.1909,0.3516,True
0.4428125023841858,PLUS,MC,3370,40,35.0,2.207,0.1909,0.3512,True
0.4428125023841858,PLUS,MC,727,40,35.0,2.2099,0.191,0.3517,True
0.4428125023841858,PLUS,MC,757,40,35.0,2.2099,0.191,0.3517,True
0.4428125023841858,PLUS,MC,697,40,35.0,2.2103,0.191,0.3517,True
0.4428125023841858,PLUS,MC,3338,40,35.0,2.2099,0.191,0.3517,True
0.4428125023841858,PLUS,MC,3308,40,35.0,2.2101,0.191,0.3517,True
0.4428125023841858,PLUS,MC,3368,40,35.0,2.7235,0.191,0.4334,True
0.4428125023841858,PLUS,MC,725,40,35.0,2.7016,0.191,0.4299,True
0.4428125023841858,PLUS,MC,695,40,35.0,2.2099,0.191,0.3517,True
0.4428125023841858,PLUS,MC,755,40,35.0,2.2099,0.191,0.3517,True
0.4428125023841858,PLUS,MC,3336,40,35.0,2.207,0.191,0.3512,True
0.4428125023841858,PLUS,MC,3306,40,35.0,2.2101,0.191,0.3517,True
0.4428125023841858,PLUS,MC,3366,40,35.0,2.7235,0.191,0.4334,True
0.4428125023841858,PLUS,MC,723,40,35.0,2.2099,0.191,0.3517,True
0.4428125023841858,PLUS,MC,753,40,35.0,2.2099,0.191,0.3517,True
0.4428125023841858,PLUS,MC,693,40,35.0,2.207,0.191,0.3513,True
0.4428125023841858,PLUS,MC,3334,40,35.0,2.2099,0.191,0.3517,True
0.4428125023841858,PLUS,MC,3364,40,35.0,2.207,0.191,0.3513,True
0.4428125023841858,PLUS,MC,3304,40,35.0,2.21,0.191,0.3517,True
0.4428125023841858,PLUS,MC,721,40,35.0,2.2099,0.191,0.3517,True
0.4428125023841858,PLUS,MC,691,40,35.0,2.2099,0.191,0.3517,True
0.4428125023841858,PLUS,MC,751,40,35.0,2.2099,0.191,0.3517,True
0.4428125023841858,PLUS,MC,3332,40,35.0,2.2099,0.191,0.3518,True
0.4428125023841858,PLUS,MC,3302,40,35.0,2.207,0.191,0.3513,True
0.4428125023841858,PLUS,MC,3362,40,35.0,2.7235,0.191,0.4335,True
0.4428125023841858,PLUS,MC,719,40,35.0,2.2099,0.191,0.3518,True
0.4428125023841858,PLUS,MC,689,40,35.0,2.207,0.191,0.3513,True
0.4428125023841858,PLUS,MC,749,40,35.0,2.2099,0.191,0.3518,True
0.4428125023841858,PLUS,MC,3330,40,35.0,2.2099,0.191,0.3518,True
0.4428125023841858,PLUS,MC,3360,40,35.0,2.1055,0.191,0.3352,True
0.4428125023841858,PLUS,MC,3300,40,35.0,2.21,0.191,0.3518,True
0.4428125023841858,PLUS,MC,717,40,35.0,2.2099,0.191,0.3518,True
0.4428125023841858,PLUS,MC,687,40,35.0,2.2099,0.191,0.3518,True
0.4428125023841858,PLUS,MC,747,40,35.0,2.2099,0.191,0.3518,True
0.4428125023841858,PLUS,MC,3328,40,35.0,2.2099,0.191,0.3518,True
0.4428125023841858,PLUS,MC,3358,40,35.0,2.2071,0.191,0.3513,True
0.4428125023841858,PLUS,MC,3298,40,35.0,2.21,0.191,0.3518,True
0.4428125023841858,PLUS,MC,715,40,35.0,2.207,0.191,0.3514,True
0.4428125023841858,PLUS,MC,685,40,35.0,2.207,0.191,0.3514,True
0.4428125023841858,PLUS,MC,745,40,35.0,2.2099,0.191,0.3518,True
0.4428125023841858,PLUS,MC,3326,40,35.0,2.2099,0.191,0.3518,True
0.4428125023841858,PLUS,MC,3296,40,35.0,2.21,0.191,0.3518,True
0.4428125023841858,PLUS,MC,3356,40,35.0,2.2099,0.191,0.3518,True
0.4428125023841858,PLUS,MC,713,40,35.0,2.2099,0.191,0.3518,True
0.4428125023841858,PLUS,MC,743,40,35.0,2.2099,0.191,0.3518,True
0.4428125023841858,PLUS,MC,683,40,35.0,2.2099,0.191,0.3518,True
0.4428125023841858,PLUS,MC,3324,40,35.0,2.2099,0.1911,0.3518,True
0.4428125023841858,PLUS,MC,3354,40,35.0,2.2104,0.1911,0.3519,True
0.4428125023841858,PLUS,MC,3294,40,35.0,2.21,0.1911,0.3519,True
0.4428125023841858,PLUS,MC,711,40,35.0,2.207,0.1911,0.3514,True
0.4428125023841858,PLUS,MC,741,40,35.0,2.2099,0.1911,0.3518,True
0.4428125023841858,PLUS,MC,681,40,35.0,2.2071,0.1911,0.3514,True
0.4428125023841858,PLUS,MC,3322,40,35.0,2.2099,0.1911,0.3519,True
0.4428125023841858,PLUS,MC,3352,40,35.0,2.2099,0.1911,0.3519,True
0.4428125023841858,PLUS,MC,3292,40,35.0,2.21,0.1911,0.3519,True
0.4428125023841858,PLUS,MC,709,40,35.0,2.207,0.1911,0.3514,True
0.4428125023841858,PLUS,MC,739,40,35.0,2.2099,0.1911,0.3519,True
0.4428125023841858,PLUS,MC,679,40,35.0,2.207,0.1911,0.3514,True
0.4428125023841858,PLUS,MC,3320,40,35.0,2.207,0.1911,0.3514,True
0.4428125023841858,PLUS,MC,3290,40,35.0,2.21,0.1911,0.3519,True
0.4428125023841858,PLUS,MC,3350,40,35.0,2.207,0.1911,0.3514,True
0.4428125023841858,PLUS,MC,800,40,35.0,2.2103,0.1911,0.352,True
0.4428125023841858,PLUS,MC,830,40,35.0,2.2099,0.1911,0.3519,True
0.4428125023841858,PLUS,MC,770,40,35.0,2.207,0.1911,0.3514,True
0.4428125023841858,PLUS,MC,3229,40,35.0,2.2071,0.1911,0.3514,True
0.4428125023841858,PLUS,MC,3259,40,35.0,2.2071,0.1911,0.3514,True
0.4428125023841858,PLUS,MC,3199,40,35.0,2.2071,0.1911,0.3514,True
0.4428125023841858,PLUS,MC,49563,110,70.3717,2.6535,0.1911,0.4225,False
0.4428125023841858,PLUS,MC,802,40,35.0,2.2104,0.1911,0.352,True
0.4428125023841858,PLUS,MC,772,40,35.0,2.2099,0.1911,0.3519,True
0.4428125023841858,PLUS,MC,832,40,35.0,2.207,0.1911,0.3514,True
0.4428125023841858,PLUS,MC,3231,40,35.0,2.2071,0.1911,0.3514,True
0.4428125023841858,PLUS,MC,3261,40,35.0,2.2099,0.1911,0.3519,True
0.4428125023841858,PLUS,MC,3201,40,35.0,2.2099,0.1911,0.3519,True
0.4428125023841858,PLUS,MC,2517,40,35.0,2.2099,0.1911,0.3519,True
0.4428125023841858,PLUS,MC,1528,40,35.0,2.2099,0.1911,0.3519,True
0.4428125023841858,PLUS,MC,1526,40,35.0,2.2099,0.1911,0.3519,True
0.4428125023841858,PLUS,MC,2515,40,35.0,2.2099,0.1911,0.3519,True
0.4428125023841858,PLUS,MC,2519,40,35.0,2.2099,0.1911,0.3519,True
0.4428125023841858,PLUS,MC,1530,40,35.0,2.2099,0.1911,0.3519,True
0.4428125023841858,PLUS,MC,2521,40,35.0,2.2099,0.1911,0.3519,True
0.4428125023841858,PLUS,MC,1532,40,35.0,2.2099,0.1911,0.3519,True
0.4428125023841858,PLUS,MC,1815,40,35.0,2.207,0.1911,0.3514,True
0.4428125023841858,PLUS,MC,2266,40,35.0,2.2099,0.1911,0.3519,True
0.4428125023841858,PLUS,MC,2523,40,35.0,2.207,0.1911,0.3514,True
0.4428125023841858,PLUS,MC,1534,40,35.0,2.207,0.1911,0.3514,True
0.4428125023841858,PLUS,MC,1813,40,35.0,2.2099,0.1911,0.3519,True
0.4428125023841858,PLUS,MC,2264,40,35.0,2.2071,0.1911,0.3514,True
0.4428125023841858,PLUS,MC,1259,40,35.0,2.2099,0.1911,0.3519,True
0.4428125023841858,PLUS,MC,2788,40,35.0,2.2099,0.1911,0.3519,True
0.4428125023841858,PLUS,MC,2790,40,35.0,2.2099,0.1911,0.3519,True
0.4428125023841858,PLUS,MC,1811,40,35.0,2.207,0.1911,0.3514,True
0.4428125023841858,PLUS,MC,1971,40,35.0,2.2099,0.1911,0.3519,True
0.4428125023841858,PLUS,MC,2262,40,35.0,2.2071,0.1911,0.3515,True
0.4428125023841858,PLUS,MC,2062,40,35.0,2.2071,0.1911,0.3514,True
0.4428125023841858,PLUS,MC,1257,40,35.0,2.2099,0.1911,0.3519,True
0.4428125023841858,PLUS,MC,1261,40,35.0,2.2099,0.1911,0.3519,True
0.4428125023841858,PLUS,MC,2792,40,35.0,2.2099,0.1911,0.3519,True
0.4428125023841858,PLUS,MC,2060,40,35.0,2.2071,0.1911,0.3514,True
0.4428125023841858,PLUS,MC,2794,40,35.0,2.2099,0.1911,0.3519,True
0.4428125023841858,PLUS,MC,1969,40,35.0,2.2099,0.1911,0.3519,True
0.4428125023841858,PLUS,MC,1498,40,35.0,2.2099,0.1911,0.3519,True
0.4428125023841858,PLUS,MC,1809,40,35.0,2.207,0.1911,0.3514,True
0.4428125023841858,PLUS,MC,1558,40,35.0,2.2099,0.1911,0.3519,True
0.4428125023841858,PLUS,MC,1817,40,35.0,2.207,0.1911,0.3514,True
0.4428125023841858,PLUS,MC,2547,40,35.0,2.2099,0.1911,0.3519,True
0.4428125023841858,PLUS,MC,2268,40,35.0,2.207,0.1911,0.3514,True
0.4428125023841858,PLUS,MC,1263,40,35.0,2.2099,0.1911,0.3519,True
0.4428125023841858,PLUS,MC,2487,40,35.0,2.207,0.1911,0.3514,True
0.4428125023841858,PLUS,MC,2260,40,35.0,2.2099,0.1911,0.3519,True
0.4428125023841858,PLUS,MC,1496,40,35.0,2.2099,0.1911,0.3519,True
0.4428125023841858,PLUS,MC,1556,40,35.0,2.207,0.1911,0.3514,True
0.4428125023841858,PLUS,MC,2545,40,35.0,2.207,0.1911,0.3514,True
0.4428125023841858,PLUS,MC,1524,40,35.0,2.207,0.1911,0.3514,True
0.4428125023841858,PLUS,MC,2549,40,35.0,2.2099,0.1911,0.3519,True
0.4428125023841858,PLUS,MC,2064,40,35.0,2.2099,0.1911,0.3519,True
0.4428125023841858,PLUS,MC,1560,40,35.0,2.207,0.1911,0.3514,True
0.4428125023841858,PLUS,MC,2485,40,35.0,2.2071,0.1911,0.3514,True
0.4428125023841858,PLUS,MC,2513,40,35.0,2.2099,0.1911,0.3519,True
0.4428125023841858,PLUS,MC,1500,40,35.0,2.2099,0.1911,0.3519,True
0.4428125023841858,PLUS,MC,2489,40,35.0,2.2071,0.1911,0.3514,True
0.4428125023841858,PLUS,MC,2551,40,35.0,2.2099,0.1911,0.3519,True
0.4428125023841858,PLUS,MC,1562,40,35.0,2.2099,0.1911,0.3519,True
0.4428125023841858,PLUS,MC,1973,40,35.0,2.2099,0.1911,0.3519,True
0.4428125023841858,PLUS,MC,2796,40,35.0,2.2099,0.1911,0.3519,True
0.4428125023841858,PLUS,MC,1502,40,35.0,2.2099,0.1911,0.3519,True
0.4428125023841858,PLUS,MC,2296,40,35.0,2.2099,0.1911,0.3519,True
0.4428125023841858,PLUS,MC,2491,40,35.0,2.2099,0.1911,0.3519,True
0.4428125023841858,PLUS,MC,1265,40,35.0,2.2099,0.1911,0.3519,True
0.4428125023841858,PLUS,MC,2525,40,35.0,2.207,0.1911,0.3514,True
0.4428125023841858,PLUS,MC,1536,40,35.0,2.2099,0.1911,0.3519,True
0.4428125023841858,PLUS,MC,2786,40,35.0,2.2074,0.1911,0.3515,True
0.4428125023841858,PLUS,MC,1785,40,35.0,2.2099,0.1911,0.3519,True
0.4428125023841858,PLUS,MC,1845,40,35.0,2.2074,0.1911,0.3515,True
0.4428125023841858,PLUS,MC,2553,40,35.0,2.2099,0.1911,0.3519,True
0.4428125023841858,PLUS,MC,1564,40,35.0,2.207,0.1911,0.3514,True
0.4428125023841858,PLUS,MC,1255,40,35.0,2.2099,0.1911,0.3519,True
0.4428125023841858,PLUS,MC,2294,40,35.0,2.2099,0.1911,0.3519,True
0.4428125023841858,PLUS,MC,1783,40,35.0,2.2099,0.1911,0.3519,True
0.4428125023841858,PLUS,MC,1843,40,35.0,2.2074,0.1911,0.3515,True
0.4428125023841858,PLUS,MC,2236,40,35.0,2.207,0.1911,0.3514,True
0.4428125023841858,PLUS,MC,2493,40,35.0,2.207,0.1911,0.3514,True
0.4428125023841858,PLUS,MC,2258,40,35.0,2.2071,0.1911,0.3515,True
0.4428125023841858,PLUS,MC,1807,40,35.0,2.2099,0.1911,0.3519,True
0.4428125023841858,PLUS,MC,2760,40,35.0,2.2071,0.1911,0.3514,True
0.4428125023841858,PLUS,MC,1229,40,35.0,2.2099,0.1911,0.3519,True
0.4428125023841858,PLUS,MC,2758,40,35.0,2.2099,0.1911,0.3519,True
0.4428125023841858,PLUS,MC,1289,40,35.0,2.2071,0.1911,0.3515,True
0.4428125023841858,PLUS,MC,2820,40,35.0,2.2099,0.1911,0.3519,True
0.4428125023841858,PLUS,MC,2818,40,35.0,2.207,0.1911,0.3514,True
0.4428125023841858,PLUS,MC,2292,40,35.0,2.2099,0.1911,0.3519,True
0.4428125023841858,PLUS,MC,1781,40,35.0,2.2099,0.1911,0.3519,True
0.4428125023841858,PLUS,MC,2234,40,35.0,2.207,0.1911,0.3514,True
0.4428125023841858,PLUS,MC,1504,40,35.0,2.2099,0.1911,0.3519,True
0.4428125023841858,PLUS,MC,2001,40,35.0,2.2099,0.1911,0.3519,True
0.4428125023841858,PLUS,MC,2092,40,35.0,2.2071,0.1911,0.3515,True
0.4428125023841858,PLUS,MC,1227,40,35.0,2.2099,0.1911,0.3519,True
0.4428125023841858,PLUS,MC,1231,40,35.0,2.2099,0.1911,0.3519,True
0.4428125023841858,PLUS,MC,2762,40,35.0,2.207,0.1911,0.3514,True
0.4428125023841858,PLUS,MC,1287,40,35.0,2.207,0.1911,0.3514,True
0.4428125023841858,PLUS,MC,1291,40,35.0,2.2104,0.1911,0.352,True
0.4428125023841858,PLUS,MC,2822,40,35.0,2.2104,0.1911,0.352,True
0.4428125023841858,PLUS,MC,2232,40,35.0,2.207,0.1911,0.3514,True
0.4428125023841858,PLUS,MC,1941,40,35.0,2.2099,0.1911,0.3519,True
0.4428125023841858,PLUS,MC,1841,40,35.0,2.2071,0.1911,0.3515,True
0.4428125023841858,PLUS,MC,2824,40,35.0,2.1806,0.1911,0.3472,True
0.4428125023841858,PLUS,MC,2090,40,35.0,2.2099,0.1911,0.3519,True
0.4428125023841858,PLUS,MC,1999,40,35.0,2.2099,0.1911,0.3519,True
0.4428125023841858,PLUS,MC,1787,40,35.0,2.2099,0.1911,0.3519,True
0.4428125023841858,PLUS,MC,2298,40,35.0,2.2099,0.1911,0.3519,True
0.4428125023841858,PLUS,MC,1847,40,35.0,2.2074,0.1911,0.3515,True
0.4428125023841858,PLUS,MC,1233,40,35.0,2.2099,0.1911,0.3519,True
0.4428125023841858,PLUS,MC,2764,40,35.0,2.207,0.1911,0.3514,True
0.4428125023841858,PLUS,MC,1939,40,35.0,2.207,0.1911,0.3514,True
0.4428125023841858,PLUS,MC,1779,40,35.0,2.2099,0.1911,0.3519,True
0.4428125023841858,PLUS,MC,1293,40,35.0,2.2099,0.1911,0.3519,True
0.4428125023841858,PLUS,MC,2032,40,35.0,2.2099,0.1911,0.3519,True
0.4428125023841858,PLUS,MC,2230,40,35.0,2.207,0.1911,0.3514,True
0.4428125023841858,PLUS,MC,2290,40,35.0,2.2099,0.1911,0.3519,True
0.4428125023841858,PLUS,MC,1839,40,35.0,2.2099,0.1911,0.3519,True
0.4428125023841858,PLUS,MC,2238,40,35.0,2.2099,0.1911,0.3519,True
0.4428125023841858,PLUS,MC,2030,40,35.0,2.2099,0.1911,0.3519,True
0.4428125023841858,PLUS,MC,1728,40,35.0,2.2099,0.1911,0.3519,True
0.4428125023841858,PLUS,MC,1494,40,35.0,2.2099,0.1911,0.3519,True
0.4428125023841858,PLUS,MC,2003,40,35.0,2.2099,0.1911,0.3519,True
0.4428125023841858,PLUS,MC,2357,40,35.0,2.2099,0.1911,0.3519,True
0.4428125023841858,PLUS,MC,2543,40,35.0,2.207,0.1911,0.3514,True
0.4428125023841858,PLUS,MC,1943,40,35.0,2.2099,0.1911,0.3519,True
0.4428125023841858,PLUS,MC,2483,40,35.0,2.2099,0.1911,0.3519,True
0.4428125023841858,PLUS,MC,1554,40,35.0,2.207,0.1911,0.3514,True
0.4428125023841858,PLUS,MC,2094,40,35.0,2.2099,0.1911,0.3519,True
0.4428125023841858,PLUS,MC,1235,40,35.0,2.2099,0.1911,0.3519,True
0.4428125023841858,PLUS,MC,2766,40,35.0,2.2099,0.1911,0.3519,True
0.4428125023841858,PLUS,MC,2034,40,35.0,2.2099,0.1911,0.3519,True
0.4428125023841858,PLUS,MC,2495,40,35.0,2.2071,0.1911,0.3514,True
0.4428125023841858,PLUS,MC,2826,40,35.0,2.207,0.1911,0.3514,True
0.4428125023841858,PLUS,MC,1295,40,35.0,2.2099,0.1911,0.3519,True
0.4428125023841858,PLUS,MC,1566,40,35.0,2.2073,0.1911,0.3515,True
0.4428125023841858,PLUS,MC,2555,40,35.0,2.2099,0.1911,0.3519,True
0.4428125023841858,PLUS,MC,1285,40,35.0,2.2099,0.1911,0.3519,True
0.4428125023841858,PLUS,MC,2816,40,35.0,2.207,0.1911,0.3514,True
0.4428125023841858,PLUS,MC,2756,40,35.0,2.2099,0.1911,0.3519,True
0.4428125023841858,PLUS,MC,1225,40,35.0,2.2099,0.1911,0.3519,True
0.4428125023841858,PLUS,MC,1777,40,35.0,2.2099,0.1911,0.3519,True
0.4428125023841858,PLUS,MC,2066,40,35.0,2.2071,0.1911,0.3515,True
0.4428125023841858,PLUS,MC,1506,40,35.0,2.2099,0.1911,0.3519,True
0.4428125023841858,PLUS,MC,2288,40,35.0,2.2099,0.1911,0.3519,True
0.4428125023841858,PLUS,MC,1975,40,35.0,2.2099,0.1911,0.3519,True
0.4428125023841858,PLUS,MC,1837,40,35.0,2.2073,0.1911,0.3515,True
0.4428125023841858,PLUS,MC,1267,40,35.0,2.2099,0.1911,0.3519,True
0.4428125023841858,PLUS,MC,2798,40,35.0,2.21,0.1911,0.3519,True
0.4428125023841858,PLUS,MC,2228,40,35.0,2.207,0.1911,0.3514,True
0.4428125023841858,PLUS,MC,1522,40,35.0,2.207,0.1911,0.3514,True
0.4428125023841858,PLUS,MC,2784,40,35.0,2.207,0.1911,0.3514,True
0.4428125023841858,PLUS,MC,1538,40,35.0,2.207,0.1911,0.3514,True
0.4428125023841858,PLUS,MC,1805,40,35.0,2.2099,0.1911,0.3519,True
0.4428125023841858,PLUS,MC,1698,40,35.0,2.207,0.1911,0.3514,True
0.4428125023841858,PLUS,MC,2511,40,35.0,2.207,0.1911,0.3514,True
0.4428125023841858,PLUS,MC,2387,40,35.0,2.2099,0.1911,0.3519,True
0.4428125023841858,PLUS,MC,2527,40,35.0,2.207,0.1911,0.3514,True
0.4428125023841858,PLUS,MC,1758,40,35.0,2.2099,0.1911,0.3519,True
0.4428125023841858,PLUS,MC,1253,40,35.0,2.2099,0.1911,0.3519,True
0.4428125023841858,PLUS,MC,2327,40,35.0,2.207,0.1911,0.3514,True
0.4428125023841858,PLUS,MC,2256,40,35.0,2.207,0.1911,0.3514,True
0.4428125023841858,PLUS,MC,1945,40,35.0,2.2099,0.1911,0.3519,True
0.4428125023841858,PLUS,MC,2768,40,35.0,2.207,0.1911,0.3514,True
0.4428125023841858,PLUS,MC,2096,40,35.0,2.2071,0.1911,0.3514,True
0.4428125023841858,PLUS,MC,2005,40,35.0,2.2099,0.1911,0.3519,True
0.4428125023841858,PLUS,MC,1297,40,35.0,2.2099,0.1911,0.3519,True
0.4428125023841858,PLUS,MC,2828,40,35.0,2.2099,0.1911,0.3519,True
0.4428125023841858,PLUS,MC,1237,40,35.0,2.2099,0.1911,0.3519,True
0.4428125023841858,PLUS,MC,2036,40,35.0,2.2099,0.1911,0.3519,True
0.4428125023841858,PLUS,MC,1726,40,35.0,2.2099,0.1911,0.3519,True
0.4428125023841858,PLUS,MC,2355,40,35.0,2.2099,0.1911,0.3519,True
0.4428125023841858,PLUS,MC,1492,40,35.0,2.2099,0.1911,0.3519,True
0.4428125023841858,PLUS,MC,1283,40,35.0,2.2074,0.1911,0.3515,True
0.4428125023841858,PLUS,MC,2814,40,35.0,2.207,0.1911,0.3514,True
0.4428125023841858,PLUS,MC,2497,40,35.0,2.2099,0.1911,0.3519,True
0.4428125023841858,PLUS,MC,1223,40,35.0,2.2099,0.1911,0.3519,True
0.4428125023841858,PLUS,MC,2557,40,35.0,2.2099,0.1911,0.3519,True
0.4428125023841858,PLUS,MC,2541,40,35.0,2.207,0.1911,0.3514,True
0.4428125023841858,PLUS,MC,2754,40,35.0,2.2099,0.1911,0.3519,True
0.4428125023841858,PLUS,MC,1568,40,35.0,2.2099,0.1911,0.3519,True
0.4428125023841858,PLUS,MC,1552,40,35.0,2.2101,0.1911,0.3519,True
0.4428125023841858,PLUS,MC,1775,40,35.0,2.2099,0.1911,0.3519,True
0.4428125023841858,PLUS,MC,1508,40,35.0,2.207,0.1911,0.3514,True
0.4428125023841858,PLUS,MC,2226,40,35.0,2.207,0.1911,0.3514,True
0.4428125023841858,PLUS,MC,1835,40,35.0,2.2071,0.1911,0.3515,True
0.4428125023841858,PLUS,MC,2286,40,35.0,2.2099,0.1911,0.3519,True
0.4428125023841858,PLUS,MC,2481,40,35.0,2.207,0.1911,0.3514,True
0.4428125023841858,PLUS,MC,1977,40,35.0,2.2099,0.1911,0.3519,True
0.4428125023841858,PLUS,MC,2068,40,35.0,2.2099,0.1911,0.3519,True
0.4428125023841858,PLUS,MC,1269,40,35.0,2.2099,0.1911,0.3519,True
0.4428125023841858,PLUS,MC,2800,40,35.0,2.2099,0.1911,0.3519,True
0.4428125023841858,PLUS,MC,1520,40,35.0,2.2099,0.1911,0.3519,True
0.4428125023841858,PLUS,MC,1540,40,35.0,2.2099,0.1911,0.3519,True
0.4428125023841858,PLUS,MC,2782,40,35.0,2.2071,0.1911,0.3514,True
0.4428125023841858,PLUS,MC,2385,40,35.0,2.2099,0.1911,0.3519,True
0.4428125023841858,PLUS,MC,1756,40,35.0,2.2099,0.1911,0.3519,True
0.4428125023841858,PLUS,MC,1251,40,35.0,2.2099,0.1911,0.3519,True
0.4428125023841858,PLUS,MC,2325,40,35.0,2.207,0.1911,0.3514,True
0.4428125023841858,PLUS,MC,1696,40,35.0,2.2071,0.1911,0.3514,True
0.4428125023841858,PLUS,MC,1803,40,35.0,2.207,0.1911,0.3514,True
0.4428125023841858,PLUS,MC,2529,40,35.0,2.207,0.1911,0.3514,True
0.4428125023841858,PLUS,MC,2509,40,35.0,2.21,0.1911,0.3519,True
0.4428125023841858,PLUS,MC,2254,40,35.0,2.207,0.1911,0.3514,True
0.4428125023841858,PLUS,MC,1947,40,35.0,2.2099,0.1911,0.3519,True
0.4428125023841858,PLUS,MC,2098,40,35.0,2.2099,0.1911,0.3519,True
0.4428125023841858,PLUS,MC,2007,40,35.0,2.2099,0.1911,0.3519,True
0.4428125023841858,PLUS,MC,1429,40,35.0,2.207,0.1911,0.3514,True
0.4428125023841858,PLUS,MC,2830,40,35.0,2.2074,0.1911,0.3515,True
0.4428125023841858,PLUS,MC,2038,40,35.0,2.2099,0.1911,0.3519,True
0.4428125023841858,PLUS,MC,2770,40,35.0,2.2099,0.1911,0.3519,True
0.4428125023841858,PLUS,MC,1431,40,35.0,2.207,0.1911,0.3514,True
0.4428125023841858,PLUS,MC,1299,40,35.0,2.2104,0.1911,0.352,True
0.4428125023841858,PLUS,MC,1724,40,35.0,2.2099,0.1911,0.3519,True
0.4428125023841858,PLUS,MC,2353,40,35.0,2.2099,0.1911,0.3519,True
0.4428125023841858,PLUS,MC,1239,40,35.0,2.2099,0.1911,0.3519,True
0.4428125023841858,PLUS,MC,1281,40,35.0,2.2071,0.1911,0.3515,True
0.4428125023841858,PLUS,MC,2812,40,35.0,2.207,0.1911,0.3514,True
0.4428125023841858,PLUS,MC,1490,40,35.0,2.207,0.1911,0.3514,True
0.4428125023841858,PLUS,MC,2752,40,35.0,2.2099,0.1911,0.3519,True
0.4428125023841858,PLUS,MC,1221,40,35.0,2.2099,0.1911,0.3519,True
0.4428125023841858,PLUS,MC,2559,40,35.0,2.2099,0.1911,0.3519,True
0.4428125023841858,PLUS,MC,2499,40,35.0,2.2099,0.1911,0.3519,True
0.4428125023841858,PLUS,MC,1570,40,35.0,2.2071,0.1911,0.3515,True
0.4428125023841858,PLUS,MC,2539,40,35.0,2.207,0.1911,0.3514,True
0.4428125023841858,PLUS,MC,1433,40,35.0,2.2072,0.1911,0.3515,True
0.4428125023841858,PLUS,MC,1510,40,35.0,2.2099,0.1911,0.3519,True
0.4428125023841858,PLUS,MC,1773,40,35.0,2.2099,0.1911,0.3519,True
0.4428125023841858,PLUS,MC,2224,40,35.0,2.2099,0.1911,0.3519,True
0.4428125023841858,PLUS,MC,2284,40,35.0,2.2099,0.1911,0.3519,True
0.4428125023841858,PLUS,MC,1833,40,35.0,2.2099,0.1911,0.3519,True
0.4428125023841858,PLUS,MC,2479,40,35.0,2.207,0.1911,0.3514,True
0.4428125023841858,PLUS,MC,1979,40,35.0,2.2099,0.1911,0.3519,True
0.4428125023841858,PLUS,MC,2070,40,35.0,2.2071,0.1911,0.3515,True
0.4428125023841858,PLUS,MC,2780,40,35.0,2.2099,0.1911,0.3519,True
0.4428125023841858,PLUS,MC,2600,40,35.0,2.207,0.1911,0.3514,True
0.4428125023841858,PLUS,MC,1550,40,35.0,2.2099,0.1911,0.3519,True
0.4428125023841858,PLUS,MC,1249,40,35.0,2.2099,0.1911,0.3519,True
0.4428125023841858,PLUS,MC,1542,40,35.0,2.2102,0.1911,0.352,True
0.4428125023841858,PLUS,MC,2531,40,35.0,2.2071,0.1911,0.3514,True
0.4428125023841858,PLUS,MC,1399,40,35.0,2.2071,0.1911,0.3515,True
0.4428125023841858,PLUS,MC,2602,40,35.0,2.207,0.1911,0.3514,True
0.4428125023841858,PLUS,MC,2323,40,35.0,2.207,0.1911,0.3514,True
0.4428125023841858,PLUS,MC,1754,40,35.0,2.207,0.1911,0.3514,True
0.4428125023841858,PLUS,MC,2383,40,35.0,2.2099,0.1911,0.3519,True
0.4428125023841858,PLUS,MC,1801,40,35.0,2.2099,0.1911,0.3519,True
0.4428125023841858,PLUS,MC,1401,40,35.0,2.2071,0.1911,0.3515,True
0.4428125023841858,PLUS,MC,2604,40,35.0,2.21,0.1911,0.3519,True
0.4428125023841858,PLUS,MC,1694,40,35.0,2.207,0.1911,0.3514,True
0.4428125023841858,PLUS,MC,1722,40,35.0,2.2099,0.1911,0.3519,True
0.4428125023841858,PLUS,MC,2351,40,35.0,2.2099,0.1911,0.3519,True
0.4428125023841858,PLUS,MC,2252,40,35.0,2.2071,0.1911,0.3515,True
0.4428125023841858,PLUS,MC,2802,40,35.0,2.2099,0.1911,0.3519,True
0.4428125023841858,PLUS,MC,1271,40,35.0,2.2099,0.1911,0.3519,True
0.4428125023841858,PLUS,MC,1342,40,35.0,2.2099,0.1911,0.3519,True
0.4428125023841858,PLUS,MC,2689,40,35.0,2.207,0.1911,0.3514,True
0.4428125023841858,PLUS,MC,2691,40,35.0,2.207,0.1911,0.3514,True
0.4428125023841858,PLUS,MC,1340,40,35.0,2.2071,0.1911,0.3515,True
0.4428125023841858,PLUS,MC,1403,40,35.0,2.2071,0.1911,0.3515,True
0.4428125023841858,PLUS,MC,1435,40,35.0,2.2099,0.1911,0.3519,True
0.4428125023841858,PLUS,MC,1544,40,35.0,2.2099,0.1911,0.3519,True
0.4428125023841858,PLUS,MC,1720,40,35.0,2.2099,0.1911,0.3519,True
0.4428125023841858,PLUS,MC,2349,40,35.0,2.2099,0.1911,0.3519,True
0.4428125023841858,PLUS,MC,1949,40,35.0,2.2099,0.1911,0.3519,True
0.4428125023841858,PLUS,MC,1981,40,35.0,2.2099,0.1911,0.3519,True
0.4428125023841858,PLUS,MC,2072,40,35.0,2.2071,0.1911,0.3515,True
0.4428125023841858,PLUS,MC,2100,40,35.0,2.0121,0.1911,0.3204,True
0.4428125023841858,PLUS,MC,2693,40,35.0,2.207,0.1911,0.3514,True
0.4428125023841858,PLUS,MC,2009,40,35.0,2.2099,0.1911,0.3519,True
0.4428125023841858,PLUS,MC,1279,40,35.0,2.2099,0.1911,0.3519,True
0.4428125023841858,PLUS,MC,2533,40,35.0,2.207,0.1911,0.3514,True
0.4428125023841858,PLUS,MC,2810,40,35.0,2.207,0.1911,0.3514,True
0.4428125023841858,PLUS,MC,1718,40,35.0,2.2099,0.1911,0.3519,True
0.4428125023841858,PLUS,MC,2347,40,35.0,2.2099,0.1911,0.3519,True
0.4428125023841858,PLUS,MC,2630,40,35.0,2.2099,0.1911,0.3519,True
0.4428125023841858,PLUS,MC,2040,40,35.0,2.2099,0.1911,0.3519,True
0.4428125023841858,PLUS,MC,1219,40,35.0,2.2099,0.1911,0.3519,True
0.4428125023841858,PLUS,MC,2750,40,35.0,2.2071,0.1911,0.3515,True
0.4428125023841858,PLUS,MC,1344,40,35.0,2.2099,0.1911,0.3519,True
0.4428125023841858,PLUS,MC,2606,40,35.0,2.2075,0.1911,0.3515,True
0.4428125023841858,PLUS,MC,2501,40,35.0,2.207,0.1911,0.3514,True
0.4428125023841858,PLUS,MC,1799,40,35.0,2.2099,0.1911,0.3519,True
0.4428125023841858,PLUS,MC,2570,40,35.0,2.2102,0.1911,0.352,True
0.4428125023841858,PLUS,MC,2561,40,35.0,2.207,0.1911,0.3514,True
0.4428125023841858,PLUS,MC,1572,40,35.0,2.207,0.1911,0.3514,True
0.4428125023841858,PLUS,MC,1983,40,35.0,2.2099,0.1911,0.3519,True
0.4428125023841858,PLUS,MC,2535,40,35.0,2.207,0.1911,0.3514,True
0.4428125023841858,PLUS,MC,2074,40,35.0,2.207,0.1911,0.3514,True
0.4428125023841858,PLUS,MC,1546,40,35.0,2.2074,0.1911,0.3515,True
0.4428125023841858,PLUS,MC,2632,40,35.0,2.2099,0.1911,0.3519,True
0.4428125023841858,PLUS,MC,1512,40,35.0,2.207,0.1911,0.3514,True
0.4428125023841858,PLUS,MC,2282,40,35.0,2.2099,0.1911,0.3519,True
0.4428125023841858,PLUS,MC,2250,40,35.0,2.0299,0.1911,0.3232,True
0.4428125023841858,PLUS,MC,2076,40,35.0,2.2099,0.1911,0.3519,True
0.4428125023841858,PLUS,MC,2634,40,35.0,2.207,0.1911,0.3514,True
0.4428125023841858,PLUS,MC,1771,40,35.0,2.2099,0.1911,0.3519,True
0.4428125023841858,PLUS,MC,2222,40,35.0,2.2099,0.1911,0.3519,True
0.4428125023841858,PLUS,MC,2572,40,35.0,2.2099,0.1911,0.3519,True
0.4428125023841858,PLUS,MC,1752,40,35.0,2.2099,0.1911,0.3519,True
0.4428125023841858,PLUS,MC,2381,40,35.0,2.2099,0.1911,0.3519,True
0.4428125023841858,PLUS,MC,2772,40,35.0,2.207,0.1911,0.3514,True
0.4428125023841858,PLUS,MC,1831,40,35.0,2.2099,0.1911,0.3519,True
0.4428125023841858,PLUS,MC,1797,40,35.0,2.2074,0.1911,0.3515,True
0.4428125023841858,PLUS,MC,2248,40,35.0,2.2099,0.1911,0.3519,True
0.4428125023841858,PLUS,MC,1985,40,35.0,2.2099,0.1911,0.3519,True
0.4428125023841858,PLUS,MC,2832,40,35.0,2.2099,0.1911,0.3519,True
0.4428125023841858,PLUS,MC,2321,40,35.0,2.207,0.1911,0.3515,True
0.4428125023841858,PLUS,MC,1692,40,35.0,2.2071,0.1911,0.3515,True
0.4428125023841858,PLUS,MC,1241,40,35.0,2.2099,0.1911,0.3519,True
0.4428125023841858,PLUS,MC,2721,40,35.0,2.207,0.1911,0.3515,True
0.4428125023841858,PLUS,MC,1301,40,35.0,2.2099,0.1911,0.3519,True
0.4428125023841858,PLUS,MC,2574,40,35.0,2.207,0.1911,0.3514,True
0.4428125023841858,PLUS,MC,1795,40,35.0,2.207,0.1911,0.3515,True
0.4428125023841858,PLUS,MC,1459,40,35.0,2.2099,0.1911,0.3519,True
0.4428125023841858,PLUS,MC,1310,40,35.0,2.2071,0.1911,0.3515,True
0.4428125023841858,PLUS,MC,1372,40,35.0,2.2099,0.1911,0.3519,True
0.4428125023841858,PLUS,MC,1370,40,35.0,2.207,0.1911,0.3515,True
0.4428125023841858,PLUS,MC,2345,40,35.0,2.2071,0.1911,0.3515,True
0.4428125023841858,PLUS,MC,2719,40,35.0,2.2071,0.1911,0.3515,True
0.4428125023841858,PLUS,MC,1716,40,35.0,2.207,0.1911,0.3514,True
0.4428125023841858,PLUS,MC,2246,40,35.0,2.126,0.1911,0.3385,True
0.4428125023841858,PLUS,MC,2537,40,35.0,2.207,0.1911,0.3514,True
0.4428125023841858,PLUS,MC,1548,40,35.0,2.2099,0.1911,0.3519,True
0.4428125023841858,PLUS,MC,1405,40,35.0,2.2071,0.1911,0.3515,True
0.4428125023841858,PLUS,MC,1690,40,35.0,2.2071,0.1911,0.3515,True
0.4428125023841858,PLUS,MC,1312,40,35.0,2.2074,0.1911,0.3515,True
0.4428125023841858,PLUS,MC,2661,40,35.0,2.2099,0.1911,0.3519,True
0.4428125023841858,PLUS,MC,2659,40,35.0,2.2099,0.1911,0.3519,True
0.4428125023841858,PLUS,MC,1750,40,35.0,2.2099,0.1911,0.3519,True
0.4428125023841858,PLUS,MC,2379,40,35.0,2.2071,0.1911,0.3515,True
0.4428125023841858,PLUS,MC,1951,40,35.0,2.2099,0.1911,0.3519,True
0.4428125023841858,PLUS,MC,2319,40,35.0,2.207,0.1911,0.3515,True
0.4428125023841858,PLUS,MC,2011,40,35.0,2.2099,0.1911,0.3519,True
0.4428125023841858,PLUS,MC,2102,40,35.0,2.2099,0.1911,0.3519,True
0.4428125023841858,PLUS,MC,2563,40,35.0,2.207,0.1911,0.3515,True
0.4428125023841858,PLUS,MC,1574,40,35.0,2.207,0.1911,0.3514,True
0.4428125023841858,PLUS,MC,2723,40,35.0,2.2099,0.1911,0.3519,True
0.4428125023841858,PLUS,MC,1748,40,35.0,2.2099,0.1911,0.3519,True
0.4428125023841858,PLUS,MC,2042,40,35.0,2.2099,0.1911,0.3519,True
0.4428125023841858,PLUS,MC,2695,40,35.0,2.207,0.1911,0.3515,True
0.4428125023841858,PLUS,MC,2663,40,35.0,2.2099,0.1911,0.3519,True
0.4428125023841858,PLUS,MC,1346,40,35.0,2.2099,0.1911,0.3519,True
0.4428125023841858,PLUS,MC,2503,40,35.0,2.2099,0.1911,0.3519,True
0.4428125023841858,PLUS,MC,2317,40,35.0,2.207,0.1911,0.3515,True
0.4428125023841858,PLUS,MC,1374,40,35.0,2.2099,0.1911,0.3519,True
0.4428125023841858,PLUS,MC,1688,40,35.0,2.207,0.1911,0.3514,True
0.4428125023841858,PLUS,MC,2377,40,35.0,2.207,0.1911,0.3514,True
0.4428125023841858,PLUS,MC,2636,40,35.0,2.2104,0.1911,0.352,True
0.4428125023841858,PLUS,MC,1461,40,35.0,2.2099,0.1911,0.3519,True
0.4428125023841858,PLUS,MC,1514,40,35.0,2.207,0.1911,0.3514,True
0.4428125023841858,PLUS,MC,1314,40,35.0,2.2099,0.1911,0.3519,True
0.4428125023841858,PLUS,MC,1953,40,35.0,2.2099,0.1911,0.3519,True
0.4428125023841858,PLUS,MC,2013,40,35.0,2.2099,0.1911,0.3519,True
0.4428125023841858,PLUS,MC,1463,40,35.0,2.2099,0.1911,0.3519,True
0.4428125023841858,PLUS,MC,2565,40,35.0,2.2071,0.1911,0.3515,True
0.4428125023841858,PLUS,MC,2104,40,35.0,2.2103,0.1911,0.352,True
0.4428125023841858,PLUS,MC,1987,40,35.0,2.2099,0.1911,0.3519,True
0.4428125023841858,PLUS,MC,1576,40,35.0,2.2099,0.1911,0.3519,True
0.4428125023841858,PLUS,MC,2576,40,35.0,2.2099,0.1911,0.3519,True
0.4428125023841858,PLUS,MC,2078,40,35.0,2.207,0.1911,0.3515,True
0.4428125023841858,PLUS,MC,2804,40,35.0,2.2101,0.1911,0.3519,True
0.4428125023841858,PLUS,MC,1273,40,35.0,2.2099,0.1911,0.3519,True
0.4428125023841858,PLUS,MC,1437,40,35.0,2.207,0.1911,0.3514,True
0.4428125023841858,PLUS,MC,1769,40,35.0,2.2099,0.1911,0.3519,True
0.4428125023841858,PLUS,MC,2220,40,35.0,2.2099,0.1911,0.3519,True
0.4428125023841858,PLUS,MC,1829,40,35.0,2.2103,0.1911,0.352,True
0.4428125023841858,PLUS,MC,2505,40,35.0,2.2099,0.1911,0.3519,True
0.4428125023841858,PLUS,MC,2280,40,35.0,2.2099,0.1911,0.3519,True
0.4428125023841858,PLUS,MC,1516,40,35.0,2.2099,0.1911,0.3519,True
0.4428125023841858,PLUS,MC,1955,40,35.0,2.2099,0.1911,0.3519,True
0.4428125023841858,PLUS,MC,2044,40,35.0,2.2099,0.1911,0.3519,True
0.4428125023841858,PLUS,MC,2046,40,35.0,2.2099,0.1911,0.3519,True
0.4428125023841858,PLUS,MC,2278,40,35.0,2.2099,0.1911,0.3519,True
0.4428125023841858,PLUS,MC,1793,40,35.0,2.2099,0.1911,0.3519,True
0.4428125023841858,PLUS,MC,2106,40,35.0,2.2099,0.1911,0.3519,True
0.4428125023841858,PLUS,MC,2015,40,35.0,2.2099,0.1911,0.3519,True
0.4428125023841858,PLUS,MC,2608,40,35.0,2.207,0.1911,0.3515,True
0.4428125023841858,PLUS,MC,1767,40,35.0,2.2099,0.1911,0.3519,True
0.4428125023841858,PLUS,MC,2218,40,35.0,2.2071,0.1911,0.3515,True
0.4428125023841858,PLUS,MC,1827,40,35.0,2.2099,0.1911,0.3519,True
0.4428125023841858,PLUS,MC,1465,40,35.0,2.2099,0.1911,0.3519,True
0.4428125023841858,PLUS,MC,2244,40,35.0,2.207,0.1911,0.3515,True
0.4428125023841858,PLUS,MC,1765,40,35.0,2.2099,0.1911,0.3519,True
0.4428125023841858,PLUS,MC,2448,40,35.0,2.207,0.1911,0.3515,True
0.4428125023841858,PLUS,MC,1637,40,35.0,2.2099,0.1911,0.3519,True
0.4428125023841858,PLUS,MC,2276,40,35.0,2.2099,0.1911,0.3519,True
0.4428125023841858,PLUS,MC,1825,40,35.0,2.2099,0.1911,0.3519,True
0.4428125023841858,PLUS,MC,1578,40,35.0,2.207,0.1911,0.3515,True
0.4428125023841858,PLUS,MC,2567,40,35.0,2.2073,0.1911,0.3515,True
0.4428125023841858,PLUS,MC,2315,40,35.0,2.207,0.1911,0.3515,True
0.4428125023841858,PLUS,MC,1686,40,35.0,2.2071,0.1911,0.3515,True
0.4428125023841858,PLUS,MC,2216,40,35.0,2.2099,0.1911,0.3519,True
0.4428125023841858,PLUS,MC,1518,40,35.0,2.207,0.1911,0.3515,True
0.4428125023841858,PLUS,MC,2507,40,35.0,2.2099,0.1911,0.3519,True
0.4428125023841858,PLUS,MC,1746,40,35.0,2.2099,0.1911,0.3519,True
0.4428125023841858,PLUS,MC,2375,40,35.0,2.207,0.1911,0.3515,True
0.4428125023841858,PLUS,MC,2725,40,35.0,2.2099,0.1911,0.3519,True
0.4428125023841858,PLUS,MC,2806,40,35.0,2.2071,0.1911,0.3515,True
0.4428125023841858,PLUS,MC,1316,40,35.0,2.2099,0.1911,0.3519,True
0.4428125023841858,PLUS,MC,2665,40,35.0,2.2099,0.1911,0.3519,True
0.4428125023841858,PLUS,MC,1376,40,35.0,2.2071,0.1911,0.3515,True
0.4428125023841858,PLUS,MC,1714,40,35.0,2.2099,0.1911,0.3519,True
0.4428125023841858,PLUS,MC,1957,40,35.0,2.2099,0.1911,0.3519,True
0.4428125023841858,PLUS,MC,2343,40,35.0,2.2071,0.1911,0.3515,True
0.4428125023841858,PLUS,MC,2017,40,35.0,2.2099,0.1911,0.3519,True
0.4428125023841858,PLUS,MC,2108,40,35.0,2.207,0.1911,0.3515,True
0.4428125023841858,PLUS,MC,2834,40,35.0,2.2103,0.1911,0.352,True
0.4428125023841858,PLUS,MC,1275,40,35.0,2.2099,0.1911,0.3519,True
0.4428125023841858,PLUS,MC,1243,40,35.0,2.2099,0.1911,0.3519,True
0.4428125023841858,PLUS,MC,2774,40,35.0,2.2099,0.1911,0.3519,True
0.4428125023841858,PLUS,MC,2048,40,35.0,2.2099,0.1911,0.3519,True
0.4428125023841858,PLUS,MC,1303,40,35.0,2.2099,0.1911,0.3519,True
0.4428125023841858,PLUS,MC,1407,40,35.0,2.2099,0.1911,0.3519,True
0.4428125023841858,PLUS,MC,2697,40,35.0,2.207,0.1911,0.3515,True
0.4428125023841858,PLUS,MC,1348,40,35.0,2.7126,0.1911,0.432,True
0.4428125023841858,PLUS,MC,1989,40,35.0,2.2099,0.1911,0.3519,True
0.4428125023841858,PLUS,MC,804,40,35.0,2.2104,0.1911,0.352,True
0.4428125023841858,PLUS,MC,2578,40,35.0,2.207,0.1911,0.3515,True
0.4428125023841858,PLUS,MC,2638,40,35.0,2.207,0.1911,0.3515,True
0.4428125023841858,PLUS,MC,1763,40,35.0,2.2099,0.1911,0.3519,True
0.4428125023841858,PLUS,MC,2080,40,35.0,2.207,0.1911,0.3515,True
0.4428125023841858,PLUS,MC,2274,40,35.0,2.2071,0.1911,0.3515,True
0.4428125023841858,PLUS,MC,1823,40,35.0,2.2099,0.1911,0.3519,True
0.4428125023841858,PLUS,MC,1467,40,35.0,2.2099,0.1911,0.3519,True
0.4428125023841858,PLUS,MC,2214,40,35.0,2.2099,0.1911,0.3519,True
0.4428125023841858,PLUS,MC,1667,40,35.0,2.207,0.1911,0.3515,True
0.4428125023841858,PLUS,MC,1439,40,35.0,2.2072,0.1911,0.3515,True
0.4428125023841858,PLUS,MC,2478,40,35.0,2.207,0.1911,0.3515,True
0.4428125023841858,PLUS,MC,1607,40,35.0,2.207,0.1911,0.3515,True
0.4428125023841858,PLUS,MC,2418,40,35.0,2.7126,0.1911,0.432,True
0.4428125023841858,PLUS,MC,2610,40,35.0,2.2071,0.1911,0.3515,True
0.4428125023841858,PLUS,MC,1356,40,35.0,2.2071,0.1911,0.3515,True
0.4428125023841858,PLUS,MC,2705,40,35.0,2.207,0.1911,0.3515,True
0.4428125023841858,PLUS,MC,1445,40,35.0,2.2099,0.1911,0.3519,True
0.4428125023841858,PLUS,MC,1447,40,35.0,2.207,0.1911,0.3515,True
0.4428125023841858,PLUS,MC,2616,40,35.0,2.2102,0.1911,0.352,True
0.4428125023841858,PLUS,MC,2618,40,35.0,2.2099,0.1911,0.3519,True
0.4428125023841858,PLUS,MC,2808,40,35.0,2.207,0.1911,0.3515,True
0.4428125023841858,PLUS,MC,2446,40,35.0,2.207,0.1911,0.3515,True
0.4428125023841858,PLUS,MC,1635,40,35.0,2.2072,0.1911,0.3515,True
0.4428125023841858,PLUS,MC,2242,40,35.0,2.207,0.1911,0.3515,True
0.4428125023841858,PLUS,MC,1791,40,35.0,2.2099,0.1911,0.3519,True
0.4428125023841858,PLUS,MC,1354,40,35.0,2.2099,0.1911,0.3519,True
0.4428125023841858,PLUS,MC,2703,40,35.0,2.2071,0.1911,0.3515,True
0.4428125023841858,PLUS,MC,1277,40,35.0,2.2099,0.1911,0.3519,True
0.4428125023841858,PLUS,MC,2836,40,35.0,2.207,0.1911,0.3515,True
0.4428125023841858,PLUS,MC,2313,40,35.0,2.2099,0.1911,0.3519,True
0.4428125023841858,PLUS,MC,1684,40,35.0,2.2099,0.1911,0.3519,True
0.4428125023841858,PLUS,MC,1744,40,35.0,2.2099,0.1911,0.3519,True
0.4428125023841858,PLUS,MC,2373,40,35.0,2.2099,0.1911,0.3519,True
0.4428125023841858,PLUS,MC,2776,40,35.0,2.21,0.1911,0.3519,True
0.4428125023841858,PLUS,MC,2699,40,35.0,2.207,0.1911,0.3515,True
0.4428125023841858,PLUS,MC,1350,40,35.0,2.207,0.1911,0.3515,True
0.4428125023841858,PLUS,MC,1305,40,35.0,2.2099,0.1911,0.3519,True
0.4428125023841858,PLUS,MC,1443,40,35.0,2.207,0.1911,0.3515,True
0.4428125023841858,PLUS,MC,2335,40,35.0,2.2099,0.1911,0.3519,True
0.4428125023841858,PLUS,MC,2088,40,35.0,2.2102,0.1911,0.352,True
0.4428125023841858,PLUS,MC,1358,40,35.0,2.2099,0.1911,0.3519,True
0.4428125023841858,PLUS,MC,1997,40,35.0,2.2099,0.1911,0.3519,True
0.4428125023841858,PLUS,MC,1441,40,35.0,2.2099,0.1911,0.3519,True
0.4428125023841858,PLUS,MC,1245,40,35.0,2.2099,0.1911,0.3519,True
0.4428125023841858,PLUS,MC,2614,40,35.0,2.207,0.1911,0.3515,True
0.4428125023841858,PLUS,MC,2707,40,35.0,2.207,0.1911,0.3515,True
0.4428125023841858,PLUS,MC,1352,40,35.0,2.2071,0.1911,0.3515,True
0.4428125023841858,PLUS,MC,2701,40,35.0,2.207,0.1911,0.3515,True
0.4428125023841858,PLUS,MC,2727,40,35.0,2.2099,0.1911,0.3519,True
0.4428125023841858,PLUS,MC,2341,40,35.0,2.2099,0.1911,0.3519,True
0.4428125023841858,PLUS,MC,1706,40,35.0,2.2099,0.1911,0.3519,True
0.4428125023841858,PLUS,MC,834,40,35.0,2.2071,0.1911,0.3515,True
0.4428125023841858,PLUS,MC,2612,40,35.0,2.2099,0.1911,0.3519,True
0.4428125023841858,PLUS,MC,1318,40,35.0,2.2104,0.1911,0.352,True
0.4428125023841858,PLUS,MC,2667,40,35.0,2.2099,0.1911,0.3519,True
0.4428125023841858,PLUS,MC,1378,40,35.0,2.207,0.1911,0.3515,True
0.4428125023841858,PLUS,MC,1959,40,35.0,2.2099,0.1911,0.3519,True
0.4428125023841858,PLUS,MC,1712,40,35.0,2.2099,0.1911,0.3519,True
0.4428125023841858,PLUS,MC,774,40,35.0,2.2099,0.1911,0.3519,True
0.4428125023841858,PLUS,MC,2333,40,35.0,2.207,0.1911,0.3515,True
0.4428125023841858,PLUS,MC,1627,40,35.0,2.2072,0.1911,0.3515,True
0.4428125023841858,PLUS,MC,1704,40,35.0,2.2099,0.1911,0.3519,True
0.4428125023841858,PLUS,MC,2019,40,35.0,2.2099,0.1911,0.3519,True
0.4428125023841858,PLUS,MC,1995,40,35.0,2.2099,0.1911,0.3519,True
0.4428125023841858,PLUS,MC,2110,40,35.0,2.2099,0.1911,0.3519,True
0.4428125023841858,PLUS,MC,2153,40,35.0,2.2071,0.1911,0.3515,True
0.4428125023841858,PLUS,MC,1908,40,35.0,2.2099,0.1911,0.3519,True
0.4428125023841858,PLUS,MC,2177,40,35.0,2.2071,0.1911,0.3515,True
0.4428125023841858,PLUS,MC,2438,40,35.0,2.2099,0.1911,0.3519,True
0.4428125023841858,PLUS,MC,1884,40,35.0,2.2099,0.1911,0.3519,True
0.4428125023841858,PLUS,MC,1991,40,35.0,2.2099,0.1911,0.3519,True
0.4428125023841858,PLUS,MC,2082,40,35.0,2.2099,0.1911,0.3519,True
0.4428125023841858,PLUS,MC,1368,40,35.0,2.2071,0.1911,0.3515,True
0.4428125023841858,PLUS,MC,2050,40,35.0,2.2099,0.1911,0.3519,True
0.4428125023841858,PLUS,MC,2086,40,35.0,2.2071,0.1911,0.3515,True
0.4428125023841858,PLUS,MC,2717,40,35.0,2.2071,0.1911,0.3515,True
0.4428125023841858,PLUS,MC,1409,40,35.0,2.2099,0.1911,0.3519,True
0.4428125023841858,PLUS,MC,1449,40,35.0,2.207,0.1911,0.3515,True
0.4428125023841858,PLUS,MC,2620,40,35.0,2.2071,0.1911,0.3515,True
0.4428125023841858,PLUS,MC,2337,40,35.0,2.2099,0.1911,0.3519,True
0.4428125023841858,PLUS,MC,1708,40,35.0,2.2099,0.1911,0.3519,True
0.4428125023841858,PLUS,MC,2580,40,35.0,2.207,0.1911,0.3515,True
0.4428125023841858,PLUS,MC,1629,40,35.0,2.2099,0.1911,0.3519,True
0.4428125023841858,PLUS,MC,2675,40,35.0,2.207,0.1911,0.3515,True
0.4428125023841858,PLUS,MC,2440,40,35.0,2.2099,0.1911,0.3519,True
0.4428125023841858,PLUS,MC,1326,40,35.0,2.2099,0.1911,0.3519,True
0.4428125023841858,PLUS,MC,1469,40,35.0,2.2099,0.1911,0.3519,True
0.4428125023841858,PLUS,MC,1415,40,35.0,2.207,0.1911,0.3515,True
0.4428125023841858,PLUS,MC,1386,40,35.0,2.207,0.1911,0.3515,True
0.4428125023841858,PLUS,MC,2735,40,35.0,2.2099,0.1911,0.3519,True
0.4428125023841858,PLUS,MC,2640,40,35.0,2.2104,0.1911,0.352,True
0.4428125023841858,PLUS,MC,2648,40,35.0,2.2075,0.1911,0.3515,True
0.4428125023841858,PLUS,MC,2646,40,35.0,2.2075,0.1911,0.3515,True
0.4428125023841858,PLUS,MC,1475,40,35.0,2.2099,0.1911,0.3519,True
0.4428125023841858,PLUS,MC,1633,40,35.0,2.207,0.1911,0.3515,True
0.4428125023841858,PLUS,MC,2444,40,35.0,2.2099,0.1911,0.3519,True
0.4428125023841858,PLUS,MC,1366,40,35.0,2.207,0.1911,0.3515,True
0.4428125023841858,PLUS,MC,1457,40,35.0,2.21,0.1911,0.3519,True
0.4428125023841858,PLUS,MC,1993,40,35.0,2.2099,0.1911,0.3519,True
0.4428125023841858,PLUS,MC,2628,40,35.0,2.2071,0.1911,0.3515,True
0.4428125023841858,PLUS,MC,2715,40,35.0,2.2099,0.1911,0.3519,True
0.4428125023841858,PLUS,MC,1821,40,35.0,2.2099,0.1911,0.3519,True
0.4428125023841858,PLUS,MC,2897,40,35.0,2.7235,0.1911,0.4337,True
0.4428125023841858,PLUS,MC,2151,40,35.0,2.207,0.1911,0.3515,True
0.4428125023841858,PLUS,MC,2272,40,35.0,2.207,0.1911,0.3515,True
0.4428125023841858,PLUS,MC,2155,40,35.0,2.207,0.1911,0.3515,True
0.4428125023841858,PLUS,MC,1882,40,35.0,2.2099,0.1911,0.3519,True
0.4428125023841858,PLUS,MC,1665,40,35.0,2.207,0.1911,0.3515,True
0.4428125023841858,PLUS,MC,2476,40,35.0,2.207,0.1911,0.3515,True
0.4428125023841858,PLUS,MC,2673,40,35.0,2.207,0.1911,0.3515,True
0.4428125023841858,MINUS,MT,4563,150,90.0,2.7016,0.0026,0.0057,True
0.4428125023841858,MINUS,MT,4489,150,90.0,2.7016,0.0026,0.0058,True
0.4428125023841858,MINUS,MT,4637,150,90.0,2.7016,0.0026,0.0058,True
0.4428125023841858,MINUS,MT,4638,150,90.0,2.7016,0.0031,0.0069,True
0.4428125023841858,MINUS,MT,4490,150,90.0,2.7016,0.0031,0.0069,True
0.4428125023841858,MINUS,MT,4564,150,90.0,2.7016,0.0031,0.0071,True
0.4428125023841858,MINUS,MT,51118,150,90.0,2.4222,0.0045,0.009,True
0.4428125023841858,MINUS,MT,50972,150,90.0,2.1761,0.0045,0.0081,True
0.4428125023841858,MINUS,MT,51045,150,90.0,2.1658,0.0045,0.0082,True
0.4428125023841858,MINUS,MT,51041,95,62.8685,2.2995,0.0061,0.0117,False
0.4428125023841858,MINUS,MT,50968,95,62.8685,2.3079,0.0063,0.012,False
0.4428125023841858,MINUS,MT,51114,95,62.8685,2.3079,0.0063,0.012,False
0.4428125023841858,MINUS,MT,13516,88,59.2873,2.533,0.0064,0.0136,False
0.4428125023841858,MINUS,MT,13443,88,59.2873,2.5141,0.0064,0.0135,False
0.4428125023841858,MINUS,MT,13589,88,59.2873,2.5141,0.0064,0.0135,False
0.4428125023841858,MINUS,MT,13430,95,62.8545,1.9564,0.0066,0.0108,False
0.4428125023841858,MINUS,MT,13576,95,62.8545,2.2612,0.0066,0.0125,False
0.4428125023841858,MINUS,MT,13503,95,62.8545,2.2206,0.0066,0.0122,False
0.4428125023841858,MINUS,MT,13591,82,56.1358,2.4723,0.0072,0.0148,False
0.4428125023841858,MINUS,MT,13445,82,56.1358,2.4723,0.0072,0.0148,False
0.4428125023841858,MINUS,MT,13518,82,56.1358,2.4822,0.0072,0.0148,False
0.4428125023841858,MINUS,MT,49593,135,82.5795,2.6199,0.0077,0.0169,True
0.4428125023841858,MINUS,MT,49574,135,82.5795,2.6358,0.0077,0.017,True
0.4428125023841858,MINUS,MT,49593,135,82.5795,2.6199,0.0077,0.0169,True
0.4428125023841858,MINUS,MT,49612,135,82.5795,2.642,0.0077,0.017,True
0.4428125023841858,MINUS,MT,49612,135,82.5795,2.642,0.0077,0.017,True
0.4428125023841858,MINUS,MT,49574,135,82.5795,2.6358,0.0077,0.017,True
0.4428125023841858,MINUS,MT,51129,82,56.1356,2.5253,0.0078,0.0164,False
0.4428125023841858,MINUS,MT,50983,82,56.1356,2.5253,0.0078,0.0164,False
0.4428125023841858,MINUS,MT,51056,82,56.1356,2.4112,0.0078,0.0157,False
0.4428125023841858,MINUS,MT,49612,135,82.5795,2.642,0.0078,0.0172,True
0.4428125023841858,MINUS,MT,49574,135,82.5795,2.6358,0.0078,0.0172,True
0.4428125023841858,MINUS,MT,49574,135,82.5795,2.6358,0.0078,0.0172,True
0.4428125023841858,MINUS,MT,49593,135,82.5795,2.6199,0.0078,0.0171,True
0.4428125023841858,MINUS,MT,49612,135,82.5795,2.642,0.0078,0.0172,True
0.4428125023841858,MINUS,MT,49593,135,82.5795,2.6199,0.0078,0.0171,True
0.4428125023841858,MINUS,MT,51054,88,59.2892,2.8974,0.0079,0.0192,False
0.4428125023841858,MINUS,MT,50981,88,59.2892,2.7296,0.008,0.0181,False
0.4428125023841858,MINUS,MT,51127,88,59.2892,2.6245,0.008,0.0174,False
0.4428125023841858,MINUS,MT,4808,150,90.0,2.1733,0.0083,0.0151,True
0.4428125023841858,MINUS,MT,4956,150,90.0,2.1733,0.0083,0.0151,True
0.4428125023841858,MINUS,MT,4882,150,90.0,2.1905,0.0084,0.0154,True
0.4428125023841858,MINUS,MT,4805,133,81.5325,2.7016,0.0085,0.0191,True
0.4428125023841858,MINUS,MT,4953,133,81.5325,2.7016,0.0085,0.0191,True
0.4428125023841858,MINUS,MT,4879,133,81.5325,2.2287,0.0087,0.0161,True
0.4428125023841858,MINUS,MT,48958,23,26.6816,2.7012,0.0087,0.0195,True
0.4428125023841858,MINUS,MT,48822,23,26.6816,2.9129,0.0087,0.021,True
0.4428125023841858,MINUS,MT,49363,23,26.6834,2.7142,0.0087,0.0197,True
0.4428125023841858,MINUS,MT,51506,136,83.3659,2.4844,0.0087,0.0181,True
0.4428125023841858,MINUS,MT,48890,23,26.6816,2.6492,0.0087,0.0193,True
0.4428125023841858,MINUS,MT,51544,136,83.3659,2.4708,0.0087,0.018,True
0.4428125023841858,MINUS,MT,51544,136,83.3659,2.4708,0.0087,0.018,True
0.4428125023841858,MINUS,MT,51525,136,83.3659,2.6357,0.0087,0.0192,True
0.4428125023841858,MINUS,MT,51506,136,83.3659,2.4844,0.0088,0.0181,True
0.4428125023841858,MINUS,MT,51525,136,83.3659,2.6357,0.0088,0.0192,True
0.4428125023841858,MINUS,MT,50158,115,72.9969,2.5275,0.0088,0.0184,False
0.4428125023841858,MINUS,MT,50196,115,72.9969,2.7797,0.0088,0.0203,False
0.4428125023841858,MINUS,MT,49431,23,26.6834,2.6144,0.0088,0.0191,True
0.4428125023841858,MINUS,MT,49295,23,26.6834,2.6736,0.0088,0.0195,True
0.4428125023841858,MINUS,MT,50196,115,72.9969,2.7797,0.0088,0.0204,False
0.4428125023841858,MINUS,MT,50158,115,72.9969,2.5275,0.0088,0.0185,False
0.4428125023841858,MINUS,MT,4880,125,77.8573,2.2287,0.0088,0.0163,True
0.4428125023841858,MINUS,MT,51544,136,83.3659,2.4708,0.0088,0.0181,True
0.4428125023841858,MINUS,MT,51525,136,83.3659,2.6357,0.0088,0.0194,True
0.4428125023841858,MINUS,MT,51506,136,83.3659,2.4844,0.0088,0.0183,True
0.4428125023841858,MINUS,MT,51506,136,83.3659,2.4844,0.0088,0.0183,True
0.4428125023841858,MINUS,MT,51525,136,83.3659,2.6357,0.0088,0.0194,True
0.4428125023841858,MINUS,MT,50196,115,72.9969,2.7797,0.0088,0.0204,False
0.4428125023841858,MINUS,MT,50158,115,72.9969,2.5275,0.0088,0.0186,False
0.4428125023841858,MINUS,MT,51544,136,83.3659,2.4708,0.0088,0.0182,True
0.4428125023841858,MINUS,MT,50177,115,72.9969,2.083,0.0088,0.0154,False
0.4428125023841858,MINUS,MT,50177,115,72.9969,2.083,0.0089,0.0154,False
0.4428125023841858,MINUS,MT,4806,125,77.8573,2.2196,0.0089,0.0164,True
0.4428125023841858,MINUS,MT,4954,125,77.8573,2.2196,0.0089,0.0164,True
0.4428125023841858,MINUS,MT,50196,115,72.9969,2.7797,0.0089,0.0206,False
0.4428125023841858,MINUS,MT,50158,115,72.9969,2.5275,0.0089,0.0187,False
0.4428125023841858,MINUS,MT,50177,115,72.9969,2.083,0.0089,0.0155,False
0.4428125023841858,MINUS,MT,50177,115,72.9969,2.083,0.0089,0.0155,False
0.4428125023841858,MINUS,MT,49365,23,26.7518,2.7166,0.009,0.0203,True
0.4428125023841858,MINUS,MT,3752,46,38.257,2.1321,0.0092,0.0163,False
0.4428125023841858,MINUS,MT,49433,23,26.7518,2.7436,0.0092,0.0211,True
0.4428125023841858,MINUS,MT,49612,135,82.5795,2.642,0.0092,0.0203,True
0.4428125023841858,MINUS,MT,49297,23,26.7518,2.1486,0.0092,0.0165,True
0.4428125023841858,MINUS,MT,49574,135,82.5795,2.6358,0.0092,0.0203,True
0.4428125023841858,MINUS,MT,49574,135,82.5795,2.6358,0.0092,0.0203,True
0.4428125023841858,MINUS,MT,49612,135,82.5795,2.642,0.0092,0.0204,True
0.4428125023841858,MINUS,MT,49593,135,82.5795,2.6199,0.0092,0.0202,True
0.4428125023841858,MINUS,MT,49593,135,82.5795,2.6199,0.0092,0.0202,True
0.4428125023841858,MINUS,MT,49593,135,82.5795,2.6199,0.0093,0.0204,True
0.4428125023841858,MINUS,MT,49593,135,82.5795,2.6199,0.0094,0.0204,True
0.4428125023841858,MINUS,MT,49574,135,82.5795,2.6358,0.0094,0.0205,True
0.4428125023841858,MINUS,MT,49612,135,82.5795,2.642,0.0094,0.0206,True
0.4428125023841858,MINUS,MT,49612,135,82.5795,2.642,0.0094,0.0206,True
0.4428125023841858,MINUS,MT,51050,150,90.0,1.9566,0.0094,0.0153,False
0.4428125023841858,MINUS,MT,49574,135,82.5795,2.6358,0.0094,0.0206,True
0.4428125023841858,MINUS,MT,4955,150,90.0,2.7016,0.0094,0.0211,True
0.4428125023841858,MINUS,MT,4807,150,90.0,2.7016,0.0094,0.0211,True
0.4428125023841858,MINUS,MT,51123,150,90.0,1.9784,0.0094,0.0155,False
0.4428125023841858,MINUS,MT,50977,150,90.0,1.9784,0.0094,0.0155,False
0.4428125023841858,MINUS,MT,4881,150,90.0,2.7016,0.0095,0.0214,True
0.4428125023841858,MINUS,MT,48960,23,26.7493,2.7412,0.0096,0.022,True
0.4428125023841858,MINUS,MT,3684,46,38.257,2.1485,0.0096,0.0173,False
0.4428125023841858,MINUS,MT,3820,46,38.257,2.1486,0.0096,0.0173,False
0.4428125023841858,MINUS,MT,48824,23,26.7493,2.7412,0.0096,0.022,True
0.4428125023841858,MINUS,MT,5162,0,15.3615,2.0158,0.0097,0.0163,False
0.4428125023841858,MINUS,MT,4791,71,50.7634,2.7016,0.0097,0.0219,False
0.4428125023841858,MINUS,MT,4939,71,50.7634,2.7016,0.0097,0.0219,False
0.4428125023841858,MINUS,MT,48892,23,26.7493,2.7004,0.0098,0.0221,True
0.4428125023841858,MINUS,MT,48889,23,26.686,2.7961,0.0099,0.023,False
0.4428125023841858,MINUS,MT,5094,0,15.3615,2.0299,0.0099,0.0167,False
0.4428125023841858,MINUS,MT,5230,0,15.3615,2.207,0.0099,0.0181,False
0.4428125023841858,MINUS,MT,48821,23,26.686,2.8904,0.01,0.024,False
0.4428125023841858,MINUS,MT,48957,23,26.686,2.7138,0.01,0.0226,False
0.4428125023841858,MINUS,MT,4225,46,38.2992,2.1629,0.01,0.018,True
0.4428125023841858,MINUS,MT,4865,71,50.7634,2.7016,0.01,0.0225,False
0.4428125023841858,MINUS,MT,4293,46,38.2992,2.1798,0.0101,0.0184,True
0.4428125023841858,MINUS,MT,4157,46,38.2992,2.1798,0.0101,0.0184,True
0.4428125023841858,MINUS,MT,5164,0,15.3983,2.7126,0.0102,0.023,False
0.4428125023841858,MINUS,MT,5096,0,15.3983,2.7126,0.0102,0.0231,False
0.4428125023841858,MINUS,MT,5232,0,15.3983,2.7126,0.0102,0.0231,False
0.4428125023841858,MINUS,MT,51525,136,83.3659,2.6357,0.0103,0.0227,True
0.4428125023841858,MINUS,MT,51525,136,83.3659,2.6357,0.0103,0.0227,True
0.4428125023841858,MINUS,MT,51544,136,83.3659,2.4708,0.0103,0.0213,True
0.4428125023841858,MINUS,MT,51506,136,83.3659,2.4844,0.0103,0.0214,True
0.4428125023841858,MINUS,MT,50177,115,72.9969,2.083,0.0103,0.0179,False
0.4428125023841858,MINUS,MT,50177,115,72.9969,2.083,0.0103,0.018,False
0.4428125023841858,MINUS,MT,51506,136,83.3659,2.4844,0.0103,0.0214,True
0.4428125023841858,MINUS,MT,51544,136,83.3659,2.4708,0.0103,0.0213,True
0.4428125023841858,MINUS,MT,50158,115,72.9969,2.5275,0.0104,0.0219,False
0.4428125023841858,MINUS,MT,50196,115,72.9969,2.7797,0.0104,0.0241,False
0.4428125023841858,MINUS,MT,51506,136,83.3659,2.4844,0.0105,0.0217,True
0.4428125023841858,MINUS,MT,51544,136,83.3659,2.4708,0.0105,0.0216,True
0.4428125023841858,MINUS,MT,51544,136,83.3659,2.4708,0.0105,0.0216,True
0.4428125023841858,MINUS,MT,51506,136,83.3659,2.4844,0.0105,0.0217,True
0.4428125023841858,MINUS,MT,51525,136,83.3659,2.6357,0.0105,0.023,True
0.4428125023841858,MINUS,MT,51525,136,83.3659,2.6357,0.0105,0.023,True
0.4428125023841858,MINUS,MT,51285,0,15.3753,2.7368,0.0105,0.024,True
0.4428125023841858,MINUS,MT,50177,115,72.9969,2.083,0.0105,0.0183,False
0.4428125023841858,MINUS,MT,50177,115,72.9969,2.083,0.0105,0.0183,False
0.4428125023841858,MINUS,MT,51353,0,15.3753,2.2328,0.0105,0.0196,True
0.4428125023841858,MINUS,MT,51217,0,15.3753,2.2558,0.0106,0.0198,True
0.4428125023841858,MINUS,MT,50196,115,72.9969,2.7797,0.0106,0.0245,False
0.4428125023841858,MINUS,MT,50158,115,72.9969,2.5275,0.0106,0.0223,False
0.4428125023841858,MINUS,MT,50158,115,72.9969,2.5275,0.0106,0.0223,False
0.4428125023841858,MINUS,MT,50196,115,72.9969,2.7797,0.0106,0.0245,False
0.4428125023841858,MINUS,MT,50298,86,58.2351,2.8907,0.0106,0.0256,False
0.4428125023841858,MINUS,MT,50254,86,58.2351,2.7428,0.0107,0.0244,False
0.4428125023841858,MINUS,MT,50342,86,58.2351,2.886,0.0107,0.0257,False
0.4428125023841858,MINUS,MT,50196,115,72.9969,2.7797,0.0107,0.0249,False
0.4428125023841858,MINUS,MT,50158,115,72.9969,2.5275,0.0107,0.0226,False
0.4428125023841858,MINUS,MT,36908,11,20.8448,2.7489,0.0109,0.025,False
0.4428125023841858,MINUS,MT,13499,114,72.2672,2.2645,0.0109,0.0206,False
0.4428125023841858,MINUS,MT,13426,114,72.2672,1.8672,0.0109,0.017,False
0.4428125023841858,MINUS,MT,13572,114,72.2672,1.8479,0.0109,0.0168,False
0.4428125023841858,MINUS,MT,50176,106,68.1718,2.7228,0.011,0.0249,False
0.4428125023841858,MINUS,MT,50176,106,68.1718,2.7228,0.011,0.0249,False
0.4428125023841858,MINUS,MT,50175,98,64.2937,2.9168,0.011,0.0267,False
0.4428125023841858,MINUS,MT,50175,98,64.2937,2.9168,0.011,0.0267,False
0.4428125023841858,MINUS,MT,36976,11,20.8448,2.7513,0.011,0.0253,True
0.4428125023841858,MINUS,MT,36840,11,20.8448,2.6925,0.011,0.0247,True
0.4428125023841858,MINUS,MT,50176,106,68.1718,2.7228,0.011,0.025,False
0.4428125023841858,MINUS,MT,50176,106,68.1718,2.7228,0.011,0.025,False
0.4428125023841858,MINUS,MT,50194,98,64.2937,2.9,0.0111,0.0267,False
0.4428125023841858,MINUS,MT,50156,98,64.2937,2.8469,0.0111,0.0263,False
0.4428125023841858,MINUS,MT,50195,106,68.1718,2.7213,0.0111,0.0252,False
0.4428125023841858,MINUS,MT,50157,106,68.1718,2.7146,0.0111,0.0252,False
0.4428125023841858,MINUS,MT,50195,106,68.1718,2.7213,0.0112,0.0253,False
0.4428125023841858,MINUS,MT,50157,106,68.1718,2.7146,0.0112,0.0253,False
0.4428125023841858,MINUS,MT,49364,23,26.6992,2.6901,0.0112,0.0251,True
0.4428125023841858,MINUS,MT,36842,11,20.8915,2.5358,0.0112,0.0237,False
0.4428125023841858,MINUS,MT,36978,11,20.8915,2.5358,0.0112,0.0237,False
0.4428125023841858,MINUS,MT,50175,98,64.2937,2.9168,0.0113,0.0274,False
0.4428125023841858,MINUS,MT,36910,11,20.8915,2.5115,0.0113,0.0236,False
0.4428125023841858,MINUS,MT,50175,98,64.2937,2.9168,0.0113,0.0275,False
0.4428125023841858,MINUS,MT,50194,98,64.2937,2.9,0.0113,0.0274,False
0.4428125023841858,MINUS,MT,50156,98,64.2937,2.8469,0.0114,0.0269,False
0.4428125023841858,MINUS,MT,50194,98,64.2937,2.9,0.0114,0.0275,False
0.4428125023841858,MINUS,MT,50156,98,64.2937,2.8469,0.0114,0.027,False
0.4428125023841858,MINUS,MT,49432,23,26.6992,2.7091,0.0114,0.0258,True
0.4428125023841858,MINUS,MT,49296,23,26.6992,2.2263,0.0114,0.0212,True
0.4428125023841858,MINUS,MT,50195,106,68.1718,2.7213,0.0116,0.0263,False
0.4428125023841858,MINUS,MT,50157,106,68.1718,2.7146,0.0116,0.0263,False
0.4428125023841858,MINUS,MT,50157,106,68.1718,2.7146,0.0116,0.0263,False
0.4428125023841858,MINUS,MT,50195,106,68.1718,2.7213,0.0116,0.0263,False
0.4428125023841858,MINUS,MT,51435,115,72.796,2.1791,0.0116,0.0211,False
0.4428125023841858,MINUS,MT,51397,115,72.796,2.0635,0.0116,0.02,False
0.4428125023841858,MINUS,MT,50194,98,64.2937,2.9,0.0117,0.0282,False
0.4428125023841858,MINUS,MT,50156,98,64.2937,2.8469,0.0117,0.0277,False
0.4428125023841858,MINUS,MT,51435,115,72.796,2.1791,0.0118,0.0214,False
0.4428125023841858,MINUS,MT,51397,115,72.796,2.0635,0.0118,0.0203,False
0.4428125023841858,MINUS,MT,3754,46,38.3478,2.1895,0.0118,0.0216,False
0.4428125023841858,MINUS,MT,51397,115,72.796,2.0635,0.0119,0.0204,False
0.4428125023841858,MINUS,MT,51435,115,72.796,2.1791,0.0119,0.0215,False
0.4428125023841858,MINUS,MT,13428,103,66.9913,2.3087,0.0119,0.0228,False
0.4428125023841858,MINUS,MT,13574,103,66.9913,1.9866,0.0119,0.0197,False
0.4428125023841858,MINUS,MT,13501,103,66.9913,2.3011,0.0119,0.0228,False
0.4428125023841858,MINUS,MT,51416,115,72.796,2.6439,0.0119,0.0263,False
0.4428125023841858,MINUS,MT,51416,115,72.796,2.6439,0.0119,0.0263,False
0.4428125023841858,MINUS,MT,48894,23,26.842,2.7266,0.012,0.0274,True
0.4428125023841858,MINUS,MT,51397,115,72.796,2.0635,0.0121,0.0208,False
0.4428125023841858,MINUS,MT,51435,115,72.796,2.1791,0.0121,0.0219,False
0.4428125023841858,MINUS,MT,4565,150,90.0,2.7016,0.0121,0.0272,True
0.4428125023841858,MINUS,MT,4491,150,90.0,2.7016,0.0121,0.0272,True
0.4428125023841858,MINUS,MT,4639,150,90.0,2.7016,0.0121,0.0272,True
0.4428125023841858,MINUS,MT,50175,98,64.2937,2.9168,0.0121,0.0294,False
0.4428125023841858,MINUS,MT,50175,98,64.2937,2.9168,0.0121,0.0295,False
0.4428125023841858,MINUS,MT,3686,46,38.3478,2.195,0.0121,0.0222,False
0.4428125023841858,MINUS,MT,3822,46,38.3478,2.195,0.0121,0.0222,False
0.4428125023841858,MINUS,MT,50194,98,64.2937,2.9,0.0122,0.0294,False
0.4428125023841858,MINUS,MT,50156,98,64.2937,2.8469,0.0122,0.0289,False
0.4428125023841858,MINUS,MT,51416,115,72.796,2.6439,0.0122,0.0268,False
0.4428125023841858,MINUS,MT,51283,0,15.3341,2.2188,0.0122,0.0225,True
0.4428125023841858,MINUS,MT,51416,115,72.796,2.6439,0.0122,0.0268,False
0.4428125023841858,MINUS,MT,36534,11,20.8558,2.6948,0.0122,0.0274,True
0.4428125023841858,MINUS,MT,36398,11,20.8558,2.8978,0.0122,0.0295,True
0.4428125023841858,MINUS,MT,50194,98,64.2937,2.9,0.0123,0.0297,False
0.4428125023841858,MINUS,MT,50156,98,64.2937,2.8469,0.0123,0.0291,False
0.4428125023841858,MINUS,MT,51351,0,15.3341,2.2216,0.0123,0.0228,True
0.4428125023841858,MINUS,MT,51215,0,15.3341,2.2188,0.0123,0.0227,True
0.4428125023841858,MINUS,MT,32713,86,58.2124,2.8896,0.0123,0.0297,False
0.4428125023841858,MINUS,MT,36977,11,20.8594,2.3443,0.0124,0.0243,True
0.4428125023841858,MINUS,MT,36841,11,20.8594,2.3443,0.0124,0.0243,True
0.4428125023841858,MINUS,MT,32757,86,58.2124,2.8979,0.0124,0.03,False
0.4428125023841858,MINUS,MT,32669,86,58.2124,2.8979,0.0124,0.03,False
0.4428125023841858,MINUS,MT,3683,46,38.2436,2.2506,0.0124,0.0233,False
0.4428125023841858,MINUS,MT,3819,46,38.2436,2.7016,0.0124,0.028,False
0.4428125023841858,MINUS,MT,3751,46,38.2436,2.7016,0.0125,0.0281,False
0.4428125023841858,MINUS,MT,50175,98,64.2937,2.9168,0.0125,0.0304,False
0.4428125023841858,MINUS,MT,50175,98,64.2937,2.9168,0.0125,0.0304,False
0.4428125023841858,MINUS,MT,50964,114,72.3335,2.2777,0.0125,0.0237,False
0.4428125023841858,MINUS,MT,51110,114,72.3335,2.341,0.0125,0.0244,False
0.4428125023841858,MINUS,MT,50194,98,64.2937,2.9,0.0125,0.0303,False
0.4428125023841858,MINUS,MT,50156,98,64.2937,2.8469,0.0125,0.0298,False
0.4428125023841858,MINUS,MT,36469,11,20.8884,2.7095,0.0126,0.0285,True
0.4428125023841858,MINUS,MT,51037,114,72.3335,2.231,0.0126,0.0235,False
0.4428125023841858,MINUS,MT,36537,11,20.8884,2.7142,0.0127,0.0287,True
0.4428125023841858,MINUS,MT,50194,98,64.2937,2.9,0.0127,0.0306,False
0.4428125023841858,MINUS,MT,36909,11,20.8594,2.5156,0.0127,0.0266,True
0.4428125023841858,MINUS,MT,50156,98,64.2937,2.8469,0.0127,0.0301,False
0.4428125023841858,MINUS,MT,48962,23,26.842,2.717,0.0127,0.0287,True
0.4428125023841858,MINUS,MT,36401,11,20.8884,2.7142,0.0127,0.0287,True
0.4428125023841858,MINUS,MT,48826,23,26.842,2.8976,0.0127,0.0306,True
0.4428125023841858,MINUS,MT,36536,11,20.9014,2.4724,0.0128,0.0263,True
0.4428125023841858,MINUS,MT,36466,11,20.8558,2.5089,0.0128,0.0267,True
0.4428125023841858,MINUS,MT,36400,11,20.9014,2.4724,0.0128,0.0263,True
0.4428125023841858,MINUS,MT,36468,11,20.9014,2.7133,0.0128,0.0289,True
0.4428125023841858,MINUS,MT,4622,68,49.4325,2.7016,0.0128,0.0288,False
0.4428125023841858,MINUS,MT,4474,68,49.4325,2.7016,0.0128,0.0288,False
0.4428125023841858,MINUS,MT,50176,106,68.1718,2.7228,0.013,0.0296,False
0.4428125023841858,MINUS,MT,50176,106,68.1718,2.7228,0.013,0.0296,False
0.4428125023841858,MINUS,MT,50176,106,68.1718,2.7228,0.013,0.0296,False
0.4428125023841858,MINUS,MT,50176,106,68.1718,2.7228,0.0131,0.0296,False
0.4428125023841858,MINUS,MT,48891,23,26.7541,2.6842,0.0131,0.0294,False
0.4428125023841858,MINUS,MT,4548,68,49.4325,2.7016,0.0132,0.0297,False
0.4428125023841858,MINUS,MT,50195,106,68.1718,2.7213,0.0132,0.03,False
0.4428125023841858,MINUS,MT,50157,106,68.1718,2.7146,0.0132,0.0299,False
0.4428125023841858,MINUS,MT,50157,106,68.1718,2.7146,0.0132,0.0299,False
0.4428125023841858,MINUS,MT,50195,106,68.1718,2.7213,0.0132,0.03,False
0.4428125023841858,MINUS,MT,51414,98,64.2666,2.9083,0.0134,0.0325,False
0.4428125023841858,MINUS,MT,51414,98,64.2666,2.9083,0.0134,0.0325,False
0.4428125023841858,MINUS,MT,5163,0,15.4092,2.7126,0.0135,0.0305,False
0.4428125023841858,MINUS,MT,5095,0,15.4092,2.2099,0.0135,0.0248,False
0.4428125023841858,MINUS,MT,5231,0,15.4092,2.2099,0.0135,0.0248,False
0.4428125023841858,MINUS,MT,48823,23,26.7541,2.7041,0.0135,0.0304,False
0.4428125023841858,MINUS,MT,48959,23,26.7541,2.7041,0.0135,0.0304,False
0.4428125023841858,MINUS,MT,51395,98,64.2666,2.8426,0.0135,0.0321,False
0.4428125023841858,MINUS,MT,51433,98,64.2666,2.8925,0.0136,0.0327,False
0.4428125023841858,MINUS,MT,36979,11,20.9056,2.7896,0.0136,0.0317,True
0.4428125023841858,MINUS,MT,36843,11,20.9056,2.7896,0.0136,0.0317,True
0.4428125023841858,MINUS,MT,50157,106,68.1718,2.7146,0.0137,0.031,False
0.4428125023841858,MINUS,MT,50195,106,68.1718,2.7213,0.0137,0.031,False
0.4428125023841858,MINUS,MT,36911,11,20.9056,2.6929,0.0137,0.0307,True
0.4428125023841858,MINUS,MT,50157,106,68.1718,2.7146,0.0138,0.0311,False
0.4428125023841858,MINUS,MT,50195,106,68.1718,2.7213,0.0138,0.0313,False
0.4428125023841858,MINUS,MT,51395,98,64.2666,2.8426,0.0139,0.033,False
0.4428125023841858,MINUS,MT,51433,98,64.2666,2.8925,0.0139,0.0336,False
0.4428125023841858,MINUS,MT,51415,106,68.0943,2.7832,0.014,0.0326,False
0.4428125023841858,MINUS,MT,51415,106,68.0943,2.7832,0.014,0.0326,False
0.4428125023841858,MINUS,MT,51414,98,64.2666,2.9083,0.0141,0.0342,False
0.4428125023841858,MINUS,MT,51414,98,64.2666,2.9083,0.0141,0.0342,False
0.4428125023841858,MINUS,MT,51396,106,68.0943,2.2346,0.0141,0.0263,False
0.4428125023841858,MINUS,MT,51434,106,68.0943,2.7756,0.0142,0.0327,False
0.4428125023841858,MINUS,MT,51414,98,64.2666,2.9083,0.0142,0.0345,False
0.4428125023841858,MINUS,MT,51414,98,64.2666,2.9083,0.0143,0.0346,False
0.4428125023841858,MINUS,MT,51395,98,64.2666,2.8426,0.0143,0.0338,False
0.4428125023841858,MINUS,MT,51433,98,64.2666,2.8925,0.0143,0.0344,False
0.4428125023841858,MINUS,MT,51416,115,72.796,2.6439,0.0143,0.0316,False
0.4428125023841858,MINUS,MT,51415,106,68.0943,2.7832,0.0143,0.0333,False
0.4428125023841858,MINUS,MT,51416,115,72.796,2.6439,0.0143,0.0316,False
0.4428125023841858,MINUS,MT,51415,106,68.0943,2.7832,0.0144,0.0333,False
0.4428125023841858,MINUS,MT,51397,115,72.796,2.0635,0.0144,0.0247,False
0.4428125023841858,MINUS,MT,51395,98,64.2666,2.8426,0.0144,0.034,False
0.4428125023841858,MINUS,MT,51435,115,72.796,2.1791,0.0144,0.0261,False
0.4428125023841858,MINUS,MT,51433,98,64.2666,2.8925,0.0144,0.0347,False
0.4428125023841858,MINUS,MT,4294,46,38.3052,2.238,0.0144,0.0269,True
0.4428125023841858,MINUS,MT,4158,46,38.3052,2.238,0.0144,0.0269,True
0.4428125023841858,MINUS,MT,51434,106,68.0943,2.7756,0.0144,0.0334,False
0.4428125023841858,MINUS,MT,51396,106,68.0943,2.2346,0.0144,0.0269,False
0.4428125023841858,MINUS,MT,4940,70,50.2474,2.7016,0.0144,0.0325,False
0.4428125023841858,MINUS,MT,4792,70,50.2474,2.1416,0.0144,0.0258,False
0.4428125023841858,MINUS,MT,51396,106,68.0943,2.2346,0.0145,0.0269,False
0.4428125023841858,MINUS,MT,51435,115,72.796,2.1791,0.0145,0.0262,False
0.4428125023841858,MINUS,MT,51397,115,72.796,2.0635,0.0145,0.0249,False
0.4428125023841858,MINUS,MT,51434,106,68.0943,2.7756,0.0145,0.0335,False
0.4428125023841858,MINUS,MT,4226,46,38.3052,2.2417,0.0145,0.027,True
0.4428125023841858,MINUS,MT,51435,115,72.796,2.1791,0.0145,0.0264,False
0.4428125023841858,MINUS,MT,51397,115,72.796,2.0635,0.0145,0.025,False
0.4428125023841858,MINUS,MT,51416,115,72.796,2.6439,0.0145,0.032,False
0.4428125023841858,MINUS,MT,51397,115,72.796,2.0635,0.0145,0.025,False
0.4428125023841858,MINUS,MT,51435,115,72.796,2.1791,0.0145,0.0264,False
0.4428125023841858,MINUS,MT,51416,115,72.796,2.6439,0.0145,0.032,False
0.4428125023841858,MINUS,MT,4866,70,50.2474,2.7016,0.0147,0.033,False
0.4428125023841858,MINUS,MT,51433,98,64.2666,2.8925,0.0147,0.0354,False
0.4428125023841858,MINUS,MT,51395,98,64.2666,2.8426,0.0147,0.0347,False
0.4428125023841858,MINUS,MT,51395,98,64.2666,2.8426,0.0148,0.035,False
0.4428125023841858,MINUS,MT,51433,98,64.2666,2.8925,0.0148,0.0356,False
0.4428125023841858,MINUS,MT,51434,106,68.0943,2.7756,0.0148,0.0342,False
0.4428125023841858,MINUS,MT,5161,0,15.3758,2.207,0.0148,0.0272,False
0.4428125023841858,MINUS,MT,51396,106,68.0943,2.2346,0.0148,0.0275,False
0.4428125023841858,MINUS,MT,13424,130,80.3059,2.2735,0.0148,0.028,False
0.4428125023841858,MINUS,MT,13497,130,80.3059,2.1772,0.0148,0.0268,False
0.4428125023841858,MINUS,MT,13570,130,80.3059,2.0104,0.0148,0.0248,False
0.4428125023841858,MINUS,MT,5093,0,15.3758,2.207,0.0148,0.0273,False
0.4428125023841858,MINUS,MT,5229,0,15.3758,2.2071,0.0148,0.0273,False
0.4428125023841858,MINUS,MT,51414,98,64.2666,2.9083,0.0151,0.0365,False
0.4428125023841858,MINUS,MT,51414,98,64.2666,2.9083,0.0151,0.0365,False
0.4428125023841858,MINUS,MT,51395,98,64.2666,2.8426,0.0152,0.036,False
0.4428125023841858,MINUS,MT,51433,98,64.2666,2.8925,0.0152,0.0367,False
0.4428125023841858,MINUS,MT,51035,130,80.447,2.1517,0.0154,0.0276,False
0.4428125023841858,MINUS,MT,50962,130,80.447,2.7437,0.0154,0.0353,False
0.4428125023841858,MINUS,MT,51108,130,80.447,2.1791,0.0155,0.0281,False
0.4428125023841858,MINUS,MT,51433,98,64.2666,2.8925,0.0156,0.0376,False
0.4428125023841858,MINUS,MT,51395,98,64.2666,2.8426,0.0156,0.0369,False
0.4428125023841858,MINUS,MT,49584,133,81.9979,2.5888,0.0157,0.0338,True
0.4428125023841858,MINUS,MT,36470,11,20.9709,2.7636,0.0157,0.0361,True
0.4428125023841858,MINUS,MT,49584,133,81.9979,2.5888,0.0157,0.0338,True
0.4428125023841858,MINUS,MT,4492,150,90.0,2.7016,0.0157,0.0354,True
0.4428125023841858,MINUS,MT,4640,150,90.0,2.7016,0.0157,0.0354,True
0.4428125023841858,MINUS,MT,36539,11,20.9592,2.7599,0.0157,0.0362,False
0.4428125023841858,MINUS,MT,49565,133,81.9979,2.0635,0.0158,0.0271,True
0.4428125023841858,MINUS,MT,49603,133,81.9979,2.6308,0.0158,0.0346,True
0.4428125023841858,MINUS,MT,36403,11,20.9592,2.7599,0.0158,0.0363,False
0.4428125023841858,MINUS,MT,49367,23,26.8444,2.7187,0.0158,0.0358,True
0.4428125023841858,MINUS,MT,36471,11,20.9592,2.7295,0.0158,0.036,False
0.4428125023841858,MINUS,MT,36538,11,20.9709,2.7655,0.016,0.0369,True
0.4428125023841858,MINUS,MT,36402,11,20.9709,2.7655,0.0161,0.037,True
0.4428125023841858,MINUS,MT,4566,150,90.0,2.7016,0.0161,0.0362,True
0.4428125023841858,MINUS,MT,49603,133,81.9979,2.6308,0.0162,0.0355,True
0.4428125023841858,MINUS,MT,49565,133,81.9979,2.0635,0.0162,0.0279,True
0.4428125023841858,MINUS,MT,4295,46,38.4178,2.2101,0.0162,0.0299,True
0.4428125023841858,MINUS,MT,4159,46,38.4178,2.2074,0.0162,0.0298,True
0.4428125023841858,MINUS,MT,51415,106,68.0943,2.7832,0.0163,0.0377,False
0.4428125023841858,MINUS,MT,51415,106,68.0943,2.7832,0.0163,0.0377,False
0.4428125023841858,MINUS,MT,4867,76,53.4555,2.7016,0.0163,0.0366,False
0.4428125023841858,MINUS,MT,4793,76,53.4555,2.7016,0.0163,0.0367,False
0.4428125023841858,MINUS,MT,4941,76,53.4555,2.7016,0.0163,0.0367,False
0.4428125023841858,MINUS,MT,51396,106,68.0943,2.2346,0.0163,0.0304,False
0.4428125023841858,MINUS,MT,51434,106,68.0943,2.7756,0.0164,0.0379,False
0.4428125023841858,MINUS,MT,36399,11,20.8383,2.5393,0.0164,0.0347,True
0.4428125023841858,MINUS,MT,36535,11,20.8383,2.5393,0.0164,0.0347,True
0.4428125023841858,MINUS,MT,49435,23,26.8444,2.7808,0.0164,0.038,True
0.4428125023841858,MINUS,MT,49299,23,26.8444,2.4365,0.0164,0.0333,True
0.4428125023841858,MINUS,MT,4227,46,38.4178,2.2364,0.0164,0.0306,True
0.4428125023841858,MINUS,MT,36467,11,20.8383,2.5134,0.0165,0.0346,True
0.4428125023841858,MINUS,MT,51415,106,68.0943,2.7832,0.0166,0.0385,False
0.4428125023841858,MINUS,MT,51415,106,68.0943,2.7832,0.0166,0.0385,False
0.4428125023841858,MINUS,MT,51434,106,68.0943,2.7756,0.0166,0.0384,False
0.4428125023841858,MINUS,MT,51396,106,68.0943,2.2346,0.0166,0.031,False
0.4428125023841858,MINUS,MT,51396,106,68.0943,2.2346,0.0167,0.0311,False
0.4428125023841858,MINUS,MT,51434,106,68.0943,2.7756,0.0167,0.0386,False
0.4428125023841858,MINUS,MT,49840,59,44.5358,2.2974,0.0168,0.0321,True
0.4428125023841858,MINUS,MT,51434,106,68.0943,2.7756,0.017,0.0393,False
0.4428125023841858,MINUS,MT,51396,106,68.0943,2.2346,0.017,0.0316,False
0.4428125023841858,MINUS,MT,49908,59,44.5358,2.5221,0.0171,0.036,True
0.4428125023841858,MINUS,MT,49772,59,44.5358,2.2188,0.0171,0.0317,True
0.4428125023841858,MINUS,MT,13595,71,50.9849,2.4539,0.0175,0.0358,False
0.4428125023841858,MINUS,MT,13449,71,50.9849,2.4539,0.0175,0.0358,False
0.4428125023841858,MINUS,MT,51515,135,82.7762,2.4844,0.0175,0.0363,True
0.4428125023841858,MINUS,MT,51553,135,82.7762,2.7975,0.0176,0.0409,True
0.4428125023841858,MINUS,MT,51553,135,82.7762,2.7975,0.0178,0.0415,True
0.4428125023841858,MINUS,MT,51515,135,82.7762,2.4844,0.0178,0.0369,True
0.4428125023841858,MINUS,MT,13522,71,50.9849,2.4818,0.0178,0.0369,False
0.4428125023841858,MINUS,MT,51534,135,82.7762,2.5686,0.0179,0.0382,True
0.4428125023841858,MINUS,MT,13437,150,90.0,2.4302,0.0179,0.0362,False
0.4428125023841858,MINUS,MT,13583,150,90.0,2.042,0.0179,0.0304,False
0.4428125023841858,MINUS,MT,51534,135,82.7762,2.5686,0.0179,0.0383,True
0.4428125023841858,MINUS,MT,50296,81,55.9619,2.7936,0.018,0.0418,False
0.4428125023841858,MINUS,MT,50252,81,55.9619,2.2188,0.018,0.0334,False
0.4428125023841858,MINUS,MT,50340,81,55.9619,2.7995,0.018,0.0421,False
0.4428125023841858,MINUS,MT,13510,150,90.0,2.4354,0.0184,0.0374,False
0.4428125023841858,MINUS,MT,4789,66,48.4306,2.7016,0.0184,0.0414,False
0.4428125023841858,MINUS,MT,4937,66,48.4306,2.7016,0.0184,0.0415,False
0.4428125023841858,MINUS,MT,51286,0,15.374,2.2216,0.0184,0.0341,False
0.4428125023841858,MINUS,MT,50966,104,67.0287,2.6585,0.0184,0.0408,False
0.4428125023841858,MINUS,MT,51112,104,67.0287,2.7756,0.0184,0.0426,False
0.4428125023841858,MINUS,MT,13520,76,53.4079,2.2228,0.0185,0.0342,False
0.4428125023841858,MINUS,MT,51354,0,15.374,2.2188,0.0185,0.0342,False
0.4428125023841858,MINUS,MT,51218,0,15.374,2.2188,0.0185,0.0343,False
0.4428125023841858,MINUS,MT,13593,76,53.4079,2.4589,0.0186,0.0381,False
0.4428125023841858,MINUS,MT,13447,76,53.4079,2.4589,0.0186,0.0381,False
0.4428125023841858,MINUS,MT,44693,58,44.3851,2.1325,0.0186,0.033,False
0.4428125023841858,MINUS,MT,4931,55,42.8393,2.207,0.0186,0.0342,False
0.4428125023841858,MINUS,MT,4783,55,42.8393,2.207,0.0186,0.0342,False
0.4428125023841858,MINUS,MT,4863,66,48.4306,2.7016,0.0187,0.0421,False
0.4428125023841858,MINUS,MT,4857,55,42.8393,2.7016,0.0187,0.0421,False
0.4428125023841858,MINUS,MT,51039,104,67.0287,2.2893,0.0188,0.0358,False
0.4428125023841858,MINUS,MT,50987,71,50.9851,2.2188,0.0191,0.0354,False
0.4428125023841858,MINUS,MT,51133,71,50.9851,2.4581,0.0191,0.0392,False
0.4428125023841858,MINUS,MT,50159,130,80.4694,2.4011,0.0194,0.0389,False
0.4428125023841858,MINUS,MT,50197,130,80.4694,2.497,0.0195,0.0405,False
0.4428125023841858,MINUS,MT,51060,71,50.9851,2.4141,0.0195,0.0393,False
0.4428125023841858,MINUS,MT,51355,0,15.4266,2.4969,0.0198,0.0411,False
0.4428125023841858,MINUS,MT,3685,46,38.3285,2.2099,0.0198,0.0364,False
0.4428125023841858,MINUS,MT,3821,46,38.3285,2.2073,0.0198,0.0363,False
0.4428125023841858,MINUS,MT,51219,0,15.4266,2.4969,0.0198,0.0412,False
0.4428125023841858,MINUS,MT,51287,0,15.4266,2.4734,0.0199,0.041,False
0.4428125023841858,MINUS,MT,13444,81,55.8232,2.4092,0.02,0.0402,False
0.4428125023841858,MINUS,MT,13590,81,55.8232,2.4092,0.02,0.0402,False
0.4428125023841858,MINUS,MT,13517,81,55.8232,2.4092,0.0201,0.0403,False
0.4428125023841858,MINUS,MT,13507,150,90.0,2.4302,0.0202,0.0408,False
0.4428125023841858,MINUS,MT,13580,150,90.0,2.4302,0.0202,0.0409,False
0.4428125023841858,MINUS,MT,13434,150,90.0,2.4354,0.0202,0.041,False
0.4428125023841858,MINUS,MT,4787,62,46.3499,2.2099,0.0202,0.0372,False
0.4428125023841858,MINUS,MT,4935,62,46.3499,2.2099,0.0202,0.0372,False
0.4428125023841858,MINUS,MT,50174,91,60.9571,2.4958,0.0202,0.0421,False
0.4428125023841858,MINUS,MT,50174,91,60.9571,2.4958,0.0203,0.0421,False
0.4428125023841858,MINUS,MT,50193,91,60.9571,2.9123,0.0203,0.0492,False
0.4428125023841858,MINUS,MT,50155,91,60.9571,2.5023,0.0203,0.0423,False
0.4428125023841858,MINUS,MT,49434,23,26.7757,2.713,0.0203,0.0459,True
0.4428125023841858,MINUS,MT,49298,23,26.7757,2.713,0.0203,0.0459,True
0.4428125023841858,MINUS,MT,4861,62,46.3499,2.2099,0.0203,0.0375,False
0.4428125023841858,MINUS,MT,50193,91,60.9571,2.9123,0.0204,0.0495,False
0.4428125023841858,MINUS,MT,50155,91,60.9571,2.5023,0.0204,0.0425,False
0.4428125023841858,MINUS,MT,49366,23,26.7757,2.7093,0.0205,0.0463,True
0.4428125023841858,MINUS,MT,51058,76,53.4079,2.4124,0.0207,0.0415,False
0.4428125023841858,MINUS,MT,4466,53,41.8966,2.2102,0.0207,0.0382,False
0.4428125023841858,MINUS,MT,4614,53,41.8966,2.2072,0.0207,0.0381,False
0.4428125023841858,MINUS,MT,4540,53,41.8966,2.207,0.0208,0.0382,False
0.4428125023841858,MINUS,MT,50250,77,53.8405,2.2188,0.0208,0.0385,False
0.4428125023841858,MINUS,MT,51131,76,53.4079,1.494,0.0208,0.0259,False
0.4428125023841858,MINUS,MT,50985,76,53.4079,2.2216,0.0208,0.0385,False
0.4428125023841858,MINUS,MT,50338,77,53.8405,2.848,0.0208,0.0494,False
0.4428125023841858,MINUS,MT,4929,52,41.3995,2.207,0.0211,0.0388,False
0.4428125023841858,MINUS,MT,4781,52,41.3995,2.207,0.0211,0.0388,False
0.4428125023841858,MINUS,MT,32711,81,55.9192,2.79,0.0211,0.0491,False
0.4428125023841858,MINUS,MT,32755,81,55.9192,2.7974,0.0212,0.0494,False
0.4428125023841858,MINUS,MT,32667,81,55.9192,2.7974,0.0212,0.0494,False
0.4428125023841858,MINUS,MT,51117,150,90.0,2.7608,0.0213,0.049,False
0.4428125023841858,MINUS,MT,50971,150,90.0,1.4749,0.0213,0.0262,False
0.4428125023841858,MINUS,MT,50294,77,53.8405,2.3328,0.0213,0.0415,False
0.4428125023841858,MINUS,MT,4855,52,41.3995,2.2071,0.0214,0.0394,False
0.4428125023841858,MINUS,MT,3753,46,38.3285,2.207,0.0216,0.0397,False
0.4428125023841858,MINUS,MT,49565,133,81.9979,2.0635,0.0217,0.0372,True
0.4428125023841858,MINUS,MT,49603,133,81.9979,2.6308,0.0217,0.0476,True
0.4428125023841858,MINUS,MT,49584,133,81.9979,2.5888,0.0217,0.0469,True
0.4428125023841858,MINUS,MT,49603,133,81.9979,2.6308,0.0217,0.0477,True
0.4428125023841858,MINUS,MT,51409,150,90.0,2.3924,0.0218,0.0434,True
0.4428125023841858,MINUS,MT,51409,150,90.0,2.3924,0.0218,0.0434,True
0.4428125023841858,MINUS,MT,49565,133,81.9979,2.0635,0.0218,0.0374,True
0.4428125023841858,MINUS,MT,49584,133,81.9979,2.5888,0.0218,0.0469,True
0.4428125023841858,MINUS,MT,51428,150,90.0,9.8711,0.0218,0.1792,True
0.4428125023841858,MINUS,MT,51390,150,90.0,9.9925,0.0218,0.1814,True
0.4428125023841858,MINUS,MT,51390,150,90.0,9.9925,0.0218,0.1815,True
0.4428125023841858,MINUS,MT,51428,150,90.0,9.8711,0.0218,0.1792,True
0.4428125023841858,MINUS,MT,51044,150,90.0,2.9643,0.022,0.0543,False
0.4428125023841858,MINUS,MT,51130,81,55.7776,2.4143,0.0221,0.0444,False
0.4428125023841858,MINUS,MT,50984,81,55.7776,2.4143,0.0221,0.0444,False
0.4428125023841858,MINUS,MT,51057,81,55.7776,2.4143,0.0221,0.0445,False
0.4428125023841858,MINUS,MT,36844,11,20.9635,2.7094,0.0223,0.0504,False
0.4428125023841858,MINUS,MT,36980,11,20.9635,2.7094,0.0224,0.0505,False
0.4428125023841858,MINUS,MT,13581,150,90.0,2.0431,0.0224,0.0381,False
0.4428125023841858,MINUS,MT,13435,150,90.0,1.8594,0.0224,0.0346,False
0.4428125023841858,MINUS,MT,50159,130,80.4694,2.4011,0.0224,0.0448,False
0.4428125023841858,MINUS,MT,50197,130,80.4694,2.497,0.0224,0.0466,False
0.4428125023841858,MINUS,MT,36912,11,20.9635,2.7039,0.0224,0.0506,False
0.4428125023841858,MINUS,MT,13508,150,90.0,2.2326,0.0226,0.042,False
0.4428125023841858,MINUS,MT,51409,150,90.0,2.3924,0.0227,0.0452,True
0.4428125023841858,MINUS,MT,51409,150,90.0,2.3924,0.0227,0.0452,True
0.4428125023841858,MINUS,MT,4550,74,52.003,2.7016,0.0227,0.0512,False
0.4428125023841858,MINUS,MT,51428,150,90.0,9.8711,0.0228,0.1873,True
0.4428125023841858,MINUS,MT,51390,150,90.0,9.9925,0.0228,0.1896,True
0.4428125023841858,MINUS,MT,51428,150,90.0,9.8711,0.0228,0.1877,True
0.4428125023841858,MINUS,MT,51390,150,90.0,9.9925,0.0228,0.19,True
0.4428125023841858,MINUS,MT,4624,74,52.003,2.7016,0.023,0.0517,False
0.4428125023841858,MINUS,MT,4476,74,52.003,2.7016,0.023,0.0517,False
0.4428125023841858,MINUS,MT,4864,66,48.021,2.7016,0.0231,0.052,False
0.4428125023841858,MINUS,MT,51390,150,90.0,9.9925,0.0232,0.1935,True
0.4428125023841858,MINUS,MT,51428,150,90.0,9.8711,0.0232,0.1911,True
0.4428125023841858,MINUS,MT,4938,66,48.021,2.7016,0.0233,0.0524,False
0.4428125023841858,MINUS,MT,4790,66,48.021,2.1542,0.0233,0.0418,False
0.4428125023841858,MINUS,MT,4464,51,40.5184,2.2103,0.0233,0.0429,False
0.4428125023841858,MINUS,MT,4612,51,40.5184,2.7016,0.0233,0.0524,False
0.4428125023841858,MINUS,MT,4223,46,38.2013,2.7016,0.0234,0.0526,True
0.4428125023841858,MINUS,MT,50155,91,60.9571,2.5023,0.0234,0.0488,False
0.4428125023841858,MINUS,MT,50193,91,60.9571,2.9123,0.0234,0.0567,False
0.4428125023841858,MINUS,MT,51428,150,90.0,9.8711,0.0234,0.1923,True
0.4428125023841858,MINUS,MT,51390,150,90.0,9.9925,0.0234,0.1947,True
0.4428125023841858,MINUS,MT,50193,91,60.9571,2.9123,0.0234,0.0567,False
0.4428125023841858,MINUS,MT,50174,91,60.9571,2.4958,0.0234,0.0487,False
0.4428125023841858,MINUS,MT,50155,91,60.9571,2.5023,0.0234,0.0488,False
0.4428125023841858,MINUS,MT,50174,91,60.9571,2.4958,0.0234,0.0487,False
0.4428125023841858,MINUS,MT,51409,150,90.0,2.3924,0.0234,0.0467,True
0.4428125023841858,MINUS,MT,51409,150,90.0,2.3924,0.0234,0.0467,True
0.4428125023841858,MINUS,MT,32753,77,53.7968,2.8039,0.0234,0.0548,False
0.4428125023841858,MINUS,MT,32665,77,53.7968,2.8039,0.0235,0.0548,False
0.4428125023841858,MINUS,MT,5160,0,15.3161,2.7126,0.0236,0.0533,False
0.4428125023841858,MINUS,MT,50178,130,80.4694,2.493,0.0236,0.0491,False
0.4428125023841858,MINUS,MT,50178,130,80.4694,2.493,0.0236,0.0491,False
0.4428125023841858,MINUS,MT,4538,51,40.5184,2.1105,0.0236,0.0416,False
0.4428125023841858,MINUS,MT,44763,59,44.507,2.2964,0.0237,0.0453,False
0.4428125023841858,MINUS,MT,44627,59,44.507,2.8451,0.0237,0.0562,False
0.4428125023841858,MINUS,MT,4620,64,47.2157,2.7016,0.0237,0.0534,False
0.4428125023841858,MINUS,MT,4472,64,47.2157,2.7016,0.0237,0.0534,False
0.4428125023841858,MINUS,MT,51534,135,82.7762,2.5686,0.0238,0.0509,True
0.4428125023841858,MINUS,MT,51534,135,82.7762,2.5686,0.0238,0.0509,True
0.4428125023841858,MINUS,MT,51515,135,82.7762,2.4844,0.0238,0.0493,True
0.4428125023841858,MINUS,MT,51553,135,82.7762,2.7975,0.0238,0.0555,True
0.4428125023841858,MINUS,MT,51515,135,82.7762,2.4844,0.0238,0.0493,True
0.4428125023841858,MINUS,MT,51553,135,82.7762,2.7975,0.0238,0.0556,True
0.4428125023841858,MINUS,MT,5092,0,15.3161,2.2102,0.0239,0.0439,False
0.4428125023841858,MINUS,MT,5228,0,15.3161,2.7126,0.0239,0.0539,False
0.4428125023841858,MINUS,MT,4618,60,45.2406,2.7016,0.0239,0.0538,False
0.4428125023841858,MINUS,MT,4470,60,45.2406,2.7016,0.0239,0.0538,False
0.4428125023841858,MINUS,MT,32709,77,53.7968,2.8003,0.024,0.0559,False
0.4428125023841858,MINUS,MT,4544,60,45.2406,2.2071,0.024,0.0442,False
0.4428125023841858,MINUS,MT,4291,46,38.2013,2.7016,0.0241,0.0542,True
0.4428125023841858,MINUS,MT,4155,46,38.2013,2.7016,0.0241,0.0542,True
0.4428125023841858,MINUS,MT,4546,64,47.2157,2.7016,0.0241,0.0543,False
0.4428125023841858,MINUS,MT,51048,150,90.0,2.0611,0.0242,0.0416,False
0.4428125023841858,MINUS,MT,51390,150,90.0,9.9925,0.0243,0.2026,True
0.4428125023841858,MINUS,MT,51428,150,90.0,9.8711,0.0243,0.2001,True
0.4428125023841858,MINUS,MT,50159,130,80.4694,2.4011,0.0244,0.0488,False
0.4428125023841858,MINUS,MT,50975,150,90.0,2.0417,0.0244,0.0415,False
0.4428125023841858,MINUS,MT,51121,150,90.0,2.0417,0.0244,0.0415,False
0.4428125023841858,MINUS,MT,50197,130,80.4694,2.497,0.0244,0.0508,False
0.4428125023841858,MINUS,MT,51409,150,90.0,2.3924,0.0244,0.0487,True
0.4428125023841858,MINUS,MT,51409,150,90.0,2.3924,0.0244,0.0487,True
0.4428125023841858,MINUS,MT,13515,88,59.1203,2.3311,0.0244,0.0475,False
0.4428125023841858,MINUS,MT,51428,150,90.0,9.8711,0.0245,0.2012,True
0.4428125023841858,MINUS,MT,51390,150,90.0,9.9925,0.0245,0.2037,True
0.4428125023841858,MINUS,MT,49583,119,74.8791,2.7146,0.0245,0.0553,True
0.4428125023841858,MINUS,MT,44625,58,44.3851,2.9878,0.0245,0.0609,False
0.4428125023841858,MINUS,MT,44761,58,44.3851,2.1326,0.0245,0.0435,False
0.4428125023841858,MINUS,MT,49583,119,74.8791,2.7146,0.0245,0.0554,True
0.4428125023841858,MINUS,MT,49602,119,74.8791,2.7501,0.0246,0.0563,True
0.4428125023841858,MINUS,MT,49564,119,74.8791,2.6268,0.0246,0.0539,True
0.4428125023841858,MINUS,MT,13442,88,59.1203,2.3311,0.0247,0.048,False
0.4428125023841858,MINUS,MT,13588,88,59.1203,2.3311,0.0247,0.048,False
0.4428125023841858,MINUS,MT,49564,119,74.8791,2.6268,0.0249,0.0546,True
0.4428125023841858,MINUS,MT,49602,119,74.8791,2.7501,0.0249,0.0571,True
0.4428125023841858,MINUS,MT,44695,59,44.507,2.212,0.0251,0.0464,False
0.4428125023841858,MINUS,MT,3688,46,38.4664,2.2071,0.0253,0.0465,False
0.4428125023841858,MINUS,MT,3824,46,38.4664,2.2073,0.0253,0.0465,False
0.4428125023841858,MINUS,MT,51552,120,75.246,2.2353,0.0253,0.0471,True
0.4428125023841858,MINUS,MT,5098,0,15.4534,2.7126,0.0253,0.0572,False
0.4428125023841858,MINUS,MT,51514,120,75.246,2.7737,0.0253,0.0585,True
0.4428125023841858,MINUS,MT,5234,0,15.4534,2.7126,0.0253,0.0572,False
0.4428125023841858,MINUS,MT,49583,119,74.8791,2.7146,0.0253,0.0573,True
0.4428125023841858,MINUS,MT,3756,46,38.4664,2.2071,0.0253,0.0466,False
0.4428125023841858,MINUS,MT,5166,0,15.4534,2.7126,0.0253,0.0573,False
0.4428125023841858,MINUS,MT,49583,119,74.8791,2.7146,0.0253,0.0573,True
0.4428125023841858,MINUS,MT,51514,120,75.246,2.7737,0.0254,0.0587,True
0.4428125023841858,MINUS,MT,51552,120,75.246,2.2353,0.0254,0.0474,True
0.4428125023841858,MINUS,MT,51533,120,75.246,2.7032,0.0254,0.0573,True
0.4428125023841858,MINUS,MT,51533,120,75.246,2.7032,0.0255,0.0573,True
0.4428125023841858,MINUS,MT,51042,95,62.6028,2.3328,0.0255,0.0497,False
0.4428125023841858,MINUS,MT,50174,91,60.9571,2.4958,0.0256,0.0532,False
0.4428125023841858,MINUS,MT,13317,0,15.0921,2.418,0.0256,0.0515,False
0.4428125023841858,MINUS,MT,50174,91,60.9571,2.4958,0.0256,0.0532,False
0.4428125023841858,MINUS,MT,36913,11,20.9751,2.7447,0.0256,0.0585,True
0.4428125023841858,MINUS,MT,49602,119,74.8791,2.7501,0.0256,0.0586,True
0.4428125023841858,MINUS,MT,49564,119,74.8791,2.6268,0.0256,0.0561,True
0.4428125023841858,MINUS,MT,49564,119,74.8791,2.6268,0.0256,0.0561,True
0.4428125023841858,MINUS,MT,49602,119,74.8791,2.7501,0.0256,0.0588,True
0.4428125023841858,MINUS,MT,50193,91,60.9571,2.9123,0.0257,0.0624,False
0.4428125023841858,MINUS,MT,50155,91,60.9571,2.5023,0.0257,0.0537,False
0.4428125023841858,MINUS,MT,13249,0,15.0921,2.1723,0.0258,0.0467,False
0.4428125023841858,MINUS,MT,13251,0,15.0504,2.2228,0.0258,0.0477,True
0.4428125023841858,MINUS,MT,13387,0,15.0504,2.196,0.0258,0.0472,True
0.4428125023841858,MINUS,MT,51284,0,15.3343,2.1867,0.0258,0.047,True
0.4428125023841858,MINUS,MT,13385,0,15.0921,2.2121,0.0258,0.0475,False
0.4428125023841858,MINUS,MT,49602,119,74.8791,2.7501,0.0258,0.0591,True
0.4428125023841858,MINUS,MT,49564,119,74.8791,2.6268,0.0258,0.0566,True
0.4428125023841858,MINUS,MT,49583,119,74.8791,2.7146,0.0259,0.0585,True
0.4428125023841858,MINUS,MT,49362,23,26.6176,2.7054,0.0259,0.0583,True
0.4428125023841858,MINUS,MT,49583,119,74.8791,2.7146,0.0259,0.0586,True
0.4428125023841858,MINUS,MT,49584,133,81.9979,2.5888,0.0259,0.0559,True
0.4428125023841858,MINUS,MT,49584,133,81.9979,2.5888,0.0259,0.056,True
0.4428125023841858,MINUS,MT,51352,0,15.3343,2.3903,0.026,0.0517,True
0.4428125023841858,MINUS,MT,51216,0,15.3343,2.7909,0.026,0.0604,True
0.4428125023841858,MINUS,MT,13319,0,15.0504,2.3056,0.026,0.0499,True
0.4428125023841858,MINUS,MT,49603,133,81.9979,2.6308,0.026,0.057,True
0.4428125023841858,MINUS,MT,49565,133,81.9979,2.0635,0.0261,0.0448,True
0.4428125023841858,MINUS,MT,51533,120,75.246,2.7032,0.0261,0.0587,True
0.4428125023841858,MINUS,MT,51533,120,75.246,2.7032,0.0261,0.0588,True
0.4428125023841858,MINUS,MT,51514,120,75.246,2.7737,0.0261,0.0604,True
0.4428125023841858,MINUS,MT,51552,120,75.246,2.2353,0.0262,0.0487,True
0.4428125023841858,MINUS,MT,50155,91,60.9571,2.5023,0.0262,0.0546,False
0.4428125023841858,MINUS,MT,50193,91,60.9571,2.9123,0.0262,0.0636,False
0.4428125023841858,MINUS,MT,51552,120,75.246,2.2353,0.0263,0.0489,True
0.4428125023841858,MINUS,MT,49430,23,26.6176,2.7396,0.0263,0.06,True
0.4428125023841858,MINUS,MT,51514,120,75.246,2.7737,0.0263,0.0608,True
0.4428125023841858,MINUS,MT,49294,23,26.6176,2.2216,0.0263,0.0487,True
0.4428125023841858,MINUS,MT,49564,119,74.8791,2.6268,0.0264,0.0577,True
0.4428125023841858,MINUS,MT,13438,150,90.0,2.4354,0.0264,0.0535,False
0.4428125023841858,MINUS,MT,13584,150,90.0,1.9881,0.0264,0.0437,False
0.4428125023841858,MINUS,MT,4473,67,48.9538,2.7016,0.0264,0.0594,False
0.4428125023841858,MINUS,MT,4621,67,48.9538,2.7016,0.0264,0.0594,False
0.4428125023841858,MINUS,MT,49602,119,74.8791,2.7501,0.0264,0.0605,True
0.4428125023841858,MINUS,MT,36845,11,20.9751,2.7211,0.0264,0.0599,True
0.4428125023841858,MINUS,MT,36981,11,20.9751,2.7211,0.0264,0.0599,True
0.4428125023841858,MINUS,MT,13511,150,90.0,2.4302,0.0264,0.0536,False
0.4428125023841858,MINUS,MT,49603,133,81.9979,2.6308,0.0265,0.0581,True
0.4428125023841858,MINUS,MT,49565,133,81.9979,2.0635,0.0265,0.0456,True
0.4428125023841858,MINUS,MT,4547,67,48.9538,2.7016,0.0269,0.0605,False
0.4428125023841858,MINUS,MT,51436,129,79.8999,2.5333,0.0269,0.0568,False
0.4428125023841858,MINUS,MT,49583,119,74.8791,2.7146,0.027,0.061,True
0.4428125023841858,MINUS,MT,49583,119,74.8791,2.7146,0.027,0.061,True
0.4428125023841858,MINUS,MT,51398,129,79.8999,2.5046,0.027,0.0563,False
0.4428125023841858,MINUS,MT,49602,119,74.8791,2.7501,0.027,0.0619,True
0.4428125023841858,MINUS,MT,49564,119,74.8791,2.6268,0.0271,0.0593,True
0.4428125023841858,MINUS,MT,51552,120,75.246,2.2353,0.0271,0.0505,True
0.4428125023841858,MINUS,MT,51514,120,75.246,2.7737,0.0272,0.0628,True
0.4428125023841858,MINUS,MT,49564,119,74.8791,2.6268,0.0272,0.0596,True
0.4428125023841858,MINUS,MT,51115,95,62.6028,2.3835,0.0272,0.0541,False
0.4428125023841858,MINUS,MT,50969,95,62.6028,2.3328,0.0272,0.0529,False
0.4428125023841858,MINUS,MT,49602,119,74.8791,2.7501,0.0272,0.0624,True
0.4428125023841858,MINUS,MT,51514,120,75.246,2.7737,0.0273,0.063,True
0.4428125023841858,MINUS,MT,51413,91,60.9458,2.6339,0.0273,0.0599,False
0.4428125023841858,MINUS,MT,51552,120,75.246,2.2353,0.0273,0.0509,True
0.4428125023841858,MINUS,MT,51413,91,60.9458,2.6339,0.0273,0.0599,False
0.4428125023841858,MINUS,MT,51533,120,75.246,2.7032,0.0273,0.0615,True
0.4428125023841858,MINUS,MT,51533,120,75.246,2.7032,0.0273,0.0616,True
0.4428125023841858,MINUS,MT,51394,91,60.9458,2.8479,0.0274,0.065,False
0.4428125023841858,MINUS,MT,51432,91,60.9458,2.6371,0.0274,0.0603,False
0.4428125023841858,MINUS,MT,50159,130,80.4694,2.4011,0.0276,0.0552,False
0.4428125023841858,MINUS,MT,50197,130,80.4694,2.497,0.0276,0.0574,False
0.4428125023841858,MINUS,MT,51432,91,60.9458,2.6371,0.0277,0.0609,False
0.4428125023841858,MINUS,MT,51394,91,60.9458,2.8479,0.0277,0.0658,False
0.4428125023841858,MINUS,MT,4862,61,45.9681,2.7016,0.0279,0.0629,False
0.4428125023841858,MINUS,MT,13597,67,48.8093,2.4171,0.028,0.0565,False
0.4428125023841858,MINUS,MT,13451,67,48.8093,2.4171,0.028,0.0565,False
0.4428125023841858,MINUS,MT,50159,130,80.4694,2.4011,0.0281,0.0562,False
0.4428125023841858,MINUS,MT,50197,130,80.4694,2.497,0.0281,0.0585,False
0.4428125023841858,MINUS,MT,51533,120,75.246,2.7032,0.0281,0.0634,True
0.4428125023841858,MINUS,MT,4788,61,45.9681,2.1542,0.0282,0.0505,False
0.4428125023841858,MINUS,MT,4936,61,45.9681,2.7016,0.0282,0.0634,False
0.4428125023841858,MINUS,MT,51533,120,75.246,2.7032,0.0282,0.0634,True
0.4428125023841858,MINUS,MT,51514,120,75.246,2.7737,0.0282,0.0652,True
0.4428125023841858,MINUS,MT,51552,120,75.246,2.2353,0.0282,0.0526,True
0.4428125023841858,MINUS,MT,13524,67,48.8093,2.1338,0.0283,0.0503,False
0.4428125023841858,MINUS,MT,51553,135,82.7762,2.7975,0.0283,0.066,True
0.4428125023841858,MINUS,MT,51552,120,75.246,2.2353,0.0284,0.0528,True
0.4428125023841858,MINUS,MT,51515,135,82.7762,2.4844,0.0284,0.0587,True
0.4428125023841858,MINUS,MT,51514,120,75.246,2.7737,0.0284,0.0656,True
0.4428125023841858,MINUS,MT,4958,150,90.0,2.7016,0.0285,0.0642,True
0.4428125023841858,MINUS,MT,4810,150,90.0,2.7016,0.0285,0.0642,True
0.4428125023841858,MINUS,MT,51515,135,82.7762,2.4844,0.0285,0.0591,True
0.4428125023841858,MINUS,MT,3812,44,37.0466,2.2506,0.0286,0.0535,True
0.4428125023841858,MINUS,MT,3676,44,37.0466,2.7235,0.0286,0.0648,True
0.4428125023841858,MINUS,MT,51553,135,82.7762,2.7975,0.0286,0.0666,True
0.4428125023841858,MINUS,MT,51534,135,82.7762,2.5686,0.0286,0.0613,True
0.4428125023841858,MINUS,MT,51534,135,82.7762,2.5686,0.0286,0.0613,True
0.4428125023841858,MINUS,MT,4884,150,90.0,2.7016,0.0287,0.0647,True
0.4428125023841858,MINUS,MT,51055,88,59.0992,2.9041,0.029,0.0701,False
0.4428125023841858,MINUS,MT,50174,91,60.9571,2.4958,0.0294,0.0612,False
0.4428125023841858,MINUS,MT,50174,91,60.9571,2.4958,0.0294,0.0612,False
0.4428125023841858,MINUS,MT,51128,88,59.0992,2.4102,0.0294,0.0591,False
0.4428125023841858,MINUS,MT,50982,88,59.0992,2.7289,0.0294,0.0669,False
0.4428125023841858,MINUS,MT,50193,91,60.9571,2.9123,0.0296,0.0718,False
0.4428125023841858,MINUS,MT,50155,91,60.9571,2.5023,0.0296,0.0617,False
0.4428125023841858,MINUS,MT,50178,130,80.4694,2.493,0.0297,0.0617,False
0.4428125023841858,MINUS,MT,50178,130,80.4694,2.493,0.0297,0.0617,False
0.4428125023841858,MINUS,MT,13453,63,46.8335,2.2281,0.0298,0.0553,False
0.4428125023841858,MINUS,MT,13599,63,46.8335,2.4354,0.0298,0.0604,False
0.4428125023841858,MINUS,MT,13526,63,46.8335,2.4697,0.0299,0.0616,False
0.4428125023841858,MINUS,MT,50155,91,60.9571,2.5023,0.0301,0.0629,False
0.4428125023841858,MINUS,MT,50193,91,60.9571,2.9123,0.0302,0.0732,False
0.4428125023841858,MINUS,MT,12748,0,15.0644,2.2217,0.0304,0.0563,False
0.4428125023841858,MINUS,MT,12816,0,15.0644,1.8306,0.0305,0.0465,False
0.4428125023841858,MINUS,MT,12680,0,15.0644,2.419,0.0305,0.0615,False
0.4428125023841858,MINUS,MT,51436,129,79.8999,2.5333,0.0305,0.0644,False
0.4428125023841858,MINUS,MT,51398,129,79.8999,2.5046,0.0305,0.0637,False
0.4428125023841858,MINUS,MT,50197,130,80.4694,2.497,0.0307,0.0639,False
0.4428125023841858,MINUS,MT,50159,130,80.4694,2.4011,0.0307,0.0615,False
0.4428125023841858,MINUS,MT,50989,67,48.8093,2.2188,0.0309,0.0572,False
0.4428125023841858,MINUS,MT,51135,67,48.8093,2.4509,0.0309,0.0632,False
0.4428125023841858,MINUS,MT,3744,44,37.0466,2.7016,0.031,0.0699,True
0.4428125023841858,MINUS,MT,51062,67,48.8093,2.417,0.0311,0.0627,False
0.4428125023841858,MINUS,MT,4228,46,38.4259,2.2071,0.0312,0.0574,True
0.4428125023841858,MINUS,MT,49356,21,25.9135,2.2377,0.0314,0.0586,True
0.4428125023841858,MINUS,MT,4932,54,42.4732,2.2099,0.0315,0.058,False
0.4428125023841858,MINUS,MT,4784,54,42.4732,2.207,0.0315,0.0579,False
0.4428125023841858,MINUS,MT,36906,11,20.7883,2.405,0.0315,0.0632,True
0.4428125023841858,MINUS,MT,50178,130,80.4694,2.493,0.0319,0.0662,False
0.4428125023841858,MINUS,MT,50178,130,80.4694,2.493,0.0319,0.0662,False
0.4428125023841858,MINUS,MT,51417,129,79.8999,2.5303,0.0319,0.0673,False
0.4428125023841858,MINUS,MT,51417,129,79.8999,2.5303,0.032,0.0674,False
0.4428125023841858,MINUS,MT,36974,11,20.7883,2.4556,0.032,0.0655,True
0.4428125023841858,MINUS,MT,36838,11,20.7883,2.3626,0.032,0.063,True
0.4428125023841858,MINUS,MT,48882,22,26.1016,2.5196,0.032,0.0673,True
0.4428125023841858,MINUS,MT,4224,46,38.2071,2.7016,0.0321,0.0724,True
0.4428125023841858,MINUS,MT,4858,54,42.4732,2.207,0.0322,0.0592,False
0.4428125023841858,MINUS,MT,4292,46,38.2071,2.7016,0.0323,0.0727,True
0.4428125023841858,MINUS,MT,4156,46,38.2071,2.7016,0.0323,0.0727,True
0.4428125023841858,MINUS,MT,4809,150,90.0,2.7016,0.0324,0.0728,True
0.4428125023841858,MINUS,MT,4957,150,90.0,2.0646,0.0324,0.0557,True
0.4428125023841858,MINUS,MT,50991,63,46.8332,2.8121,0.0324,0.0759,False
0.4428125023841858,MINUS,MT,51137,63,46.8332,2.4455,0.0324,0.066,False
0.4428125023841858,MINUS,MT,4883,150,90.0,2.08,0.0324,0.0562,True
0.4428125023841858,MINUS,MT,49429,23,26.6056,2.5333,0.0325,0.0686,True
0.4428125023841858,MINUS,MT,49293,23,26.6056,2.2188,0.0325,0.0601,True
0.4428125023841858,MINUS,MT,51064,63,46.8332,2.4205,0.0326,0.0657,False
0.4428125023841858,MINUS,MT,51413,91,60.9458,2.6339,0.0327,0.0718,False
0.4428125023841858,MINUS,MT,51413,91,60.9458,2.6339,0.0327,0.0719,False
0.4428125023841858,MINUS,MT,51394,91,60.9458,2.8479,0.0328,0.0777,False
0.4428125023841858,MINUS,MT,51432,91,60.9458,2.6371,0.0328,0.072,False
0.4428125023841858,MINUS,MT,51432,91,60.9458,2.6371,0.0329,0.0723,False
0.4428125023841858,MINUS,MT,51394,91,60.9458,2.8479,0.0329,0.0782,False
0.4428125023841858,MINUS,MT,4296,46,38.4259,2.7016,0.0333,0.075,True
0.4428125023841858,MINUS,MT,4160,46,38.4259,2.207,0.0333,0.0613,True
0.4428125023841858,MINUS,MT,49361,23,26.6056,2.5047,0.0333,0.0695,True
0.4428125023841858,MINUS,MT,51436,129,79.8999,2.5333,0.0335,0.0707,False
0.4428125023841858,MINUS,MT,51398,129,79.8999,2.5046,0.0335,0.07,False
0.4428125023841858,MINUS,MT,48814,22,26.1016,2.7176,0.0336,0.0761,True
0.4428125023841858,MINUS,MT,48950,22,26.1016,2.7436,0.0336,0.0769,True
0.4428125023841858,MINUS,MT,49424,21,25.9135,2.5337,0.0339,0.0716,True
0.4428125023841858,MINUS,MT,49288,21,25.9135,2.9619,0.0339,0.0837,True
0.4428125023841858,MINUS,MT,48893,23,26.8429,2.8919,0.034,0.0819,False
0.4428125023841858,MINUS,MT,51418,150,90.0,2.359,0.034,0.0668,True
0.4428125023841858,MINUS,MT,51418,150,90.0,2.359,0.034,0.0668,True
0.4428125023841858,MINUS,MT,4794,75,52.6595,2.7016,0.034,0.0766,False
0.4428125023841858,MINUS,MT,4942,75,52.6595,2.7016,0.034,0.0766,False
0.4428125023841858,MINUS,MT,4465,53,41.5628,2.2073,0.034,0.0626,False
0.4428125023841858,MINUS,MT,4613,53,41.5628,2.2101,0.034,0.0627,False
0.4428125023841858,MINUS,MT,4561,121,75.5918,2.7016,0.0341,0.0768,True
0.4428125023841858,MINUS,MT,4635,121,75.5918,2.1629,0.0344,0.062,True
0.4428125023841858,MINUS,MT,4487,121,75.5918,2.1629,0.0344,0.062,True
0.4428125023841858,MINUS,MT,51413,91,60.9458,2.6339,0.0344,0.0755,False
0.4428125023841858,MINUS,MT,51413,91,60.9458,2.6339,0.0345,0.0756,False
0.4428125023841858,MINUS,MT,4779,50,40.0428,2.7016,0.0346,0.0779,False
0.4428125023841858,MINUS,MT,4927,50,40.0428,2.2103,0.0346,0.0637,False
0.4428125023841858,MINUS,MT,51394,91,60.9458,2.8479,0.0347,0.0822,False
0.4428125023841858,MINUS,MT,51432,91,60.9458,2.6371,0.0347,0.0763,False
0.4428125023841858,MINUS,MT,4539,53,41.5628,2.2112,0.0348,0.064,False
0.4428125023841858,MINUS,MT,48961,23,26.8429,2.7197,0.0348,0.0788,False
0.4428125023841858,MINUS,MT,48825,23,26.8429,2.2188,0.0348,0.0643,False
0.4428125023841858,MINUS,MT,51049,150,90.0,1.9814,0.0348,0.0575,False
0.4428125023841858,MINUS,MT,50976,150,90.0,2.065,0.0348,0.0599,False
0.4428125023841858,MINUS,MT,51122,150,90.0,2.065,0.0348,0.06,False
0.4428125023841858,MINUS,MT,48881,21,25.9088,2.648,0.0349,0.0769,True
0.4428125023841858,MINUS,MT,4853,50,40.0428,2.2099,0.0353,0.065,False
0.4428125023841858,MINUS,MT,4868,75,52.6595,2.7016,0.0354,0.0796,False
0.4428125023841858,MINUS,MT,51432,91,60.9458,2.6371,0.0354,0.0778,False
0.4428125023841858,MINUS,MT,51394,91,60.9458,2.8479,0.0354,0.0841,False
0.4428125023841858,MINUS,MT,49906,58,44.416,2.3328,0.0359,0.0698,True
0.4428125023841858,MINUS,MT,49770,58,44.416,2.5444,0.0359,0.0761,True
0.4428125023841858,MINUS,MT,51399,150,90.0,2.4381,0.0364,0.0739,True
0.4428125023841858,MINUS,MT,51437,150,90.0,2.3733,0.0364,0.0719,True
0.4428125023841858,MINUS,MT,49838,58,44.416,2.601,0.0366,0.0793,True
0.4428125023841858,MINUS,MT,4610,48,39.2205,2.7016,0.0368,0.0828,False
0.4428125023841858,MINUS,MT,4462,48,39.2205,2.2103,0.0368,0.0678,False
0.4428125023841858,MINUS,MT,4536,48,39.2205,2.7016,0.0375,0.0845,False
0.4428125023841858,MINUS,MT,50159,130,80.4694,2.4011,0.0376,0.0752,False
0.4428125023841858,MINUS,MT,50197,130,80.4694,2.497,0.0376,0.0782,False
0.4428125023841858,MINUS,MT,5159,0,15.3323,2.7126,0.0377,0.0853,True
0.4428125023841858,MINUS,MT,51436,129,79.8999,2.5333,0.0378,0.0798,False
0.4428125023841858,MINUS,MT,51398,129,79.8999,2.5046,0.0378,0.0789,False
0.4428125023841858,MINUS,MT,49834,56,43.4494,2.2114,0.0379,0.0698,True
0.4428125023841858,MINUS,MT,5091,0,15.3323,2.21,0.0381,0.0701,True
0.4428125023841858,MINUS,MT,5227,0,15.3323,2.7126,0.0381,0.0861,True
0.4428125023841858,MINUS,MT,49355,22,26.1,2.5433,0.0382,0.0811,True
0.4428125023841858,MINUS,MT,4933,58,44.4751,2.7016,0.0383,0.0862,False
0.4428125023841858,MINUS,MT,4785,58,44.4751,2.2099,0.0383,0.0705,False
0.4428125023841858,MINUS,MT,4859,58,44.4751,2.2099,0.0385,0.0709,False
0.4428125023841858,MINUS,MT,48949,21,25.9088,2.6144,0.0386,0.0842,True
0.4428125023841858,MINUS,MT,48813,21,25.9088,2.7471,0.0386,0.0885,True
0.4428125023841858,MINUS,MT,51399,150,90.0,2.4381,0.0391,0.0795,True
0.4428125023841858,MINUS,MT,51437,150,90.0,2.3733,0.0391,0.0774,True
0.4428125023841858,MINUS,MT,4471,63,46.8584,2.1542,0.0395,0.0708,False
0.4428125023841858,MINUS,MT,4619,63,46.8584,2.7016,0.0395,0.0888,False
0.4428125023841858,MINUS,MT,51417,129,79.8999,2.5303,0.0395,0.0833,False
0.4428125023841858,MINUS,MT,51417,129,79.8999,2.5303,0.0395,0.0833,False
0.4428125023841858,MINUS,MT,4545,63,46.8584,2.7016,0.0395,0.089,False
0.4428125023841858,MINUS,MT,49910,59,44.6912,2.3327,0.0396,0.0769,True
0.4428125023841858,MINUS,MT,49774,59,44.6912,2.2732,0.0396,0.0749,True
0.4428125023841858,MINUS,MT,51436,129,79.8999,2.5333,0.0397,0.0837,False
0.4428125023841858,MINUS,MT,4543,59,44.9094,2.7016,0.0397,0.0894,False
0.4428125023841858,MINUS,MT,51398,129,79.8999,2.5046,0.0397,0.0829,False
0.4428125023841858,MINUS,MT,4617,59,44.9094,2.7016,0.04,0.0901,False
0.4428125023841858,MINUS,MT,4469,59,44.9094,2.1542,0.04,0.0718,False
0.4428125023841858,MINUS,MT,49423,22,26.1,2.8113,0.0401,0.0938,True
0.4428125023841858,MINUS,MT,49287,22,26.1,2.9473,0.0401,0.0984,True
0.4428125023841858,MINUS,MT,13502,95,62.6101,2.2893,0.0403,0.0768,False
0.4428125023841858,MINUS,MT,12750,0,15.0278,2.0761,0.0411,0.071,False
0.4428125023841858,MINUS,MT,51413,91,60.9458,2.6339,0.0411,0.0903,False
0.4428125023841858,MINUS,MT,51413,91,60.9458,2.6339,0.0412,0.0904,False
0.4428125023841858,MINUS,MT,50159,130,80.4694,2.4011,0.0413,0.0826,False
0.4428125023841858,MINUS,MT,50197,130,80.4694,2.497,0.0413,0.0859,False
0.4428125023841858,MINUS,MT,12818,0,15.0278,2.3214,0.0414,0.0801,False
0.4428125023841858,MINUS,MT,12682,0,15.0278,2.2243,0.0414,0.0767,False
0.4428125023841858,MINUS,MT,49842,59,44.6912,2.3326,0.0414,0.0805,True
0.4428125023841858,MINUS,MT,51394,91,60.9458,2.8479,0.0414,0.0983,False
0.4428125023841858,MINUS,MT,51432,91,60.9458,2.6371,0.0415,0.0912,False
0.4428125023841858,MINUS,MT,36975,11,20.7891,2.4014,0.0416,0.0832,True
0.4428125023841858,MINUS,MT,36839,11,20.7891,2.4263,0.0416,0.0841,True
0.4428125023841858,MINUS,MT,13429,95,62.6101,2.2893,0.0417,0.0795,False
0.4428125023841858,MINUS,MT,13575,95,62.6101,1.9577,0.0417,0.068,False
0.4428125023841858,MINUS,MT,49902,56,43.4494,2.8054,0.0417,0.0976,True
0.4428125023841858,MINUS,MT,49766,56,43.4494,2.7289,0.0418,0.095,True
0.4428125023841858,MINUS,MT,51398,129,79.8999,2.5046,0.0422,0.0881,False
0.4428125023841858,MINUS,MT,51436,129,79.8999,2.5333,0.0422,0.0891,False
0.4428125023841858,MINUS,MT,51418,150,90.0,2.359,0.0423,0.0832,True
0.4428125023841858,MINUS,MT,51418,150,90.0,2.359,0.0423,0.0832,True
0.4428125023841858,MINUS,MT,51432,91,60.9458,2.6371,0.0424,0.0931,False
0.4428125023841858,MINUS,MT,36907,11,20.7891,2.4233,0.0424,0.0856,True
0.4428125023841858,MINUS,MT,51394,91,60.9458,2.8479,0.0424,0.1007,False
0.4428125023841858,MINUS,MT,50178,130,80.4694,2.493,0.0425,0.0884,False
0.4428125023841858,MINUS,MT,50178,130,80.4694,2.493,0.0425,0.0884,False
0.4428125023841858,MINUS,MT,51417,129,79.8999,2.5303,0.0429,0.0904,False
0.4428125023841858,MINUS,MT,51417,129,79.8999,2.5303,0.0429,0.0904,False
0.4428125023841858,MINUS,MT,13321,0,15.0194,2.2154,0.0434,0.0801,True
0.4428125023841858,MINUS,MT,13253,0,15.0194,1.9115,0.0437,0.0696,True
0.4428125023841858,MINUS,MT,13389,0,15.0194,1.9093,0.0437,0.0696,True
0.4428125023841858,MINUS,MT,50292,73,51.8732,2.522,0.0438,0.0921,False
0.4428125023841858,MINUS,MT,49422,21,25.6603,2.6099,0.044,0.0957,True
0.4428125023841858,MINUS,MT,49286,21,25.6603,2.9902,0.044,0.1097,True
0.4428125023841858,MINUS,MT,49354,21,25.6603,2.6467,0.0442,0.0975,True
0.4428125023841858,MINUS,MT,4468,56,43.4579,2.2102,0.0446,0.0821,False
0.4428125023841858,MINUS,MT,4616,56,43.4579,2.2072,0.0446,0.0819,False
0.4428125023841858,MINUS,MT,51356,0,15.4232,2.4177,0.0446,0.0898,False
0.4428125023841858,MINUS,MT,51220,0,15.4232,2.2188,0.0446,0.0825,False
0.4428125023841858,MINUS,MT,4542,56,43.4579,2.7016,0.0448,0.101,False
0.4428125023841858,MINUS,MT,51288,0,15.4232,2.3881,0.0449,0.0893,False
0.4428125023841858,MINUS,MT,51437,150,90.0,2.3733,0.0452,0.0894,True
0.4428125023841858,MINUS,MT,51399,150,90.0,2.4381,0.0452,0.0919,True
0.4428125023841858,MINUS,MT,51532,111,70.6073,2.8016,0.046,0.1074,True
0.4428125023841858,MINUS,MT,51532,111,70.6073,2.8016,0.0461,0.1077,True
0.4428125023841858,MINUS,MT,51437,150,90.0,2.3733,0.0462,0.0914,True
0.4428125023841858,MINUS,MT,51399,150,90.0,2.4381,0.0462,0.0939,True
0.4428125023841858,MINUS,MT,51513,111,70.6073,2.8603,0.0465,0.1108,True
0.4428125023841858,MINUS,MT,51551,111,70.6073,2.8683,0.0465,0.1112,True
0.4428125023841858,MINUS,MT,49563,110,70.3717,2.6535,0.047,0.1038,True
0.4428125023841858,MINUS,MT,49601,110,70.3717,2.8248,0.0471,0.1109,True
0.4428125023841858,MINUS,MT,32707,73,51.8417,2.8515,0.0472,0.1123,False
0.4428125023841858,MINUS,MT,50248,73,51.8732,2.2216,0.0473,0.0875,False
0.4428125023841858,MINUS,MT,50336,73,51.8732,2.7289,0.0473,0.1076,False
0.4428125023841858,MINUS,MT,5097,0,15.4619,2.2099,0.0474,0.0873,False
0.4428125023841858,MINUS,MT,5233,0,15.4619,2.7126,0.0474,0.1073,False
0.4428125023841858,MINUS,MT,51551,111,70.6073,2.8683,0.0476,0.1139,True
0.4428125023841858,MINUS,MT,51513,111,70.6073,2.8603,0.0477,0.1137,True
0.4428125023841858,MINUS,MT,5165,0,15.4619,2.2099,0.0477,0.0879,False
0.4428125023841858,MINUS,MT,48896,23,26.9591,2.2216,0.0478,0.0885,True
0.4428125023841858,MINUS,MT,48964,23,26.9591,2.7552,0.0488,0.112,True
0.4428125023841858,MINUS,MT,48828,23,26.9591,2.2188,0.0488,0.0903,True
0.4428125023841858,MINUS,MT,4488,122,76.1892,2.7016,0.0496,0.1116,True
0.4428125023841858,MINUS,MT,4636,122,76.1892,2.7016,0.0496,0.1116,True
0.4428125023841858,MINUS,MT,4229,47,38.5692,2.21,0.0505,0.0931,True
0.4428125023841858,MINUS,MT,32751,73,51.8417,2.8508,0.0511,0.1213,False
0.4428125023841858,MINUS,MT,32663,73,51.8417,2.8508,0.0511,0.1214,False
0.4428125023841858,MINUS,MT,50169,150,90.0,17.6328,0.0512,0.7523,True
0.4428125023841858,MINUS,MT,50207,150,90.0,16.8296,0.0512,0.7181,True
0.4428125023841858,MINUS,MT,4297,47,38.5692,2.2072,0.0515,0.0948,True
0.4428125023841858,MINUS,MT,4161,47,38.5692,2.2102,0.0516,0.095,True
0.4428125023841858,MINUS,MT,50169,150,90.0,17.6328,0.0518,0.7618,True
0.4428125023841858,MINUS,MT,50207,150,90.0,16.8296,0.0518,0.7271,True
0.4428125023841858,MINUS,MT,50188,150,90.0,2.3905,0.0519,0.1035,True
0.4428125023841858,MINUS,MT,50188,150,90.0,2.3905,0.0519,0.1035,True
0.4428125023841858,MINUS,MT,4562,122,76.1892,2.7016,0.0524,0.118,True
0.4428125023841858,MINUS,MT,50169,150,90.0,17.6328,0.0525,0.7708,True
0.4428125023841858,MINUS,MT,50207,150,90.0,16.8296,0.0525,0.7357,True
0.4428125023841858,MINUS,MT,50169,150,90.0,17.6328,0.0526,0.7735,True
0.4428125023841858,MINUS,MT,50207,150,90.0,16.8296,0.0526,0.7383,True
0.4428125023841858,MINUS,MT,4856,52,41.1466,2.2099,0.0527,0.097,False
0.4428125023841858,MINUS,MT,49563,110,70.3717,2.6535,0.0527,0.1165,True
0.4428125023841858,MINUS,MT,49601,110,70.3717,2.8248,0.0527,0.124,True
0.4428125023841858,MINUS,MT,50188,150,90.0,2.3905,0.0527,0.105,True
0.4428125023841858,MINUS,MT,50188,150,90.0,2.3905,0.0527,0.105,True
0.4428125023841858,MINUS,MT,50169,150,90.0,17.6328,0.0529,0.7769,True
0.4428125023841858,MINUS,MT,50207,150,90.0,16.8296,0.0529,0.7416,True
0.4428125023841858,MINUS,MT,49603,133,81.9979,2.6308,0.0531,0.1164,True
0.4428125023841858,MINUS,MT,4930,52,41.1466,2.2099,0.0532,0.0979,False
0.4428125023841858,MINUS,MT,4782,52,41.1466,2.219,0.0532,0.0983,False
0.4428125023841858,MINUS,MT,3746,45,37.5004,2.7016,0.0532,0.1198,True
0.4428125023841858,MINUS,MT,49565,133,81.9979,2.0635,0.0532,0.0916,True
0.4428125023841858,MINUS,MT,50295,76,53.2846,2.8524,0.0533,0.1267,False
0.4428125023841858,MINUS,MT,49603,133,81.9979,2.6308,0.0533,0.1169,True
0.4428125023841858,MINUS,MT,49565,133,81.9979,2.0635,0.0534,0.0918,True
0.4428125023841858,MINUS,MT,4814,150,90.0,2.7016,0.0534,0.1202,True
0.4428125023841858,MINUS,MT,4962,150,90.0,2.1543,0.0534,0.0959,True
0.4428125023841858,MINUS,MT,49584,133,81.9979,2.5888,0.0535,0.1153,True
0.4428125023841858,MINUS,MT,3674,43,36.5752,2.2099,0.0535,0.0985,True
0.4428125023841858,MINUS,MT,12678,0,15.1227,2.4354,0.0535,0.1086,False
0.4428125023841858,MINUS,MT,13525,62,46.4859,2.1787,0.0535,0.0971,False
0.4428125023841858,MINUS,MT,12814,0,15.1227,2.2985,0.0535,0.1025,False
0.4428125023841858,MINUS,MT,3810,43,36.5752,2.7016,0.0535,0.1205,True
0.4428125023841858,MINUS,MT,49584,133,81.9979,2.5888,0.0536,0.1155,True
0.4428125023841858,MINUS,MT,51436,129,79.8999,2.5333,0.0536,0.1132,False
0.4428125023841858,MINUS,MT,51398,129,79.8999,2.5046,0.0536,0.112,False
0.4428125023841858,MINUS,MT,4888,150,90.0,2.1543,0.0536,0.0963,True
0.4428125023841858,MINUS,MT,13452,62,46.4859,1.8936,0.0539,0.0851,False
0.4428125023841858,MINUS,MT,13598,62,46.4859,2.4202,0.0539,0.1088,False
0.4428125023841858,MINUS,MT,3742,43,36.5752,2.207,0.0541,0.0995,True
0.4428125023841858,MINUS,MT,50169,150,90.0,17.6328,0.0541,0.7953,True
0.4428125023841858,MINUS,MT,50207,150,90.0,16.8296,0.0541,0.7591,True
0.4428125023841858,MINUS,MT,12746,0,15.1227,2.3004,0.0543,0.104,False
0.4428125023841858,MINUS,MT,13315,0,15.1523,2.2409,0.0544,0.1016,False
0.4428125023841858,MINUS,MT,50169,150,90.0,17.6328,0.0544,0.7997,True
0.4428125023841858,MINUS,MT,50207,150,90.0,16.8296,0.0544,0.7634,True
0.4428125023841858,MINUS,MT,50339,76,53.2846,2.4889,0.0546,0.1133,False
0.4428125023841858,MINUS,MT,50251,76,53.2846,2.61,0.0546,0.1188,False
0.4428125023841858,MINUS,MT,49436,23,26.8743,2.708,0.0548,0.1236,True
0.4428125023841858,MINUS,MT,50188,150,90.0,2.3905,0.0548,0.1091,True
0.4428125023841858,MINUS,MT,50188,150,90.0,2.3905,0.0548,0.1091,True
0.4428125023841858,MINUS,MT,49300,23,26.8743,2.2188,0.0548,0.1014,True
0.4428125023841858,MINUS,MT,49582,110,70.3717,2.8031,0.055,0.1284,True
0.4428125023841858,MINUS,MT,49582,110,70.3717,2.8031,0.0551,0.1286,True
0.4428125023841858,MINUS,MT,4275,43,36.9709,2.7016,0.0551,0.1241,True
0.4428125023841858,MINUS,MT,4139,43,36.9709,2.7016,0.0551,0.1241,True
0.4428125023841858,MINUS,MT,50169,150,90.0,17.6328,0.0552,0.8112,True
0.4428125023841858,MINUS,MT,50207,150,90.0,16.8296,0.0552,0.7743,True
0.4428125023841858,MINUS,MT,49368,23,26.8743,2.2216,0.0553,0.1024,True
0.4428125023841858,MINUS,MT,49592,120,75.1989,2.7576,0.0553,0.1271,True
0.4428125023841858,MINUS,MT,44765,59,44.6398,2.2347,0.0554,0.1032,False
0.4428125023841858,MINUS,MT,44629,59,44.6398,2.2188,0.0554,0.1024,False
0.4428125023841858,MINUS,MT,49592,120,75.1989,2.7576,0.0554,0.1274,True
0.4428125023841858,MINUS,MT,13247,0,15.1523,2.2167,0.0555,0.1025,False
0.4428125023841858,MINUS,MT,51398,129,79.8999,2.5046,0.0555,0.1158,False
0.4428125023841858,MINUS,MT,51436,129,79.8999,2.5333,0.0555,0.1172,False
0.4428125023841858,MINUS,MT,13383,0,15.1523,2.435,0.0555,0.1127,False
0.4428125023841858,MINUS,MT,51417,129,79.8999,2.5303,0.0556,0.1173,False
0.4428125023841858,MINUS,MT,51417,129,79.8999,2.5303,0.0556,0.1173,False
0.4428125023841858,MINUS,MT,50188,150,90.0,2.3905,0.0557,0.1109,True
0.4428125023841858,MINUS,MT,50188,150,90.0,2.3905,0.0557,0.1109,True
0.4428125023841858,MINUS,MT,13433,150,90.0,2.4302,0.0558,0.1131,False
0.4428125023841858,MINUS,MT,13579,150,90.0,2.4354,0.0558,0.1133,False
0.4428125023841858,MINUS,MT,49611,120,75.1989,2.7248,0.0562,0.1277,True
0.4428125023841858,MINUS,MT,49573,120,75.1989,2.9001,0.0563,0.136,True
0.4428125023841858,MINUS,MT,4278,43,36.6049,2.7016,0.0563,0.1268,True
0.4428125023841858,MINUS,MT,4142,43,36.6049,2.2073,0.0564,0.1037,True
0.4428125023841858,MINUS,MT,3814,45,37.5004,2.7016,0.0565,0.1272,True
0.4428125023841858,MINUS,MT,3678,45,37.5004,2.7235,0.0565,0.1283,True
0.4428125023841858,MINUS,MT,51065,62,46.4748,2.4227,0.0569,0.1148,False
0.4428125023841858,MINUS,MT,32708,76,53.3324,2.85,0.0569,0.1351,False
0.4428125023841858,MINUS,MT,4276,44,37.0926,2.7016,0.0569,0.1282,True
0.4428125023841858,MINUS,MT,4140,44,37.0926,2.2014,0.057,0.1045,True
0.4428125023841858,MINUS,MT,51534,135,82.7762,2.5686,0.0571,0.1222,True
0.4428125023841858,MINUS,MT,51534,135,82.7762,2.5686,0.0571,0.1222,True
0.4428125023841858,MINUS,MT,51553,135,82.7762,2.7975,0.0572,0.1334,True
0.4428125023841858,MINUS,MT,51553,135,82.7762,2.7975,0.0573,0.1335,True
0.4428125023841858,MINUS,MT,51515,135,82.7762,2.4844,0.0573,0.1186,True
0.4428125023841858,MINUS,MT,4537,50,40.2784,2.2103,0.0573,0.1056,False
0.4428125023841858,MINUS,MT,51515,135,82.7762,2.4844,0.0574,0.1187,True
0.4428125023841858,MINUS,MT,13506,150,90.0,2.4354,0.0574,0.1166,False
0.4428125023841858,MINUS,MT,51138,62,46.4748,2.4227,0.0575,0.1161,False
0.4428125023841858,MINUS,MT,50992,62,46.4748,2.8487,0.0575,0.1366,False
0.4428125023841858,MINUS,MT,4463,50,40.2784,2.2102,0.0579,0.1067,False
0.4428125023841858,MINUS,MT,4611,50,40.2784,2.2102,0.0579,0.1067,False
0.4428125023841858,MINUS,MT,32664,76,53.3324,2.4355,0.0581,0.1179,False
0.4428125023841858,MINUS,MT,32752,76,53.3324,2.7062,0.0581,0.131,False
0.4428125023841858,MINUS,MT,49592,120,75.1989,2.7576,0.0584,0.1342,True
0.4428125023841858,MINUS,MT,49592,120,75.1989,2.7576,0.0585,0.1343,True
0.4428125023841858,MINUS,MT,51532,111,70.6073,2.8016,0.0585,0.1367,True
0.4428125023841858,MINUS,MT,51532,111,70.6073,2.8016,0.0587,0.137,True
0.4428125023841858,MINUS,MT,49563,110,70.3717,2.6535,0.0588,0.13,True
0.4428125023841858,MINUS,MT,49601,110,70.3717,2.8248,0.0591,0.1391,True
0.4428125023841858,MINUS,MT,49573,120,75.1989,2.9001,0.0591,0.1429,True
0.4428125023841858,MINUS,MT,51513,111,70.6073,2.8603,0.0592,0.141,True
0.4428125023841858,MINUS,MT,51551,111,70.6073,2.8683,0.0592,0.1416,True
0.4428125023841858,MINUS,MT,49611,120,75.1989,2.7248,0.0593,0.1346,True
0.4428125023841858,MINUS,MT,49611,120,75.1989,2.7248,0.0594,0.1348,True
0.4428125023841858,MINUS,MT,51532,111,70.6073,2.8016,0.0595,0.1389,True
0.4428125023841858,MINUS,MT,51532,111,70.6073,2.8016,0.0596,0.1391,True
0.4428125023841858,MINUS,MT,49573,120,75.1989,2.9001,0.0596,0.1441,True
0.4428125023841858,MINUS,MT,49601,110,70.3717,2.8248,0.0598,0.1407,True
0.4428125023841858,MINUS,MT,51513,111,70.6073,2.8603,0.0598,0.1426,True
0.4428125023841858,MINUS,MT,49563,110,70.3717,2.6535,0.0599,0.1324,True
0.4428125023841858,MINUS,MT,13513,150,90.0,2.4352,0.0599,0.1216,False
0.4428125023841858,MINUS,MT,51551,111,70.6073,2.8683,0.06,0.1433,True
0.4428125023841858,MINUS,MT,4208,44,37.0926,2.7016,0.0606,0.1364,True
0.4428125023841858,MINUS,MT,4207,43,36.9709,2.7016,0.0607,0.1367,True
0.4428125023841858,MINUS,MT,51551,111,70.6073,2.8683,0.0608,0.1453,True
0.4428125023841858,MINUS,MT,51513,111,70.6073,2.8603,0.0609,0.1451,True
0.4428125023841858,MINUS,MT,51513,111,70.6073,2.8603,0.0609,0.1451,True
0.4428125023841858,MINUS,MT,51551,111,70.6073,2.8683,0.0609,0.1456,True
0.4428125023841858,MINUS,MT,51545,121,75.5346,2.6673,0.0613,0.1363,True
0.4428125023841858,MINUS,MT,51507,121,75.5346,2.6673,0.0614,0.1365,True
0.4428125023841858,MINUS,MT,51507,121,75.5346,2.6673,0.0615,0.1368,True
0.4428125023841858,MINUS,MT,51526,121,75.5346,2.7769,0.0616,0.1426,True
0.4428125023841858,MINUS,MT,51545,121,75.5346,2.6673,0.0616,0.137,True
0.4428125023841858,MINUS,MT,51526,121,75.5346,2.7769,0.0617,0.1429,True
0.4428125023841858,MINUS,MT,49592,120,75.1989,2.7576,0.0619,0.1422,True
0.4428125023841858,MINUS,MT,49592,120,75.1989,2.7576,0.062,0.1425,True
0.4428125023841858,MINUS,MT,49611,120,75.1989,2.7248,0.0625,0.1418,True
0.4428125023841858,MINUS,MT,3687,46,38.4404,2.2103,0.0625,0.1151,False
0.4428125023841858,MINUS,MT,3823,46,38.4404,2.2101,0.0625,0.1151,False
0.4428125023841858,MINUS,MT,49573,120,75.1989,2.9001,0.0626,0.1512,True
0.4428125023841858,MINUS,MT,13440,150,90.0,2.4519,0.0627,0.1282,False
0.4428125023841858,MINUS,MT,13586,150,90.0,2.4292,0.0627,0.127,False
0.4428125023841858,MINUS,MT,44697,59,44.6398,2.219,0.0627,0.116,True
0.4428125023841858,MINUS,MT,49611,120,75.1989,2.7248,0.0631,0.1432,True
0.4428125023841858,MINUS,MT,49573,120,75.1989,2.9001,0.0631,0.1526,True
0.4428125023841858,MINUS,MT,49437,23,26.9608,2.7865,0.0638,0.1481,True
0.4428125023841858,MINUS,MT,49301,23,26.9608,2.2216,0.0638,0.1182,True
0.4428125023841858,MINUS,MT,32712,86,58.0415,2.8792,0.0639,0.1533,False
0.4428125023841858,MINUS,MT,32668,86,58.0415,2.8841,0.064,0.1539,False
0.4428125023841858,MINUS,MT,32756,86,58.0415,2.8841,0.0641,0.154,False
0.4428125023841858,MINUS,MT,49369,23,26.9608,2.7219,0.0643,0.146,True
0.4428125023841858,MINUS,MT,49573,120,75.1989,2.9001,0.0646,0.1562,True
0.4428125023841858,MINUS,MT,49905,57,43.9911,16.7187,0.0647,0.9013,True
0.4428125023841858,MINUS,MT,49611,120,75.1989,2.7248,0.0647,0.147,True
0.4428125023841858,MINUS,MT,49769,57,43.9911,16.3999,0.0647,0.8845,True
0.4428125023841858,MINUS,MT,50299,86,58.013,2.5553,0.0651,0.1386,False
0.4428125023841858,MINUS,MT,50343,86,58.013,2.9225,0.0652,0.1587,False
0.4428125023841858,MINUS,MT,50255,86,58.013,2.9328,0.0652,0.1593,False
0.4428125023841858,MINUS,MT,51545,121,75.5346,2.6673,0.0658,0.1462,True
0.4428125023841858,MINUS,MT,51507,121,75.5346,2.6673,0.0659,0.1464,True
0.4428125023841858,MINUS,MT,3755,46,38.4404,2.1923,0.066,0.1206,False
0.4428125023841858,MINUS,MT,51507,121,75.5346,2.6673,0.066,0.1468,True
0.4428125023841858,MINUS,MT,51526,121,75.5346,2.7769,0.0662,0.1531,True
0.4428125023841858,MINUS,MT,51545,121,75.5346,2.6673,0.0662,0.1471,True
0.4428125023841858,MINUS,MT,49592,120,75.1989,2.7576,0.0662,0.1521,True
0.4428125023841858,MINUS,MT,51526,121,75.5346,2.7769,0.0663,0.1533,True
0.4428125023841858,MINUS,MT,49592,120,75.1989,2.7576,0.0663,0.1523,True
0.4428125023841858,MINUS,MT,49837,57,43.9911,2.3605,0.0665,0.1307,True
0.4428125023841858,MINUS,MT,51545,121,75.5346,2.6673,0.0667,0.1484,True
0.4428125023841858,MINUS,MT,51507,121,75.5346,2.6673,0.0668,0.1486,True
0.4428125023841858,MINUS,MT,49611,120,75.1989,2.7248,0.0669,0.152,True
0.4428125023841858,MINUS,MT,51507,121,75.5346,2.6673,0.0669,0.1488,True
0.4428125023841858,MINUS,MT,51526,121,75.5346,2.7769,0.0671,0.1552,True
0.4428125023841858,MINUS,MT,51545,121,75.5346,2.6673,0.0671,0.1491,True
0.4428125023841858,MINUS,MT,49573,120,75.1989,2.9001,0.0671,0.1621,True
0.4428125023841858,MINUS,MT,51526,121,75.5346,2.7769,0.0672,0.1555,True
0.4428125023841858,MINUS,MT,49563,110,70.3717,2.6535,0.0672,0.1486,True
0.4428125023841858,MINUS,MT,49601,110,70.3717,2.8248,0.0673,0.1585,True
0.4428125023841858,MINUS,MT,49601,110,70.3717,2.8248,0.0681,0.1603,True
0.4428125023841858,MINUS,MT,13585,150,90.0,2.4354,0.0681,0.1382,False
0.4428125023841858,MINUS,MT,13439,150,90.0,2.4302,0.0681,0.138,False
0.4428125023841858,MINUS,MT,49563,110,70.3717,2.6535,0.0683,0.151,True
0.4428125023841858,MINUS,MT,4210,43,36.6049,2.2099,0.0687,0.1265,True
0.4428125023841858,MINUS,MT,4854,49,39.8427,2.2099,0.0692,0.1274,False
0.4428125023841858,MINUS,MT,48947,21,25.6564,2.8051,0.0697,0.1629,True
0.4428125023841858,MINUS,MT,48811,21,25.6564,2.7428,0.0697,0.1594,True
0.4428125023841858,MINUS,MT,49573,120,75.1989,2.9001,0.0698,0.1688,True
0.4428125023841858,MINUS,MT,49611,120,75.1989,2.7248,0.0699,0.1587,True
0.4428125023841858,MINUS,MT,13512,150,90.0,2.4354,0.0701,0.1422,False
0.4428125023841858,MINUS,MT,49582,110,70.3717,2.8031,0.0706,0.165,True
0.4428125023841858,MINUS,MT,49582,110,70.3717,2.8031,0.0708,0.1653,True
0.4428125023841858,MINUS,MT,4780,49,39.8427,2.7016,0.071,0.1598,False
0.4428125023841858,MINUS,MT,4928,49,39.8427,2.7016,0.071,0.1598,False
0.4428125023841858,MINUS,MT,4851,47,38.7535,2.21,0.0712,0.1311,False
0.4428125023841858,MINUS,MT,51418,150,90.0,2.359,0.0712,0.14,True
0.4428125023841858,MINUS,MT,51418,150,90.0,2.359,0.0712,0.14,True
0.4428125023841858,MINUS,MT,51281,0,15.2817,2.1373,0.0716,0.1274,True
0.4428125023841858,MINUS,MT,49582,110,70.3717,2.8031,0.0716,0.1673,True
0.4428125023841858,MINUS,MT,4925,47,38.7535,2.2074,0.0717,0.1319,False
0.4428125023841858,MINUS,MT,4777,47,38.7535,2.7016,0.0717,0.1614,False
0.4428125023841858,MINUS,MT,49582,110,70.3717,2.8031,0.0718,0.1677,True
0.4428125023841858,MINUS,MT,51545,121,75.5346,2.6673,0.0725,0.1612,True
0.4428125023841858,MINUS,MT,4534,45,37.9863,2.7016,0.0726,0.1634,False
0.4428125023841858,MINUS,MT,51507,121,75.5346,2.6673,0.0726,0.1614,True
0.4428125023841858,MINUS,MT,51507,121,75.5346,2.6673,0.0728,0.1619,True
0.4428125023841858,MINUS,MT,48879,21,25.6564,2.4811,0.0729,0.1507,True
0.4428125023841858,MINUS,MT,51526,121,75.5346,2.7769,0.073,0.1688,True
0.4428125023841858,MINUS,MT,51545,121,75.5346,2.6673,0.073,0.1622,True
0.4428125023841858,MINUS,MT,51349,0,15.2817,1.9673,0.073,0.1197,True
0.4428125023841858,MINUS,MT,51213,0,15.2817,2.7915,0.073,0.1699,True
0.4428125023841858,MINUS,MT,50111,134,82.3081,16.8668,0.0731,1.0269,True
0.4428125023841858,MINUS,MT,50149,134,82.3081,16.5204,0.0731,1.0061,True
0.4428125023841858,MINUS,MT,51526,121,75.5346,2.7769,0.0731,0.1691,True
0.4428125023841858,MINUS,MT,50149,134,82.3081,16.5204,0.0731,1.0066,True
0.4428125023841858,MINUS,MT,4460,45,37.9863,2.2169,0.0731,0.1351,False
0.4428125023841858,MINUS,MT,50111,134,82.3081,16.8668,0.0731,1.0279,True
0.4428125023841858,MINUS,MT,4608,45,37.9863,2.7016,0.0731,0.1647,False
0.4428125023841858,MINUS,MT,50130,134,82.3081,2.1285,0.0732,0.1298,True
0.4428125023841858,MINUS,MT,50130,134,82.3081,2.1285,0.0732,0.1299,True
0.4428125023841858,MINUS,MT,4887,150,90.0,2.7016,0.0733,0.165,False
0.4428125023841858,MINUS,MT,49358,22,26.1795,2.2352,0.074,0.1377,True
0.4428125023841858,MINUS,MT,4535,48,39.0255,2.7016,0.0741,0.1667,False
0.4428125023841858,MINUS,MT,4478,78,54.3818,2.7016,0.0741,0.1668,False
0.4428125023841858,MINUS,MT,4626,78,54.3818,2.7016,0.0741,0.1668,False
0.4428125023841858,MINUS,MT,50083,134,82.2436,8.1333,0.0753,0.5103,True
0.4428125023841858,MINUS,MT,49426,22,26.1795,2.8091,0.0753,0.1764,True
0.4428125023841858,MINUS,MT,50045,134,82.2436,8.297,0.0754,0.521,True
0.4428125023841858,MINUS,MT,49290,22,26.1795,2.855,0.0754,0.1794,True
0.4428125023841858,MINUS,MT,50045,134,82.2436,8.297,0.0756,0.5225,True
0.4428125023841858,MINUS,MT,50083,134,82.2436,8.1333,0.0756,0.5125,True
0.4428125023841858,MINUS,MT,4813,150,90.0,2.7016,0.0756,0.1703,False
0.4428125023841858,MINUS,MT,4961,150,90.0,2.7126,0.0757,0.171,False
0.4428125023841858,MINUS,MT,50064,134,82.2436,2.1351,0.0757,0.1348,True
0.4428125023841858,MINUS,MT,50064,134,82.2436,2.1351,0.0758,0.1349,True
0.4428125023841858,MINUS,MT,32706,72,51.3611,2.8442,0.0758,0.1797,False
0.4428125023841858,MINUS,MT,4461,48,39.0255,2.7016,0.0758,0.1707,False
0.4428125023841858,MINUS,MT,4609,48,39.0255,2.2103,0.0758,0.1397,False
0.4428125023841858,MINUS,MT,50337,72,51.3474,2.8105,0.0762,0.1785,False
0.4428125023841858,MINUS,MT,50249,72,51.3474,2.2188,0.0762,0.141,False
0.4428125023841858,MINUS,MT,51119,150,90.0,2.2442,0.0763,0.1426,False
0.4428125023841858,MINUS,MT,50973,150,90.0,2.7898,0.0763,0.1773,False
0.4428125023841858,MINUS,MT,49601,110,70.3717,2.8248,0.0766,0.1803,True
0.4428125023841858,MINUS,MT,51418,150,90.0,2.359,0.0766,0.1506,True
0.4428125023841858,MINUS,MT,51418,150,90.0,2.359,0.0766,0.1506,True
0.4428125023841858,MINUS,MT,4552,78,54.3818,2.7016,0.0767,0.1728,False
0.4428125023841858,MINUS,MT,49563,110,70.3717,2.6535,0.0768,0.1698,True
0.4428125023841858,MINUS,MT,50293,72,51.3474,2.8376,0.077,0.1821,False
0.4428125023841858,MINUS,MT,32662,72,51.3611,2.2287,0.0773,0.1436,False
0.4428125023841858,MINUS,MT,32750,72,51.3611,2.7673,0.0774,0.1784,False
0.4428125023841858,MINUS,MT,51532,111,70.6073,2.8016,0.0775,0.181,False
0.4428125023841858,MINUS,MT,51532,111,70.6073,2.8016,0.0776,0.1811,False
0.4428125023841858,MINUS,MT,51513,111,70.6073,2.8603,0.078,0.1858,False
0.4428125023841858,MINUS,MT,51551,111,70.6073,2.8683,0.0781,0.1867,False
0.4428125023841858,MINUS,MT,13594,71,50.5979,2.4163,0.0783,0.1577,False
0.4428125023841858,MINUS,MT,13448,71,50.5979,1.9881,0.0783,0.1298,False
0.4428125023841858,MINUS,MT,50111,134,82.3081,16.8668,0.0784,1.1025,True
0.4428125023841858,MINUS,MT,51437,150,90.0,2.3733,0.0785,0.1552,True
0.4428125023841858,MINUS,MT,51399,150,90.0,2.4381,0.0785,0.1594,True
0.4428125023841858,MINUS,MT,50149,134,82.3081,16.5204,0.0785,1.0806,True
0.4428125023841858,MINUS,MT,50149,134,82.3081,16.5204,0.0786,1.0823,True
0.4428125023841858,MINUS,MT,50111,134,82.3081,16.8668,0.0787,1.1057,True
0.4428125023841858,MINUS,MT,50130,134,82.3081,2.1285,0.0788,0.1398,True
0.4428125023841858,MINUS,MT,50130,134,82.3081,2.1285,0.0789,0.1399,True
0.4428125023841858,MINUS,MT,51046,150,90.0,2.1994,0.0792,0.1452,False
0.4428125023841858,MINUS,MT,51513,111,70.6073,2.8603,0.0793,0.1891,False
0.4428125023841858,MINUS,MT,51551,111,70.6073,2.8683,0.0794,0.1899,False
0.4428125023841858,MINUS,MT,3675,43,36.8837,2.207,0.0796,0.1463,True
0.4428125023841858,MINUS,MT,3811,43,36.8837,2.2071,0.0796,0.1463,True
0.4428125023841858,MINUS,MT,51051,150,90.0,1.8832,0.0797,0.125,False
0.4428125023841858,MINUS,MT,51437,150,90.0,2.3733,0.08,0.1582,True
0.4428125023841858,MINUS,MT,51399,150,90.0,2.4381,0.08,0.1626,True
0.4428125023841858,MINUS,MT,3758,47,38.6126,2.2073,0.0807,0.1484,True
0.4428125023841858,MINUS,MT,50186,112,71.1591,2.1836,0.0807,0.1468,False
0.4428125023841858,MINUS,MT,51437,150,90.0,2.3733,0.0811,0.1603,True
0.4428125023841858,MINUS,MT,51399,150,90.0,2.4381,0.0811,0.1647,True
0.4428125023841858,MINUS,MT,50978,150,90.0,1.9491,0.0811,0.1317,False
0.4428125023841858,MINUS,MT,51124,150,90.0,1.9491,0.0811,0.1317,False
0.4428125023841858,MINUS,MT,50083,134,82.2436,8.1333,0.0812,0.5506,True
0.4428125023841858,MINUS,MT,50045,134,82.2436,8.297,0.0813,0.562,True
0.4428125023841858,MINUS,MT,50045,134,82.2436,8.297,0.0814,0.5629,True
0.4428125023841858,MINUS,MT,50083,134,82.2436,8.1333,0.0815,0.5521,True
0.4428125023841858,MINUS,MT,50186,112,71.1591,2.1836,0.0815,0.1483,False
0.4428125023841858,MINUS,MT,13521,71,50.5979,2.5782,0.0815,0.1752,False
0.4428125023841858,MINUS,MT,50064,134,82.2436,2.1351,0.0816,0.1451,True
0.4428125023841858,MINUS,MT,50064,134,82.2436,2.1351,0.0816,0.1452,True
0.4428125023841858,MINUS,MT,3743,43,36.8837,2.7016,0.0822,0.185,True
0.4428125023841858,MINUS,MT,50167,112,71.1591,2.1791,0.0823,0.1494,False
0.4428125023841858,MINUS,MT,50988,71,50.5645,2.2188,0.0825,0.1525,False
0.4428125023841858,MINUS,MT,51134,71,50.5645,2.4172,0.0825,0.1662,False
0.4428125023841858,MINUS,MT,50111,134,82.3081,16.8668,0.0831,1.1683,True
0.4428125023841858,MINUS,MT,50149,134,82.3081,16.5204,0.0832,1.146,True
0.4428125023841858,MINUS,MT,50149,134,82.3081,16.5204,0.0835,1.1491,True
0.4428125023841858,MINUS,MT,3690,47,38.6126,2.2071,0.0835,0.1535,True
0.4428125023841858,MINUS,MT,3826,47,38.6126,2.21,0.0836,0.1539,True
0.4428125023841858,MINUS,MT,50111,134,82.3081,16.8668,0.0836,1.1752,True
0.4428125023841858,MINUS,MT,50130,134,82.3081,2.1285,0.0837,0.1485,True
0.4428125023841858,MINUS,MT,50130,134,82.3081,2.1285,0.0839,0.1488,True
0.4428125023841858,MINUS,MT,49353,21,25.8923,2.6464,0.0839,0.185,True
0.4428125023841858,MINUS,MT,50205,112,71.1591,2.1917,0.084,0.1534,False
0.4428125023841858,MINUS,MT,51061,71,50.5645,2.2188,0.0855,0.1582,False
0.4428125023841858,MINUS,MT,49285,21,25.8923,2.8058,0.0861,0.2014,True
0.4428125023841858,MINUS,MT,49421,21,25.8923,2.8051,0.0862,0.2014,True
0.4428125023841858,MINUS,MT,50083,134,82.2436,8.1333,0.0862,0.5841,True
0.4428125023841858,MINUS,MT,50045,134,82.2436,8.297,0.0863,0.5969,True
0.4428125023841858,MINUS,MT,50045,134,82.2436,8.297,0.0867,0.5992,True
0.4428125023841858,MINUS,MT,50083,134,82.2436,8.1333,0.0868,0.5883,True
0.4428125023841858,MINUS,MT,50064,134,82.2436,2.1351,0.0869,0.1547,True
0.4428125023841858,MINUS,MT,50064,134,82.2436,2.1351,0.0871,0.1549,True
0.4428125023841858,MINUS,MT,50179,150,90.0,2.4114,0.0881,0.1769,True
0.4428125023841858,MINUS,MT,50179,150,90.0,2.4114,0.0881,0.177,True
0.4428125023841858,MINUS,MT,13454,59,44.7251,1.8177,0.089,0.1349,False
0.4428125023841858,MINUS,MT,13600,59,44.7251,2.4225,0.089,0.1797,False
0.4428125023841858,MINUS,MT,49601,110,70.3717,2.8248,0.0892,0.21,True
0.4428125023841858,MINUS,MT,49563,110,70.3717,2.6535,0.0894,0.1977,True
0.4428125023841858,MINUS,MT,4277,42,36.3937,2.2104,0.0895,0.1649,True
0.4428125023841858,MINUS,MT,4141,42,36.3937,2.2102,0.0895,0.1649,True
0.4428125023841858,MINUS,MT,50205,112,71.1591,2.1917,0.0897,0.1638,False
0.4428125023841858,MINUS,MT,4475,72,51.208,2.7016,0.0902,0.2031,False
0.4428125023841858,MINUS,MT,4623,72,51.208,2.7016,0.0902,0.2031,False
0.4428125023841858,MINUS,MT,50253,80,55.4754,2.8891,0.0902,0.2173,False
0.4428125023841858,MINUS,MT,50341,80,55.4754,2.9328,0.0902,0.2206,False
0.4428125023841858,MINUS,MT,13527,59,44.7251,2.449,0.0903,0.1843,False
0.4428125023841858,MINUS,MT,50297,80,55.4754,2.8918,0.0903,0.2177,False
0.4428125023841858,MINUS,MT,50167,112,71.1591,2.1791,0.0906,0.1645,False
0.4428125023841858,MINUS,MT,50111,134,82.3081,16.8668,0.0912,1.2813,True
0.4428125023841858,MINUS,MT,4209,42,36.3937,2.2071,0.0913,0.1679,True
0.4428125023841858,MINUS,MT,51109,129,79.6937,2.156,0.0913,0.164,False
0.4428125023841858,MINUS,MT,50149,134,82.3081,16.5204,0.0913,1.2571,True
0.4428125023841858,MINUS,MT,50963,129,79.6937,2.156,0.0914,0.1642,False
0.4428125023841858,MINUS,MT,4869,81,55.9244,2.7016,0.0917,0.2064,False
0.4428125023841858,MINUS,MT,13528,60,45.0234,2.4396,0.0918,0.1865,False
0.4428125023841858,MINUS,MT,50149,134,82.3081,16.5204,0.0918,1.2638,True
0.4428125023841858,MINUS,MT,50111,134,82.3081,16.8668,0.092,1.2924,True
0.4428125023841858,MINUS,MT,32710,81,55.5327,2.8704,0.092,0.22,False
0.4428125023841858,MINUS,MT,13601,60,45.0234,2.3508,0.0921,0.1805,False
0.4428125023841858,MINUS,MT,13455,60,45.0234,2.2291,0.0921,0.1712,False
0.4428125023841858,MINUS,MT,32666,81,55.5327,2.4356,0.0922,0.1871,False
0.4428125023841858,MINUS,MT,50130,134,82.3081,2.1285,0.0922,0.1636,True
0.4428125023841858,MINUS,MT,51399,150,90.0,2.4381,0.0923,0.1875,True
0.4428125023841858,MINUS,MT,51437,150,90.0,2.3733,0.0923,0.1825,True
0.4428125023841858,MINUS,MT,32754,81,55.5327,2.8896,0.0923,0.2223,False
0.4428125023841858,MINUS,MT,50130,134,82.3081,2.1285,0.0924,0.1638,True
0.4428125023841858,MINUS,MT,4943,81,55.9244,2.7016,0.0929,0.2092,False
0.4428125023841858,MINUS,MT,4795,81,55.9244,2.7016,0.093,0.2093,False
0.4428125023841858,MINUS,MT,51036,129,79.6937,2.156,0.0931,0.1672,False
0.4428125023841858,MINUS,MT,49582,110,70.3717,2.8031,0.0946,0.2211,True
0.4428125023841858,MINUS,MT,49582,110,70.3717,2.8031,0.0948,0.2215,True
0.4428125023841858,MINUS,MT,50186,112,71.1591,2.1836,0.0951,0.1731,False
0.4428125023841858,MINUS,MT,50083,134,82.2436,8.1333,0.0951,0.6447,True
0.4428125023841858,MINUS,MT,50198,150,90.0,2.4194,0.0952,0.192,True
0.4428125023841858,MINUS,MT,50160,150,90.0,2.158,0.0952,0.1713,True
0.4428125023841858,MINUS,MT,50045,134,82.2436,8.297,0.0953,0.6589,True
0.4428125023841858,MINUS,MT,50186,112,71.1591,2.1836,0.0953,0.1735,False
0.4428125023841858,MINUS,MT,50102,134,82.0921,2.6697,0.0954,0.2122,True
0.4428125023841858,MINUS,MT,50140,134,82.0921,2.717,0.0954,0.2161,True
0.4428125023841858,MINUS,MT,4549,72,51.208,2.7016,0.0955,0.215,False
0.4428125023841858,MINUS,MT,50045,134,82.2436,8.297,0.0956,0.6608,True
0.4428125023841858,MINUS,MT,50083,134,82.2436,8.1333,0.0957,0.6487,True
0.4428125023841858,MINUS,MT,50064,134,82.2436,2.1351,0.0958,0.1705,True
0.4428125023841858,MINUS,MT,50064,134,82.2436,2.1351,0.096,0.1708,True
0.4428125023841858,MINUS,MT,50994,59,44.7227,2.4254,0.0969,0.1958,False
0.4428125023841858,MINUS,MT,51140,59,44.7227,2.4254,0.0969,0.1958,False
0.4428125023841858,MINUS,MT,48816,22,26.3013,2.2216,0.097,0.1795,True
0.4428125023841858,MINUS,MT,48952,22,26.3013,2.3244,0.0971,0.1881,True
0.4428125023841858,MINUS,MT,36914,12,21.0564,2.6955,0.0972,0.2183,False
0.4428125023841858,MINUS,MT,50205,112,71.1591,2.1917,0.0972,0.1775,False
0.4428125023841858,MINUS,MT,51066,60,45.0228,2.424,0.0973,0.1965,False
0.4428125023841858,MINUS,MT,50167,112,71.1591,2.1791,0.0973,0.1767,False
0.4428125023841858,MINUS,MT,51139,60,45.0228,2.4318,0.0978,0.1981,False
0.4428125023841858,MINUS,MT,50993,60,45.0228,2.8003,0.0978,0.2281,False
0.4428125023841858,MINUS,MT,36846,12,21.0564,2.2251,0.0981,0.182,False
0.4428125023841858,MINUS,MT,51067,59,44.7227,2.4253,0.0982,0.1985,False
0.4428125023841858,MINUS,MT,36982,12,21.0564,2.765,0.0983,0.2264,False
0.4428125023841858,MINUS,MT,50198,150,90.0,2.4194,0.0992,0.2,True
0.4428125023841858,MINUS,MT,50160,150,90.0,2.158,0.0992,0.1784,True
0.4428125023841858,MINUS,MT,50198,150,90.0,2.4194,0.0994,0.2003,True
0.4428125023841858,MINUS,MT,50160,150,90.0,2.158,0.0994,0.1787,True
0.4428125023841858,MINUS,MT,50140,134,82.0921,2.717,0.1001,0.2267,True
0.4428125023841858,MINUS,MT,50102,134,82.0921,2.6697,0.1002,0.223,True
0.4428125023841858,MINUS,MT,50179,150,90.0,2.4114,0.1014,0.2037,True
0.4428125023841858,MINUS,MT,50179,150,90.0,2.4114,0.1014,0.2037,True
0.4428125023841858,MINUS,MT,49841,59,44.5443,2.3297,0.1017,0.1974,True
0.4428125023841858,MINUS,MT,50092,134,82.0881,2.7433,0.1017,0.2325,True
0.4428125023841858,MINUS,MT,49909,59,44.5443,2.3068,0.1017,0.1955,True
0.4428125023841858,MINUS,MT,49773,59,44.5443,2.2216,0.1018,0.1884,True
0.4428125023841858,MINUS,MT,50054,134,82.0881,2.7471,0.1018,0.233,True
0.4428125023841858,MINUS,MT,48884,22,26.3013,2.4746,0.102,0.2103,True
0.4428125023841858,MINUS,MT,50121,134,82.0921,2.1667,0.1023,0.1846,True
0.4428125023841858,MINUS,MT,50121,134,82.0921,2.1667,0.1023,0.1848,True
0.4428125023841858,MINUS,MT,49425,22,26.3007,2.7346,0.1029,0.2344,True
0.4428125023841858,MINUS,MT,49289,22,26.3007,2.2188,0.103,0.1904,True
0.4428125023841858,MINUS,MT,13519,76,53.0329,2.2234,0.1034,0.1917,False
0.4428125023841858,MINUS,MT,50205,112,71.1591,2.1917,0.1036,0.1892,False
0.4428125023841858,MINUS,MT,50167,112,71.1591,2.1791,0.1045,0.1898,False
0.4428125023841858,MINUS,MT,48880,21,25.8931,2.6341,0.1046,0.2296,True
0.4428125023841858,MINUS,MT,50054,134,82.0881,2.7471,0.1047,0.2396,True
0.4428125023841858,MINUS,MT,49357,22,26.3007,2.5332,0.1047,0.221,True
0.4428125023841858,MINUS,MT,50092,134,82.0881,2.7433,0.1048,0.2395,True
0.4428125023841858,MINUS,MT,48812,21,25.8931,2.6915,0.1048,0.2351,True
0.4428125023841858,MINUS,MT,48948,21,25.8931,2.8091,0.1048,0.2454,True
0.4428125023841858,MINUS,MT,36473,12,21.0491,2.6931,0.1049,0.2354,False
0.4428125023841858,MINUS,MT,50187,126,78.3537,13.2538,0.1051,1.1604,True
0.4428125023841858,MINUS,MT,36541,12,21.0491,2.7164,0.1051,0.238,False
0.4428125023841858,MINUS,MT,36405,12,21.0491,2.7164,0.1053,0.2384,False
0.4428125023841858,MINUS,MT,50187,126,78.3537,13.2538,0.1053,1.1633,True
0.4428125023841858,MINUS,MT,50073,134,82.0881,2.173,0.106,0.192,True
0.4428125023841858,MINUS,MT,50073,134,82.0881,2.173,0.1061,0.1922,True
0.4428125023841858,MINUS,MT,50206,126,78.3537,32.3222,0.1066,2.8703,True
0.4428125023841858,MINUS,MT,36472,12,21.0615,2.7671,0.107,0.2468,False
0.4428125023841858,MINUS,MT,49673,77,53.8482,2.9084,0.1072,0.2597,False
0.4428125023841858,MINUS,MT,49641,77,53.8482,2.8245,0.1072,0.2523,False
0.4428125023841858,MINUS,MT,49705,77,53.8482,2.7315,0.1072,0.244,False
0.4428125023841858,MINUS,MT,50168,126,78.3537,43.7852,0.1072,3.912,True
0.4428125023841858,MINUS,MT,50198,150,90.0,2.4194,0.1072,0.2162,True
0.4428125023841858,MINUS,MT,50160,150,90.0,2.158,0.1072,0.1928,True
0.4428125023841858,MINUS,MT,50168,126,78.3537,43.7852,0.108,3.939,True
0.4428125023841858,MINUS,MT,50206,126,78.3537,32.3222,0.1081,2.9109,True
0.4428125023841858,MINUS,MT,48898,24,27.0995,2.2251,0.1083,0.2008,False
0.4428125023841858,MINUS,MT,50131,150,90.0,2.0781,0.1085,0.1879,True
0.4428125023841858,MINUS,MT,50131,150,90.0,2.0781,0.1085,0.1879,True
0.4428125023841858,MINUS,MT,50112,150,90.0,19.9871,0.1086,1.8089,True
0.4428125023841858,MINUS,MT,50150,150,90.0,17.7913,0.1086,1.6102,True
0.4428125023841858,MINUS,MT,50150,150,90.0,17.7913,0.1089,1.6145,True
0.4428125023841858,MINUS,MT,50112,150,90.0,19.9871,0.1089,1.8138,True
0.4428125023841858,MINUS,MT,37013,10,20.4166,2.5089,0.1094,0.2287,True
0.4428125023841858,MINUS,MT,36877,10,20.4166,2.5089,0.1094,0.2288,True
0.4428125023841858,MINUS,MT,50065,150,90.0,2.0842,0.1099,0.1909,True
0.4428125023841858,MINUS,MT,48966,24,27.0995,2.7292,0.1099,0.25,False
0.4428125023841858,MINUS,MT,50065,150,90.0,2.0842,0.1099,0.1909,True
0.4428125023841858,MINUS,MT,50084,150,90.0,8.3527,0.1102,0.7668,True
0.4428125023841858,MINUS,MT,50046,150,90.0,8.4651,0.1102,0.7771,True
0.4428125023841858,MINUS,MT,48830,24,27.0995,2.2216,0.1102,0.204,False
0.4428125023841858,MINUS,MT,50131,150,90.0,2.0781,0.1103,0.1911,True
0.4428125023841858,MINUS,MT,50131,150,90.0,2.0781,0.1103,0.1911,True
0.4428125023841858,MINUS,MT,50150,150,90.0,17.7913,0.1104,1.6361,True
0.4428125023841858,MINUS,MT,50112,150,90.0,19.9871,0.1104,1.838,True
0.4428125023841858,MINUS,MT,50150,150,90.0,17.7913,0.1105,1.639,True
0.4428125023841858,MINUS,MT,50112,150,90.0,19.9871,0.1105,1.8413,True
0.4428125023841858,MINUS,MT,50084,150,90.0,8.3527,0.1109,0.7716,True
0.4428125023841858,MINUS,MT,50046,150,90.0,8.4651,0.1109,0.782,True
0.4428125023841858,MINUS,MT,36540,12,21.0615,2.4732,0.1109,0.2286,False
0.4428125023841858,MINUS,MT,4558,99,64.5656,2.7016,0.111,0.2499,False
0.4428125023841858,MINUS,MT,36404,12,21.0615,2.4732,0.1113,0.2294,False
0.4428125023841858,MINUS,MT,4632,99,64.5656,2.7016,0.1119,0.252,False
0.4428125023841858,MINUS,MT,50065,150,90.0,2.0842,0.112,0.1946,True
0.4428125023841858,MINUS,MT,50065,150,90.0,2.0842,0.112,0.1946,True
0.4428125023841858,MINUS,MT,50084,150,90.0,8.3527,0.1122,0.7811,True
0.4428125023841858,MINUS,MT,50046,150,90.0,8.4651,0.1122,0.7917,True
0.4428125023841858,MINUS,MT,4484,99,64.5656,2.7016,0.1125,0.2533,False
0.4428125023841858,MINUS,MT,50084,150,90.0,8.3527,0.1128,0.7852,True
0.4428125023841858,MINUS,MT,50046,150,90.0,8.4651,0.1128,0.7958,True
0.4428125023841858,MINUS,MT,49371,24,27.1004,2.2188,0.1128,0.2086,True
0.4428125023841858,MINUS,MT,4556,90,60.2706,2.7016,0.1134,0.2552,False
0.4428125023841858,MINUS,MT,51059,75,52.9889,2.3802,0.1134,0.2249,False
0.4428125023841858,MINUS,MT,36945,10,20.4166,2.5044,0.1146,0.2392,True
0.4428125023841858,MINUS,MT,50102,134,82.0921,2.6697,0.1148,0.2554,True
0.4428125023841858,MINUS,MT,50140,134,82.0921,2.717,0.1151,0.2607,True
0.4428125023841858,MINUS,MT,51047,150,90.0,2.3149,0.1154,0.2227,False
0.4428125023841858,MINUS,MT,49303,24,27.1004,2.2216,0.1163,0.2153,True
0.4428125023841858,MINUS,MT,49439,24,27.1004,2.5166,0.1164,0.244,True
0.4428125023841858,MINUS,MT,50131,150,90.0,2.0781,0.1164,0.2016,True
0.4428125023841858,MINUS,MT,50131,150,90.0,2.0781,0.1164,0.2016,True
0.4428125023841858,MINUS,MT,50150,150,90.0,17.7913,0.1165,1.7274,True
0.4428125023841858,MINUS,MT,50112,150,90.0,19.9871,0.1165,1.9406,True
0.4428125023841858,MINUS,MT,51120,150,90.0,2.3055,0.1166,0.2239,False
0.4428125023841858,MINUS,MT,50974,150,90.0,2.3055,0.1166,0.2239,False
0.4428125023841858,MINUS,MT,50150,150,90.0,17.7913,0.1167,1.7309,True
0.4428125023841858,MINUS,MT,50112,150,90.0,19.9871,0.1167,1.9445,True
0.4428125023841858,MINUS,MT,13592,76,53.0329,2.231,0.1173,0.2181,False
0.4428125023841858,MINUS,MT,13446,76,53.0329,2.2149,0.1174,0.2166,False
0.4428125023841858,MINUS,MT,45139,77,53.8434,2.9159,0.1179,0.2864,False
0.4428125023841858,MINUS,MT,45171,77,53.8434,2.9057,0.1179,0.2855,False
0.4428125023841858,MINUS,MT,45107,77,53.8434,2.159,0.1179,0.2122,False
0.4428125023841858,MINUS,MT,4206,45,37.5631,2.7016,0.118,0.2657,True
0.4428125023841858,MINUS,MT,49764,55,42.7516,2.2188,0.1181,0.2183,True
0.4428125023841858,MINUS,MT,50131,150,90.0,2.0781,0.1182,0.2046,True
0.4428125023841858,MINUS,MT,50131,150,90.0,2.0781,0.1182,0.2047,True
0.4428125023841858,MINUS,MT,50150,150,90.0,17.7913,0.1182,1.7524,True
0.4428125023841858,MINUS,MT,50112,150,90.0,19.9871,0.1182,1.9687,True
0.4428125023841858,MINUS,MT,49900,55,42.7516,2.3245,0.1182,0.2291,True
0.4428125023841858,MINUS,MT,50150,150,90.0,17.7913,0.1183,1.754,True
0.4428125023841858,MINUS,MT,50112,150,90.0,19.9871,0.1183,1.9705,True
0.4428125023841858,MINUS,MT,50140,134,82.0921,2.717,0.1184,0.268,True
0.4428125023841858,MINUS,MT,50102,134,82.0921,2.6697,0.1186,0.2639,True
0.4428125023841858,MINUS,MT,50065,150,90.0,2.0842,0.1189,0.2065,True
0.4428125023841858,MINUS,MT,50065,150,90.0,2.0842,0.1189,0.2065,True
0.4428125023841858,MINUS,MT,50084,150,90.0,8.3527,0.1192,0.8295,True
0.4428125023841858,MINUS,MT,50046,150,90.0,8.4651,0.1192,0.8407,True
0.4428125023841858,MINUS,MT,12679,0,15.0684,2.4225,0.1192,0.2407,False
0.4428125023841858,MINUS,MT,12815,0,15.0684,2.412,0.1193,0.2397,False
0.4428125023841858,MINUS,MT,44689,57,43.6524,2.9006,0.1195,0.2888,True
0.4428125023841858,MINUS,MT,12747,0,15.0684,2.4153,0.1197,0.241,False
0.4428125023841858,MINUS,MT,50084,150,90.0,8.3527,0.1199,0.8348,True
0.4428125023841858,MINUS,MT,50046,150,90.0,8.4651,0.1199,0.8461,True
0.4428125023841858,MINUS,MT,50121,134,82.0921,2.1667,0.1201,0.2168,True
0.4428125023841858,MINUS,MT,50121,134,82.0921,2.1667,0.1204,0.2173,True
0.4428125023841858,MINUS,MT,4630,90,60.2706,2.7016,0.1206,0.2716,False
0.4428125023841858,MINUS,MT,4482,90,60.2706,2.7016,0.1209,0.2722,False
0.4428125023841858,MINUS,MT,50065,150,90.0,2.0842,0.121,0.2101,True
0.4428125023841858,MINUS,MT,50065,150,90.0,2.0842,0.121,0.2101,True
0.4428125023841858,MINUS,MT,50084,150,90.0,8.3527,0.1212,0.8436,True
0.4428125023841858,MINUS,MT,50046,150,90.0,8.4651,0.1212,0.855,True
0.4428125023841858,MINUS,MT,4273,45,37.5003,2.1451,0.1213,0.2168,True
0.4428125023841858,MINUS,MT,4137,45,37.5003,2.7016,0.1213,0.2732,True
0.4428125023841858,MINUS,MT,50084,150,90.0,8.3527,0.1218,0.848,True
0.4428125023841858,MINUS,MT,50046,150,90.0,8.4651,0.1218,0.8594,True
0.4428125023841858,MINUS,MT,49671,74,52.2854,2.903,0.1219,0.295,False
0.4428125023841858,MINUS,MT,4138,45,37.5631,2.7016,0.1219,0.2745,True
0.4428125023841858,MINUS,MT,4274,45,37.5631,2.7016,0.122,0.2747,True
0.4428125023841858,MINUS,MT,50092,134,82.0881,2.7433,0.122,0.279,True
0.4428125023841858,MINUS,MT,50054,134,82.0881,2.7471,0.1224,0.2802,True
0.4428125023841858,MINUS,MT,49639,74,52.2854,2.6426,0.1235,0.2719,False
0.4428125023841858,MINUS,MT,49703,74,52.2854,2.7249,0.1235,0.2803,False
0.4428125023841858,MINUS,MT,50054,134,82.0881,2.7471,0.1238,0.2834,True
0.4428125023841858,MINUS,MT,50092,134,82.0881,2.7433,0.1241,0.2837,True
0.4428125023841858,MINUS,MT,13450,66,48.4288,2.2227,0.1245,0.2306,False
0.4428125023841858,MINUS,MT,13596,66,48.4288,2.4183,0.1245,0.2509,False
0.4428125023841858,MINUS,MT,50073,134,82.0881,2.173,0.1248,0.226,True
0.4428125023841858,MINUS,MT,50073,134,82.0881,2.173,0.1251,0.2265,True
0.4428125023841858,MINUS,MT,36390,10,20.4127,2.6209,0.126,0.2751,True
0.4428125023841858,MINUS,MT,36526,10,20.4127,2.6209,0.1261,0.2755,True
0.4428125023841858,MINUS,MT,44685,55,42.6071,2.2345,0.1263,0.2351,True
0.4428125023841858,MINUS,MT,49832,55,42.7516,2.722,0.1274,0.2891,True
0.4428125023841858,MINUS,MT,50198,150,90.0,2.4194,0.1276,0.2574,True
0.4428125023841858,MINUS,MT,50160,150,90.0,2.158,0.1277,0.2296,True
0.4428125023841858,MINUS,MT,50082,125,77.5852,14.3134,0.1283,1.5299,True
0.4428125023841858,MINUS,MT,51043,150,90.0,2.7541,0.1284,0.2946,False
0.4428125023841858,MINUS,MT,13523,66,48.4288,2.6235,0.1284,0.2808,False
0.4428125023841858,MINUS,MT,50044,125,77.5852,13.7108,0.1288,1.4718,True
0.4428125023841858,MINUS,MT,50044,125,77.5852,13.7108,0.1289,1.4726,True
0.4428125023841858,MINUS,MT,51111,112,71.443,2.2772,0.129,0.2448,False
0.4428125023841858,MINUS,MT,50965,112,71.443,2.2772,0.1291,0.245,False
0.4428125023841858,MINUS,MT,50063,125,77.5852,10.2302,0.1292,1.1017,True
0.4428125023841858,MINUS,MT,50082,125,77.5852,14.3134,0.1294,1.5434,True
0.4428125023841858,MINUS,MT,51038,112,71.443,2.3046,0.1298,0.2493,False
0.4428125023841858,MINUS,MT,50063,125,77.5852,10.2302,0.1298,1.107,True
0.4428125023841858,MINUS,MT,50986,75,52.9889,2.2216,0.13,0.2406,False
0.4428125023841858,MINUS,MT,51132,75,52.9889,2.4162,0.13,0.2617,False
0.4428125023841858,MINUS,MT,36458,10,20.4127,2.5058,0.1308,0.2732,True
0.4428125023841858,MINUS,MT,4634,108,69.469,2.2103,0.1315,0.2421,False
0.4428125023841858,MINUS,MT,50990,66,48.4074,2.8458,0.1322,0.3135,False
0.4428125023841858,MINUS,MT,51136,66,48.4074,2.6294,0.1322,0.2897,False
0.4428125023841858,MINUS,MT,4486,108,69.469,2.2103,0.1327,0.2443,False
0.4428125023841858,MINUS,MT,50102,134,82.0921,2.6697,0.1329,0.2958,True
0.4428125023841858,MINUS,MT,50140,134,82.0921,2.717,0.1331,0.3014,True
0.4428125023841858,MINUS,MT,50187,126,78.3537,13.2538,0.1333,1.4727,True
0.4428125023841858,MINUS,MT,50187,126,78.3537,13.2538,0.1336,1.4758,True
0.4428125023841858,MINUS,MT,50206,126,78.3537,32.3222,0.1339,3.6068,True
0.4428125023841858,MINUS,MT,50129,125,77.591,15.3095,0.134,1.7093,True
0.4428125023841858,MINUS,MT,50148,125,77.591,31.0638,0.1341,3.4702,True
0.4428125023841858,MINUS,MT,50206,126,78.3537,32.3222,0.1341,3.6129,True
0.4428125023841858,MINUS,MT,50110,125,77.591,39.9069,0.1342,4.4631,True
0.4428125023841858,MINUS,MT,50168,126,78.3537,43.7852,0.1342,4.8971,True
0.4428125023841858,MINUS,MT,4560,108,69.469,2.7016,0.1346,0.3029,False
0.4428125023841858,MINUS,MT,50129,125,77.591,15.3095,0.1347,1.7183,True
0.4428125023841858,MINUS,MT,50110,125,77.591,39.9069,0.1347,4.4801,True
0.4428125023841858,MINUS,MT,45137,74,52.2733,2.9043,0.1349,0.3264,False
0.4428125023841858,MINUS,MT,48883,22,26.178,2.5368,0.1349,0.2852,True
0.4428125023841858,MINUS,MT,50148,125,77.591,31.0638,0.1349,3.4926,True
0.4428125023841858,MINUS,MT,50168,126,78.3537,43.7852,0.135,4.9249,True
0.4428125023841858,MINUS,MT,44753,55,42.6071,2.2216,0.1353,0.2505,True
0.4428125023841858,MINUS,MT,44617,55,42.6071,2.2216,0.1353,0.2505,True
0.4428125023841858,MINUS,MT,4205,45,37.5003,2.7016,0.1353,0.3047,True
0.4428125023841858,MINUS,MT,51063,66,48.4074,2.4203,0.1358,0.274,False
0.4428125023841858,MINUS,MT,48951,22,26.178,2.5366,0.1359,0.2872,True
0.4428125023841858,MINUS,MT,48815,22,26.178,2.5366,0.1359,0.2873,True
0.4428125023841858,MINUS,MT,49643,81,55.604,2.7632,0.1361,0.3135,False
0.4428125023841858,MINUS,MT,49707,81,55.604,2.607,0.1362,0.2958,False
0.4428125023841858,MINUS,MT,45169,74,52.2733,2.898,0.1364,0.3294,False
0.4428125023841858,MINUS,MT,45105,74,52.2733,2.898,0.1364,0.3294,False
0.4428125023841858,MINUS,MT,4860,58,44.0641,2.2099,0.1366,0.2516,False
0.4428125023841858,MINUS,MT,49675,81,55.604,2.9145,0.1367,0.332,False
0.4428125023841858,MINUS,MT,36391,10,20.4558,2.5098,0.1376,0.2878,True
0.4428125023841858,MINUS,MT,36527,10,20.4558,2.5098,0.1377,0.288,True
0.4428125023841858,MINUS,MT,13441,150,90.0,2.076,0.1379,0.2386,False
0.4428125023841858,MINUS,MT,13587,150,90.0,1.7793,0.1379,0.2045,False
0.4428125023841858,MINUS,MT,4934,58,44.0641,2.7016,0.1379,0.3105,False
0.4428125023841858,MINUS,MT,4786,58,44.0641,2.2099,0.1379,0.254,False
0.4428125023841858,MINUS,MT,4951,114,72.3349,2.0945,0.1393,0.2431,True
0.4428125023841858,MINUS,MT,50140,134,82.0921,2.717,0.1396,0.316,True
0.4428125023841858,MINUS,MT,4803,114,72.3349,2.7016,0.1396,0.3143,True
0.4428125023841858,MINUS,MT,36459,10,20.4558,2.5091,0.1397,0.2921,True
0.4428125023841858,MINUS,MT,50102,134,82.0921,2.6697,0.1397,0.3108,True
0.4428125023841858,MINUS,MT,50187,126,78.3537,13.2538,0.1402,1.5485,True
0.4428125023841858,MINUS,MT,50187,126,78.3537,13.2538,0.1408,1.5554,True
0.4428125023841858,MINUS,MT,50092,134,82.0881,2.7433,0.1408,0.322,True
0.4428125023841858,MINUS,MT,50054,134,82.0881,2.7471,0.141,0.3229,True
0.4428125023841858,MINUS,MT,49904,58,44.087,2.8901,0.1413,0.3402,True
0.4428125023841858,MINUS,MT,49768,58,44.087,2.7901,0.1415,0.3289,True
0.4428125023841858,MINUS,MT,4852,47,38.578,2.2071,0.1416,0.2605,False
0.4428125023841858,MINUS,MT,44626,58,44.4778,2.2908,0.1417,0.2706,True
0.4428125023841858,MINUS,MT,50168,126,78.3537,43.7852,0.1419,5.179,True
0.4428125023841858,MINUS,MT,36915,12,21.0651,2.7531,0.1425,0.327,False
0.4428125023841858,MINUS,MT,50206,126,78.3537,32.3222,0.1426,3.842,True
0.4428125023841858,MINUS,MT,50121,134,82.0921,2.1667,0.1427,0.2576,True
0.4428125023841858,MINUS,MT,50121,134,82.0921,2.1667,0.1428,0.2579,True
0.4428125023841858,MINUS,MT,44762,58,44.4778,2.2908,0.1429,0.2727,True
0.4428125023841858,MINUS,MT,36464,11,20.7844,2.3263,0.1433,0.2778,True
0.4428125023841858,MINUS,MT,13514,150,90.0,2.2128,0.1435,0.2647,False
0.4428125023841858,MINUS,MT,4230,47,38.5787,2.2071,0.1445,0.2657,True
0.4428125023841858,MINUS,MT,36847,12,21.0651,2.6903,0.1449,0.3248,False
0.4428125023841858,MINUS,MT,50168,126,78.3537,43.7852,0.145,5.2918,True
0.4428125023841858,MINUS,MT,36983,12,21.0651,2.6932,0.1451,0.3256,False
0.4428125023841858,MINUS,MT,36916,12,21.1672,2.6799,0.1453,0.3245,False
0.4428125023841858,MINUS,MT,50054,134,82.0881,2.7471,0.1454,0.3329,True
0.4428125023841858,MINUS,MT,50092,134,82.0881,2.7433,0.1456,0.3328,True
0.4428125023841858,MINUS,MT,50970,150,90.0,2.2037,0.1463,0.2687,False
0.4428125023841858,MINUS,MT,51116,150,90.0,2.9179,0.1463,0.3558,False
0.4428125023841858,MINUS,MT,50206,126,78.3537,32.3222,0.1464,3.9444,True
0.4428125023841858,MINUS,MT,36396,11,20.7844,2.3697,0.1467,0.2897,True
0.4428125023841858,MINUS,MT,4877,114,72.3349,2.0767,0.1471,0.2546,True
0.4428125023841858,MINUS,MT,49836,58,44.087,2.6416,0.1472,0.3241,True
0.4428125023841858,MINUS,MT,36532,11,20.7844,2.3697,0.1475,0.2912,True
0.4428125023841858,MINUS,MT,44694,58,44.4778,2.2101,0.1476,0.2718,True
0.4428125023841858,MINUS,MT,50073,134,82.0881,2.173,0.1476,0.2673,True
0.4428125023841858,MINUS,MT,12677,0,15.1253,2.4202,0.1477,0.2978,False
0.4428125023841858,MINUS,MT,50073,134,82.0881,2.173,0.1478,0.2676,True
0.4428125023841858,MINUS,MT,44687,56,43.1593,25.6861,0.1478,3.1646,True
0.4428125023841858,MINUS,MT,12813,0,15.1253,1.7718,0.1479,0.2183,False
0.4428125023841858,MINUS,MT,12745,0,15.1253,2.2094,0.1481,0.2727,False
0.4428125023841858,MINUS,MT,4533,45,37.817,2.7016,0.1485,0.3344,False
0.4428125023841858,MINUS,MT,36848,12,21.1672,2.7524,0.1486,0.3407,False
0.4428125023841858,MINUS,MT,36984,12,21.1672,2.7596,0.1488,0.3421,False
0.4428125023841858,MINUS,MT,51388,112,71.4095,2.6409,0.1494,0.3288,False
0.4428125023841858,MINUS,MT,50179,150,90.0,2.4114,0.1516,0.3047,True
0.4428125023841858,MINUS,MT,50179,150,90.0,2.4114,0.1516,0.3047,True
0.4428125023841858,MINUS,MT,45173,81,55.6013,2.9262,0.1521,0.3708,False
0.4428125023841858,MINUS,MT,45109,81,55.6013,2.1326,0.1521,0.2703,False
0.4428125023841858,MINUS,MT,3741,42,36.3514,2.2099,0.1521,0.2802,True
0.4428125023841858,MINUS,MT,3673,42,36.3514,2.2099,0.1526,0.2811,True
0.4428125023841858,MINUS,MT,3809,42,36.3514,2.2102,0.1527,0.2812,True
0.4428125023841858,MINUS,MT,45141,81,55.6013,2.9254,0.1528,0.3726,False
0.4428125023841858,MINUS,MT,50198,150,90.0,2.4194,0.1529,0.3083,True
0.4428125023841858,MINUS,MT,50160,150,90.0,2.158,0.1529,0.275,True
0.4428125023841858,MINUS,MT,50186,112,71.1591,2.1836,0.1535,0.2794,False
0.4428125023841858,MINUS,MT,51426,112,71.4095,2.6354,0.1547,0.3398,False
0.4428125023841858,MINUS,MT,50167,112,71.1591,2.1791,0.1549,0.2814,False
0.4428125023841858,MINUS,MT,51408,126,78.1124,13.478,0.1553,1.7442,True
0.4428125023841858,MINUS,MT,51408,126,78.1124,13.478,0.156,1.7525,True
0.4428125023841858,MINUS,MT,49645,84,57.4338,2.7199,0.1564,0.3545,False
0.4428125023841858,MINUS,MT,49709,84,57.4338,2.6678,0.1564,0.3478,False
0.4428125023841858,MINUS,MT,50186,112,71.1591,2.1836,0.1565,0.2847,False
0.4428125023841858,MINUS,MT,49677,84,57.4338,2.9558,0.1566,0.3858,False
0.4428125023841858,MINUS,MT,51426,112,71.4095,2.6354,0.157,0.3447,False
0.4428125023841858,MINUS,MT,51388,112,71.4095,2.6409,0.1571,0.3457,False
0.4428125023841858,MINUS,MT,51407,112,71.4095,2.6322,0.1572,0.3448,False
0.4428125023841858,MINUS,MT,51389,126,78.1124,19.7419,0.1576,2.5921,True
0.4428125023841858,MINUS,MT,51427,126,78.1124,22.8162,0.1583,3.0103,True
0.4428125023841858,MINUS,MT,51427,126,78.1124,22.8162,0.1591,3.0245,True
0.4428125023841858,MINUS,MT,50205,112,71.1591,2.1917,0.1591,0.2906,False
0.4428125023841858,MINUS,MT,51389,126,78.1124,19.7419,0.1599,2.63,True
0.4428125023841858,MINUS,MT,44619,56,43.1593,2.2216,0.1599,0.296,True
0.4428125023841858,MINUS,MT,44755,56,43.1593,2.2129,0.1602,0.2954,True
0.4428125023841858,MINUS,MT,13318,0,15.0934,2.3058,0.1604,0.3083,False
0.4428125023841858,MINUS,MT,13250,0,15.0934,2.3117,0.1612,0.3104,False
0.4428125023841858,MINUS,MT,51407,112,71.4095,2.6322,0.1612,0.3536,False
0.4428125023841858,MINUS,MT,51427,126,78.1124,22.8162,0.1616,3.0727,True
0.4428125023841858,MINUS,MT,13386,0,15.0934,2.158,0.1617,0.2907,False
0.4428125023841858,MINUS,MT,51389,126,78.1124,19.7419,0.1621,2.6662,True
0.4428125023841858,MINUS,MT,36474,12,21.1716,2.7606,0.1631,0.3753,False
0.4428125023841858,MINUS,MT,51408,126,78.1124,13.478,0.1632,1.8334,True
0.4428125023841858,MINUS,MT,50082,125,77.5852,14.3134,0.1636,1.9512,True
0.4428125023841858,MINUS,MT,50205,112,71.1591,2.1917,0.1637,0.299,False
0.4428125023841858,MINUS,MT,51408,126,78.1124,13.478,0.1638,1.8395,True
0.4428125023841858,MINUS,MT,51389,126,78.1124,19.7419,0.164,2.6985,True
0.4428125023841858,MINUS,MT,50044,125,77.5852,13.7108,0.1645,1.8798,True
0.4428125023841858,MINUS,MT,36542,12,21.1716,2.7524,0.1647,0.3778,False
0.4428125023841858,MINUS,MT,50044,125,77.5852,13.7108,0.1648,1.8828,True
0.4428125023841858,MINUS,MT,51427,126,78.1124,22.8162,0.1649,3.1354,True
0.4428125023841858,MINUS,MT,44622,57,43.9197,2.2632,0.1652,0.3115,True
0.4428125023841858,MINUS,MT,50082,125,77.5852,14.3134,0.1653,1.9722,True
0.4428125023841858,MINUS,MT,36406,12,21.1716,2.2108,0.1654,0.3048,False
0.4428125023841858,MINUS,MT,50063,125,77.5852,10.2302,0.1656,1.4114,True
0.4428125023841858,MINUS,MT,50082,125,77.5852,14.3134,0.1656,1.9757,True
0.4428125023841858,MINUS,MT,44758,57,43.9197,2.2632,0.1662,0.3135,True
0.4428125023841858,MINUS,MT,50044,125,77.5852,13.7108,0.1663,1.9007,True
0.4428125023841858,MINUS,MT,50063,125,77.5852,10.2302,0.1665,1.4193,True
0.4428125023841858,MINUS,MT,50044,125,77.5852,13.7108,0.1667,1.9042,True
0.4428125023841858,MINUS,MT,50063,125,77.5852,10.2302,0.1671,1.4241,True
0.4428125023841858,MINUS,MT,50082,125,77.5852,14.3134,0.1677,1.9997,True
0.4428125023841858,MINUS,MT,50063,125,77.5852,10.2302,0.1684,1.4356,True
0.4428125023841858,MINUS,MT,50167,112,71.1591,2.1791,0.1685,0.3061,False
0.4428125023841858,MINUS,MT,50102,134,82.0921,2.6697,0.1712,0.3808,True
0.4428125023841858,MINUS,MT,50140,134,82.0921,2.717,0.1719,0.3892,True
0.4428125023841858,MINUS,MT,50129,125,77.591,15.3095,0.172,2.1942,True
0.4428125023841858,MINUS,MT,50148,125,77.591,31.0638,0.1721,4.4556,True
0.4428125023841858,MINUS,MT,3813,44,37.3461,2.7016,0.1723,0.388,True
0.4428125023841858,MINUS,MT,50110,125,77.591,39.9069,0.1725,5.7367,True
0.4428125023841858,MINUS,MT,3677,44,37.3461,2.7235,0.1725,0.3916,True
0.4428125023841858,MINUS,MT,50103,124,77.0381,2.1176,0.1726,0.3045,True
0.4428125023841858,MINUS,MT,50129,125,77.591,15.3095,0.173,2.2077,True
0.4428125023841858,MINUS,MT,50110,125,77.591,39.9069,0.1731,5.757,True
0.4428125023841858,MINUS,MT,50148,125,77.591,31.0638,0.1736,4.4935,True
0.4428125023841858,MINUS,MT,50120,150,90.0,2.0832,0.1737,0.3016,True
0.4428125023841858,MINUS,MT,50120,150,90.0,2.0832,0.1737,0.3016,True
0.4428125023841858,MINUS,MT,50129,125,77.591,15.3095,0.1738,2.2171,True
0.4428125023841858,MINUS,MT,50141,124,77.0381,2.71,0.1739,0.3926,True
0.4428125023841858,MINUS,MT,50148,125,77.591,31.0638,0.1741,4.5069,True
0.4428125023841858,MINUS,MT,36475,12,21.1594,2.6753,0.1743,0.3885,False
0.4428125023841858,MINUS,MT,44690,57,43.9197,2.159,0.1749,0.3146,True
0.4428125023841858,MINUS,MT,50110,125,77.591,39.9069,0.175,5.8206,True
0.4428125023841858,MINUS,MT,50139,150,90.0,2.1761,0.1752,0.3178,True
0.4428125023841858,MINUS,MT,50101,150,90.0,2.1761,0.1753,0.3178,True
0.4428125023841858,MINUS,MT,50129,125,77.591,15.3095,0.1753,2.2362,True
0.4428125023841858,MINUS,MT,50110,125,77.591,39.9069,0.1756,5.8404,True
0.4428125023841858,MINUS,MT,50141,124,77.0381,2.71,0.1756,0.3966,True
0.4428125023841858,MINUS,MT,13603,56,43.3538,2.3117,0.1758,0.3387,False
0.4428125023841858,MINUS,MT,13457,56,43.3538,2.2286,0.176,0.3268,False
0.4428125023841858,MINUS,MT,50091,124,77.0374,2.8414,0.1763,0.4174,True
0.4428125023841858,MINUS,MT,50148,125,77.591,31.0638,0.1765,4.5686,True
0.4428125023841858,MINUS,MT,50140,134,82.0921,2.717,0.1765,0.3997,True
0.4428125023841858,MINUS,MT,50103,124,77.0381,2.1176,0.1766,0.3117,True
0.4428125023841858,MINUS,MT,50122,124,77.0381,2.2382,0.1766,0.3295,True
0.4428125023841858,MINUS,MT,50102,134,82.0921,2.6697,0.177,0.3938,True
0.4428125023841858,MINUS,MT,50103,124,77.0381,2.1176,0.1771,0.3125,True
0.4428125023841858,MINUS,MT,50053,124,77.0374,2.7091,0.1775,0.4006,True
0.4428125023841858,MINUS,MT,45175,84,57.4227,2.9878,0.1777,0.4423,False
0.4428125023841858,MINUS,MT,45111,84,57.4227,2.2964,0.1777,0.34,False
0.4428125023841858,MINUS,MT,50141,124,77.0381,2.71,0.1779,0.4017,True
0.4428125023841858,MINUS,MT,45143,84,57.4227,2.9489,0.178,0.4375,False
0.4428125023841858,MINUS,MT,50141,124,77.0381,2.71,0.178,0.402,True
0.4428125023841858,MINUS,MT,50122,124,77.0381,2.2382,0.178,0.3321,True
0.4428125023841858,MINUS,MT,13498,112,71.4778,2.1903,0.1782,0.3253,False
0.4428125023841858,MINUS,MT,50053,124,77.0374,2.7091,0.1782,0.4023,True
0.4428125023841858,MINUS,MT,13530,56,43.3538,2.0754,0.1783,0.3084,False
0.4428125023841858,MINUS,MT,50122,124,77.0381,2.2382,0.1784,0.3327,True
0.4428125023841858,MINUS,MT,50072,124,77.0374,2.2447,0.1788,0.3345,True
0.4428125023841858,MINUS,MT,50074,150,90.0,2.7284,0.1793,0.4077,True
0.4428125023841858,MINUS,MT,50074,150,90.0,2.7284,0.1793,0.4077,True
0.4428125023841858,MINUS,MT,50103,124,77.0381,2.1176,0.1794,0.3165,True
0.4428125023841858,MINUS,MT,50121,134,82.0921,2.1667,0.1794,0.3239,True
0.4428125023841858,MINUS,MT,50091,124,77.0374,2.8414,0.1794,0.4248,True
0.4428125023841858,MINUS,MT,36917,12,21.1741,2.7515,0.1796,0.4119,False
0.4428125023841858,MINUS,MT,50122,124,77.0381,2.2382,0.1797,0.3351,True
0.4428125023841858,MINUS,MT,50091,124,77.0374,2.8414,0.1799,0.4259,True
0.4428125023841858,MINUS,MT,50995,56,43.353,2.774,0.1799,0.4159,False
0.4428125023841858,MINUS,MT,50121,134,82.0921,2.1667,0.18,0.3251,True
0.4428125023841858,MINUS,MT,50072,124,77.0374,2.2447,0.1801,0.3368,True
0.4428125023841858,MINUS,MT,51141,56,43.353,2.5205,0.1801,0.3782,False
0.4428125023841858,MINUS,MT,50092,134,82.0881,2.7433,0.1803,0.4121,True
0.4428125023841858,MINUS,MT,36849,12,21.1741,2.6749,0.1805,0.4024,False
0.4428125023841858,MINUS,MT,36985,12,21.1741,2.6805,0.1808,0.4039,False
0.4428125023841858,MINUS,MT,50093,150,90.0,2.7284,0.1808,0.4111,True
0.4428125023841858,MINUS,MT,50055,150,90.0,2.9194,0.1808,0.4399,True
0.4428125023841858,MINUS,MT,49647,88,59.3015,2.1578,0.1809,0.3253,False
0.4428125023841858,MINUS,MT,49711,88,59.3015,2.6639,0.1809,0.4017,False
0.4428125023841858,MINUS,MT,49679,88,59.3015,2.8806,0.181,0.4346,False
0.4428125023841858,MINUS,MT,50054,134,82.0881,2.7471,0.1811,0.4145,True
0.4428125023841858,MINUS,MT,50053,124,77.0374,2.7091,0.1813,0.4093,True
0.4428125023841858,MINUS,MT,36543,12,21.1594,2.6749,0.1814,0.4043,False
0.4428125023841858,MINUS,MT,37012,10,20.4596,2.6073,0.1817,0.3948,True
0.4428125023841858,MINUS,MT,36876,10,20.4596,2.6073,0.1818,0.395,True
0.4428125023841858,MINUS,MT,36407,12,21.1594,2.7596,0.1818,0.4181,False
0.4428125023841858,MINUS,MT,50053,124,77.0374,2.7091,0.1821,0.4112,True
0.4428125023841858,MINUS,MT,51068,56,43.353,2.4274,0.1822,0.3686,False
0.4428125023841858,MINUS,MT,50072,124,77.0374,2.2447,0.1828,0.342,True
0.4428125023841858,MINUS,MT,50091,124,77.0374,2.8414,0.1835,0.4344,True
0.4428125023841858,MINUS,MT,50054,134,82.0881,2.7471,0.1836,0.4203,True
0.4428125023841858,MINUS,MT,50092,134,82.0881,2.7433,0.1841,0.4208,True
0.4428125023841858,MINUS,MT,50139,150,90.0,2.1761,0.1841,0.3339,True
0.4428125023841858,MINUS,MT,50101,150,90.0,2.1761,0.1841,0.3339,True
0.4428125023841858,MINUS,MT,50072,124,77.0374,2.2447,0.1843,0.3447,True
0.4428125023841858,MINUS,MT,13425,112,71.4778,2.1555,0.1846,0.3315,False
0.4428125023841858,MINUS,MT,3745,44,37.3461,2.7016,0.1846,0.4156,True
0.4428125023841858,MINUS,MT,13571,112,71.4778,2.0956,0.185,0.3231,False
0.4428125023841858,MINUS,MT,36944,10,20.4596,2.6468,0.1851,0.4083,True
0.4428125023841858,MINUS,MT,50073,134,82.0881,2.173,0.1855,0.3358,True
0.4428125023841858,MINUS,MT,5100,1,15.5263,2.2071,0.186,0.3422,False
0.4428125023841858,MINUS,MT,50073,134,82.0881,2.173,0.1861,0.337,True
0.4428125023841858,MINUS,MT,5236,1,15.5263,2.2099,0.1862,0.3429,False
0.4428125023841858,MINUS,MT,5168,1,15.5263,2.7126,0.1862,0.4209,False
0.4428125023841858,MINUS,MT,36397,11,20.7754,2.4556,0.1864,0.3814,True
0.4428125023841858,MINUS,MT,36533,11,20.7754,2.4263,0.1869,0.378,True
0.4428125023841858,MINUS,MT,50103,124,77.0381,2.1176,0.1875,0.3309,True
0.4428125023841858,MINUS,MT,50141,124,77.0381,2.71,0.1887,0.4261,True
0.4428125023841858,MINUS,MT,50122,124,77.0381,2.2382,0.1888,0.3522,True
0.4428125023841858,MINUS,MT,36476,12,21.3,2.7528,0.1888,0.4332,False
0.4428125023841858,MINUS,MT,50141,124,77.0381,2.71,0.1892,0.4272,True
0.4428125023841858,MINUS,MT,50093,150,90.0,2.7284,0.1894,0.4307,True
0.4428125023841858,MINUS,MT,50055,150,90.0,2.9194,0.1894,0.4609,True
0.4428125023841858,MINUS,MT,50122,124,77.0381,2.2382,0.1902,0.3547,True
0.4428125023841858,MINUS,MT,50103,124,77.0381,2.1176,0.1902,0.3356,True
0.4428125023841858,MINUS,MT,50122,124,77.0381,2.2382,0.1904,0.3552,True
0.4428125023841858,MINUS,MT,4541,56,43.0928,2.2074,0.1905,0.3505,False
0.4428125023841858,MINUS,MT,50141,124,77.0381,2.71,0.1908,0.4308,True
0.4428125023841858,MINUS,MT,50103,124,77.0381,2.1176,0.1916,0.3381,True
0.4428125023841858,MINUS,MT,50122,124,77.0381,2.2382,0.1917,0.3575,True
0.4428125023841858,MINUS,MT,50103,124,77.0381,2.1176,0.1922,0.3391,True
0.4428125023841858,MINUS,MT,4467,56,43.0928,2.2073,0.1924,0.3539,False
0.4428125023841858,MINUS,MT,4615,56,43.0928,2.2099,0.1925,0.3544,False
0.4428125023841858,MINUS,MT,13509,150,90.0,2.4302,0.193,0.3909,False
0.4428125023841858,MINUS,MT,50141,124,77.0381,2.71,0.1931,0.4362,True
0.4428125023841858,MINUS,MT,50072,124,77.0374,2.2447,0.1936,0.3621,True
0.4428125023841858,MINUS,MT,36544,12,21.3,2.7473,0.1937,0.4436,False
0.4428125023841858,MINUS,MT,48895,23,26.9523,2.7442,0.1938,0.4432,True
0.4428125023841858,MINUS,MT,50053,124,77.0374,2.7091,0.1939,0.4377,True
0.4428125023841858,MINUS,MT,50091,124,77.0374,2.8414,0.1944,0.4603,True
0.4428125023841858,MINUS,MT,36408,12,21.3,2.6781,0.1947,0.4345,False
0.4428125023841858,MINUS,MT,50072,124,77.0374,2.2447,0.1951,0.365,True
0.4428125023841858,MINUS,MT,50091,124,77.0374,2.8414,0.1953,0.4625,True
0.4428125023841858,MINUS,MT,50053,124,77.0374,2.7091,0.1959,0.4423,True
0.4428125023841858,MINUS,MT,36465,11,20.7754,2.3827,0.1964,0.39,True
0.4428125023841858,MINUS,MT,50139,150,90.0,2.1761,0.1966,0.3566,True
0.4428125023841858,MINUS,MT,50101,150,90.0,2.1761,0.1967,0.3566,True
0.4428125023841858,MINUS,MT,50187,126,78.3537,13.2538,0.1968,2.1734,True
0.4428125023841858,MINUS,MT,50187,126,78.3537,13.2538,0.1976,2.1822,True
0.4428125023841858,MINUS,MT,49669,71,50.8349,2.8979,0.1978,0.4776,False
0.4428125023841858,MINUS,MT,50072,124,77.0374,2.2447,0.1984,0.3711,True
0.4428125023841858,MINUS,MT,50053,124,77.0374,2.7091,0.1986,0.4484,True
0.4428125023841858,MINUS,MT,50091,124,77.0374,2.8414,0.1989,0.4709,True
0.4428125023841858,MINUS,MT,50168,126,78.3537,43.7852,0.1992,7.2677,True
0.4428125023841858,MINUS,MT,50179,150,90.0,2.4114,0.1994,0.4007,True
0.4428125023841858,MINUS,MT,50179,150,90.0,2.4114,0.1995,0.4008,True
0.4428125023841858,MINUS,MT,49637,71,50.8349,2.7549,0.1996,0.4583,False
0.4428125023841858,MINUS,MT,49701,71,50.8349,2.8911,0.1996,0.481,False
0.4428125023841858,MINUS,MT,50206,126,78.3537,32.3222,0.1999,5.383,True
0.4428125023841858,MINUS,MT,50072,124,77.0374,2.2447,0.2001,0.3743,True
0.4428125023841858,MINUS,MT,50091,124,77.0374,2.8414,0.2002,0.4741,True
0.4428125023841858,MINUS,MT,50139,150,90.0,2.1761,0.2004,0.3635,True
0.4428125023841858,MINUS,MT,50101,150,90.0,2.1761,0.2005,0.3635,True
0.4428125023841858,MINUS,MT,48963,23,26.9523,2.7557,0.2006,0.4608,True
0.4428125023841858,MINUS,MT,50053,124,77.0374,2.7091,0.2006,0.453,True
0.4428125023841858,MINUS,MT,50168,126,78.3537,43.7852,0.2007,7.3245,True
0.4428125023841858,MINUS,MT,48827,23,26.9523,2.2441,0.2009,0.3757,True
0.4428125023841858,MINUS,MT,50206,126,78.3537,32.3222,0.2026,5.4561,True
0.4428125023841858,MINUS,MT,44691,58,44.1037,16.7209,0.2033,2.8332,True
0.4428125023841858,MINUS,MT,50093,150,90.0,2.7284,0.204,0.4638,True
0.4428125023841858,MINUS,MT,50055,150,90.0,2.9194,0.204,0.4963,True
0.4428125023841858,MINUS,MT,50120,150,90.0,2.0832,0.2041,0.3543,True
0.4428125023841858,MINUS,MT,50120,150,90.0,2.0832,0.2041,0.3543,True
0.4428125023841858,MINUS,MT,45177,88,59.3049,2.8451,0.2052,0.4864,False
0.4428125023841858,MINUS,MT,45113,88,59.3049,2.2333,0.2052,0.3818,False
0.4428125023841858,MINUS,MT,45145,88,59.3049,2.9009,0.2053,0.4962,False
0.4428125023841858,MINUS,MT,50093,150,90.0,2.7284,0.206,0.4683,True
0.4428125023841858,MINUS,MT,50055,150,90.0,2.9194,0.206,0.5011,True
0.4428125023841858,MINUS,MT,50074,150,90.0,2.7284,0.2088,0.4748,True
0.4428125023841858,MINUS,MT,50074,150,90.0,2.7284,0.2088,0.4748,True
0.4428125023841858,MINUS,MT,49428,22,26.444,2.2216,0.2091,0.3871,True
0.4428125023841858,MINUS,MT,49292,22,26.444,2.6589,0.2096,0.4643,True
0.4428125023841858,MINUS,MT,4778,47,38.578,2.1805,0.2128,0.3866,False
0.4428125023841858,MINUS,MT,13436,150,90.0,2.4354,0.2128,0.4319,False
0.4428125023841858,MINUS,MT,13582,150,90.0,1.9828,0.2129,0.3517,False
0.4428125023841858,MINUS,MT,4926,47,38.578,2.7016,0.2135,0.4808,False
0.4428125023841858,MINUS,MT,50082,125,77.5852,14.3134,0.2156,2.5713,True
0.4428125023841858,MINUS,MT,4801,103,66.9228,2.7016,0.2162,0.4867,True
0.4428125023841858,MINUS,MT,49360,22,26.444,2.7157,0.2167,0.4903,True
0.4428125023841858,MINUS,MT,4949,103,66.9228,2.7016,0.2177,0.49,True
0.4428125023841858,MINUS,MT,50044,125,77.5852,13.7108,0.2177,2.4872,True
0.4428125023841858,MINUS,MT,50044,125,77.5852,13.7108,0.2177,2.4877,True
0.4428125023841858,MINUS,MT,51388,112,71.4095,2.6409,0.218,0.4798,False
0.4428125023841858,MINUS,MT,51426,112,71.4095,2.6354,0.219,0.481,False
0.4428125023841858,MINUS,MT,50063,125,77.5852,10.2302,0.219,1.867,True
0.4428125023841858,MINUS,MT,4162,47,38.5787,2.2073,0.2193,0.4033,True
0.4428125023841858,MINUS,MT,4298,47,38.5787,2.7016,0.2196,0.4943,True
0.4428125023841858,MINUS,MT,50082,125,77.5852,14.3134,0.2196,2.6199,True
0.4428125023841858,MINUS,MT,51426,112,71.4095,2.6354,0.22,0.4832,False
0.4428125023841858,MINUS,MT,36919,12,21.3014,2.7486,0.2203,0.5047,False
0.4428125023841858,MINUS,MT,51407,112,71.4095,2.6322,0.2206,0.4839,False
0.4428125023841858,MINUS,MT,51388,112,71.4095,2.6409,0.2208,0.486,False
0.4428125023841858,MINUS,MT,45135,71,50.8222,2.8969,0.221,0.5335,False
0.4428125023841858,MINUS,MT,50063,125,77.5852,10.2302,0.2211,1.8852,True
0.4428125023841858,MINUS,MT,4607,45,37.817,2.7016,0.2216,0.4989,False
0.4428125023841858,MINUS,MT,51407,112,71.4095,2.6322,0.2219,0.4867,False
0.4428125023841858,MINUS,MT,4875,103,66.9228,2.7016,0.2222,0.5002,True
0.4428125023841858,MINUS,MT,4459,45,37.817,2.7016,0.2224,0.5006,False
0.4428125023841858,MINUS,MT,45167,71,50.8222,2.8912,0.2225,0.5362,False
0.4428125023841858,MINUS,MT,45103,71,50.8222,2.8912,0.2225,0.5362,False
0.4428125023841858,MINUS,MT,13423,129,79.7117,2.083,0.2228,0.3867,False
0.4428125023841858,MINUS,MT,50205,112,71.1591,2.1917,0.2243,0.4096,False
0.4428125023841858,MINUS,MT,36851,12,21.3014,2.6671,0.2251,0.5003,False
0.4428125023841858,MINUS,MT,51013,34,32.404,2.9705,0.2255,0.5583,False
0.4428125023841858,MINUS,MT,51159,34,32.404,2.2699,0.2256,0.4268,False
0.4428125023841858,MINUS,MT,51086,34,32.404,2.442,0.2257,0.4593,False
0.4428125023841858,MINUS,MT,36987,12,21.3014,2.6728,0.2257,0.5027,False
0.4428125023841858,MINUS,MT,51221,0,15.4928,2.452,0.2259,0.4616,False
0.4428125023841858,MINUS,MT,51357,0,15.4928,2.4695,0.2261,0.4652,False
0.4428125023841858,MINUS,MT,50167,112,71.1591,2.1791,0.2272,0.4125,False
0.4428125023841858,MINUS,MT,50198,150,90.0,2.4194,0.2273,0.4582,True
0.4428125023841858,MINUS,MT,50160,150,90.0,2.158,0.2274,0.4089,True
0.4428125023841858,MINUS,MT,5170,1,15.6136,2.2071,0.2285,0.4203,False
0.4428125023841858,MINUS,MT,50129,125,77.591,15.3095,0.2293,2.9251,True
0.4428125023841858,MINUS,MT,50148,125,77.591,31.0638,0.2298,5.9487,True
0.4428125023841858,MINUS,MT,50110,125,77.591,39.9069,0.2315,7.6997,True
0.4428125023841858,MINUS,MT,50129,125,77.591,15.3095,0.2317,2.9559,True
0.4428125023841858,MINUS,MT,13496,129,79.7117,2.1695,0.232,0.4195,False
0.4428125023841858,MINUS,MT,50110,125,77.591,39.9069,0.2323,7.7254,True
0.4428125023841858,MINUS,MT,13569,129,79.7117,2.358,0.2323,0.4566,False
0.4428125023841858,MINUS,MT,5102,1,15.6136,2.2099,0.2326,0.4283,False
0.4428125023841858,MINUS,MT,5238,1,15.6136,2.2075,0.233,0.4287,False
0.4428125023841858,MINUS,MT,50148,125,77.591,31.0638,0.2338,6.0533,True
0.4428125023841858,MINUS,MT,36918,12,21.2957,2.6717,0.2357,0.5248,False
0.4428125023841858,MINUS,MT,50167,112,71.1591,2.1791,0.2363,0.4291,False
0.4428125023841858,MINUS,MT,50205,112,71.1591,2.1917,0.2373,0.4335,False
0.4428125023841858,MINUS,MT,36850,12,21.2957,2.7485,0.2382,0.5457,False
0.4428125023841858,MINUS,MT,36986,12,21.2957,2.7485,0.239,0.5474,False
0.4428125023841858,MINUS,MT,49835,56,43.2502,2.523,0.2392,0.503,True
0.4428125023841858,MINUS,MT,50198,150,90.0,2.4194,0.2396,0.483,True
0.4428125023841858,MINUS,MT,50160,150,90.0,2.158,0.2396,0.4309,True
0.4428125023841858,MINUS,MT,13621,34,32.4044,2.3292,0.2405,0.4668,False
0.4428125023841858,MINUS,MT,13475,34,32.4044,2.3292,0.2405,0.4669,False
0.4428125023841858,MINUS,MT,13548,34,32.4044,2.0351,0.2407,0.4083,False
0.4428125023841858,MINUS,MT,36477,12,21.2879,2.6665,0.2408,0.535,False
0.4428125023841858,MINUS,MT,50186,112,71.1591,2.1836,0.2411,0.4388,False
0.4428125023841858,MINUS,MT,50186,112,71.1591,2.1836,0.2429,0.4419,False
0.4428125023841858,MINUS,MT,36545,12,21.2879,2.6683,0.2487,0.5531,False
0.4428125023841858,MINUS,MT,50139,150,90.0,2.1761,0.2489,0.4513,True
0.4428125023841858,MINUS,MT,50101,150,90.0,2.1761,0.2489,0.4513,True
0.4428125023841858,MINUS,MT,51289,0,15.4928,2.4632,0.2491,0.5113,False
0.4428125023841858,MINUS,MT,36409,12,21.2879,2.6805,0.2498,0.5579,False
0.4428125023841858,MINUS,MT,50120,150,90.0,2.0832,0.2501,0.4341,True
0.4428125023841858,MINUS,MT,50120,150,90.0,2.0832,0.2501,0.4342,True
0.4428125023841858,MINUS,MT,48820,23,26.6041,2.2216,0.252,0.4666,True
0.4428125023841858,MINUS,MT,49767,56,43.2502,2.2216,0.2536,0.4696,True
0.4428125023841858,MINUS,MT,49903,56,43.2502,2.5087,0.2539,0.5308,True
0.4428125023841858,MINUS,MT,48956,23,26.6041,2.6335,0.254,0.5575,True
0.4428125023841858,MINUS,MT,50139,150,90.0,2.1761,0.2554,0.4632,True
0.4428125023841858,MINUS,MT,50101,150,90.0,2.1761,0.2554,0.4632,True
0.4428125023841858,MINUS,MT,50093,150,90.0,2.7284,0.2565,0.5833,True
0.4428125023841858,MINUS,MT,50055,150,90.0,2.9194,0.2565,0.6241,True
0.4428125023841858,MINUS,MT,50074,150,90.0,2.7284,0.2575,0.5855,True
0.4428125023841858,MINUS,MT,50074,150,90.0,2.7284,0.2575,0.5855,True
0.4428125023841858,MINUS,MT,51408,126,78.1124,13.478,0.2592,2.9108,True
0.4428125023841858,MINUS,MT,51408,126,78.1124,13.478,0.2626,2.9496,True
0.4428125023841858,MINUS,MT,50055,150,90.0,2.9194,0.2629,0.6395,True
0.4428125023841858,MINUS,MT,50093,150,90.0,2.7284,0.2629,0.5977,True
0.4428125023841858,MINUS,MT,51427,126,78.1124,22.8162,0.2629,4.9991,True
0.4428125023841858,MINUS,MT,51427,126,78.1124,22.8162,0.2641,5.0218,True
0.4428125023841858,MINUS,MT,51389,126,78.1124,19.7419,0.2646,4.3527,True
0.4428125023841858,MINUS,MT,50139,150,90.0,2.1761,0.2653,0.481,True
0.4428125023841858,MINUS,MT,50101,150,90.0,2.1761,0.2653,0.4811,True
0.4428125023841858,MINUS,MT,51389,126,78.1124,19.7419,0.267,4.392,True
0.4428125023841858,MINUS,MT,50139,150,90.0,2.1761,0.2718,0.493,True
0.4428125023841858,MINUS,MT,50101,150,90.0,2.1761,0.2719,0.493,True
0.4428125023841858,MINUS,MT,51291,1,15.5738,2.4574,0.2722,0.5574,False
0.4428125023841858,MINUS,MT,50055,150,90.0,2.9194,0.276,0.6715,True
0.4428125023841858,MINUS,MT,50093,150,90.0,2.7284,0.276,0.6276,True
0.4428125023841858,MINUS,MT,44624,58,44.3109,2.9262,0.2768,0.675,True
0.4428125023841858,MINUS,MT,50120,150,90.0,2.0832,0.2783,0.4832,True
0.4428125023841858,MINUS,MT,50120,150,90.0,2.0832,0.2784,0.4832,True
0.4428125023841858,MINUS,MT,50093,150,90.0,2.7284,0.28,0.6367,True
0.4428125023841858,MINUS,MT,50055,150,90.0,2.9194,0.28,0.6813,True
0.4428125023841858,MINUS,MT,51359,1,15.5738,2.3745,0.2811,0.5562,False
0.4428125023841858,MINUS,MT,44760,58,44.3109,2.159,0.2813,0.5062,True
0.4428125023841858,MINUS,MT,51223,1,15.5738,2.2188,0.2814,0.5203,False
0.4428125023841858,MINUS,MT,51389,126,78.1124,19.7419,0.2816,4.6324,True
0.4428125023841858,MINUS,MT,51427,126,78.1124,22.8162,0.2823,5.3667,True
0.4428125023841858,MINUS,MT,50074,150,90.0,2.7284,0.2852,0.6484,True
0.4428125023841858,MINUS,MT,50074,150,90.0,2.7284,0.2852,0.6484,True
0.4428125023841858,MINUS,MT,44692,58,44.3109,2.132,0.2859,0.508,True
0.4428125023841858,MINUS,MT,51408,126,78.1124,13.478,0.29,3.2566,True
0.4428125023841858,MINUS,MT,13602,56,43.0985,2.4352,0.2903,0.5891,False
0.4428125023841858,MINUS,MT,13456,56,43.0985,2.4518,0.2904,0.5933,False
0.4428125023841858,MINUS,MT,51389,126,78.1124,19.7419,0.2906,4.7813,True
0.4428125023841858,MINUS,MT,3672,42,36.1531,2.2071,0.2923,0.5376,True
0.4428125023841858,MINUS,MT,3808,42,36.1531,2.207,0.2927,0.5382,True
0.4428125023841858,MINUS,MT,51427,126,78.1124,22.8162,0.2927,5.5656,True
0.4428125023841858,MINUS,MT,48900,24,27.2625,2.7335,0.2928,0.6671,False
0.4428125023841858,MINUS,MT,51408,126,78.1124,13.478,0.293,3.2911,True
0.4428125023841858,MINUS,MT,50119,150,90.0,2.7614,0.2935,0.6753,True
0.4428125023841858,MINUS,MT,50119,150,90.0,2.7614,0.2935,0.6753,True
0.4428125023841858,MINUS,MT,44621,57,43.6524,2.9057,0.2949,0.714,True
0.4428125023841858,MINUS,MT,50119,150,90.0,2.7614,0.2955,0.68,True
0.4428125023841858,MINUS,MT,50119,150,90.0,2.7614,0.2955,0.68,True
0.4428125023841858,MINUS,MT,44757,57,43.6524,2.2865,0.2957,0.5634,True
0.4428125023841858,MINUS,MT,50138,150,90.0,2.7541,0.296,0.6793,True
0.4428125023841858,MINUS,MT,50100,150,90.0,2.7541,0.296,0.6793,True
0.4428125023841858,MINUS,MT,50996,56,43.1034,2.1119,0.2981,0.5246,False
0.4428125023841858,MINUS,MT,51142,56,43.1034,2.3746,0.2981,0.59,False
0.4428125023841858,MINUS,MT,48968,24,27.2625,2.7612,0.2983,0.6863,False
0.4428125023841858,MINUS,MT,50138,150,90.0,2.7541,0.2989,0.6859,True
0.4428125023841858,MINUS,MT,50100,150,90.0,2.7541,0.2989,0.686,True
0.4428125023841858,MINUS,MT,48832,24,27.2625,2.7613,0.3,0.6902,False
0.4428125023841858,MINUS,MT,51388,112,71.4095,2.6409,0.3023,0.6652,False
0.4428125023841858,MINUS,MT,13605,53,41.8053,2.4352,0.3027,0.6143,False
0.4428125023841858,MINUS,MT,13459,53,41.8053,2.4519,0.3031,0.6193,False
0.4428125023841858,MINUS,MT,13529,56,43.0985,2.5238,0.3038,0.639,False
0.4428125023841858,MINUS,MT,13532,53,41.8053,2.3003,0.3041,0.583,False
0.4428125023841858,MINUS,MT,50075,150,90.0,1.9648,0.3043,0.4982,True
0.4428125023841858,MINUS,MT,50075,150,90.0,1.9648,0.3044,0.4984,True
0.4428125023841858,MINUS,MT,4458,43,36.8141,2.7016,0.3067,0.6905,False
0.4428125023841858,MINUS,MT,50075,150,90.0,1.9648,0.3071,0.5028,True
0.4428125023841858,MINUS,MT,50094,150,90.0,2.211,0.3072,0.5661,True
0.4428125023841858,MINUS,MT,4606,43,36.8141,2.7016,0.3072,0.6917,False
0.4428125023841858,MINUS,MT,50075,150,90.0,1.9648,0.3073,0.5031,True
0.4428125023841858,MINUS,MT,50056,150,90.0,2.211,0.3074,0.5665,True
0.4428125023841858,MINUS,MT,44688,56,43.454,2.2068,0.308,0.5664,True
0.4428125023841858,MINUS,MT,51069,56,43.1034,2.112,0.3101,0.5457,False
0.4428125023841858,MINUS,MT,49438,23,26.9948,2.2188,0.3107,0.5744,True
0.4428125023841858,MINUS,MT,4923,45,37.5337,2.7016,0.3109,0.7,False
0.4428125023841858,MINUS,MT,50094,150,90.0,2.211,0.3111,0.5732,True
0.4428125023841858,MINUS,MT,50056,150,90.0,2.211,0.3114,0.5737,True
0.4428125023841858,MINUS,MT,4775,45,37.5337,2.7016,0.3115,0.7013,False
0.4428125023841858,MINUS,MT,50138,150,90.0,2.7541,0.3129,0.7181,True
0.4428125023841858,MINUS,MT,50100,150,90.0,2.7541,0.3129,0.7181,True
0.4428125023841858,MINUS,MT,50997,53,41.8046,2.2083,0.3131,0.5761,False
0.4428125023841858,MINUS,MT,51143,53,41.8046,2.211,0.3135,0.5776,False
0.4428125023841858,MINUS,MT,49302,23,26.9948,2.6816,0.3139,0.7014,True
0.4428125023841858,MINUS,MT,51070,53,41.8046,1.8863,0.3147,0.4946,False
0.4428125023841858,MINUS,MT,50100,150,90.0,2.7541,0.3148,0.7224,True
0.4428125023841858,MINUS,MT,50138,150,90.0,2.7541,0.3148,0.7226,True
0.4428125023841858,MINUS,MT,50138,150,90.0,2.7541,0.3155,0.7242,True
0.4428125023841858,MINUS,MT,50100,150,90.0,2.7541,0.3155,0.7242,True
0.4428125023841858,MINUS,MT,51407,112,71.4095,2.6322,0.3157,0.6925,False
0.4428125023841858,MINUS,MT,50119,150,90.0,2.7614,0.3166,0.7285,True
0.4428125023841858,MINUS,MT,50119,150,90.0,2.7614,0.3166,0.7286,True
0.4428125023841858,MINUS,MT,51426,112,71.4095,2.6354,0.3176,0.6975,False
0.4428125023841858,MINUS,MT,12749,0,15.0305,2.4302,0.3179,0.6438,False
0.4428125023841858,MINUS,MT,51426,112,71.4095,2.6354,0.3185,0.6994,False
0.4428125023841858,MINUS,MT,50100,150,90.0,2.7541,0.3188,0.7318,True
0.4428125023841858,MINUS,MT,50138,150,90.0,2.7541,0.3188,0.7318,True
0.4428125023841858,MINUS,MT,50100,150,90.0,2.7541,0.319,0.7322,True
0.4428125023841858,MINUS,MT,50138,150,90.0,2.7541,0.319,0.7322,True
0.4428125023841858,MINUS,MT,12817,0,15.0305,2.4302,0.3195,0.647,False
0.4428125023841858,MINUS,MT,12681,0,15.0305,2.2122,0.3195,0.5889,False
0.4428125023841858,MINUS,MT,3740,42,36.1531,2.207,0.3202,0.589,True
0.4428125023841858,MINUS,MT,50119,150,90.0,2.7614,0.3207,0.738,True
0.4428125023841858,MINUS,MT,50119,150,90.0,2.7614,0.3207,0.7381,True
0.4428125023841858,MINUS,MT,50100,150,90.0,2.7541,0.3218,0.7385,True
0.4428125023841858,MINUS,MT,50138,150,90.0,2.7541,0.3218,0.7385,True
0.4428125023841858,MINUS,MT,49305,24,27.2626,2.7538,0.3224,0.7398,True
0.4428125023841858,MINUS,MT,49441,24,27.2626,2.754,0.3226,0.7404,True
0.4428125023841858,MINUS,MT,49373,24,27.2626,2.0946,0.3227,0.5632,False
0.4428125023841858,MINUS,MT,36943,10,20.2722,2.6274,0.3233,0.7079,True
0.4428125023841858,MINUS,MT,44620,56,43.454,9.9333,0.3239,2.681,True
0.4428125023841858,MINUS,MT,51388,112,71.4095,2.6409,0.3245,0.7141,False
0.4428125023841858,MINUS,MT,50094,150,90.0,2.211,0.3253,0.5994,True
0.4428125023841858,MINUS,MT,50056,150,90.0,2.211,0.3254,0.5995,True
0.4428125023841858,MINUS,MT,50094,150,90.0,2.211,0.3261,0.6007,True
0.4428125023841858,MINUS,MT,50056,150,90.0,2.211,0.3261,0.6009,True
0.4428125023841858,MINUS,MT,37011,10,20.2722,2.6737,0.3267,0.7279,True
0.4428125023841858,MINUS,MT,36875,10,20.2722,2.6737,0.3269,0.7285,True
0.4428125023841858,MINUS,MT,50075,150,90.0,1.9648,0.3277,0.5366,True
0.4428125023841858,MINUS,MT,50075,150,90.0,1.9648,0.3278,0.5367,True
0.4428125023841858,MINUS,MT,50094,150,90.0,2.211,0.3299,0.6078,True
0.4428125023841858,MINUS,MT,50056,150,90.0,2.211,0.3299,0.6079,True
0.4428125023841858,MINUS,MT,50094,150,90.0,2.211,0.3301,0.6082,True
0.4428125023841858,MINUS,MT,50056,150,90.0,2.211,0.3301,0.6082,True
0.4428125023841858,MINUS,MT,44756,56,43.454,12.1417,0.3303,3.3417,True
0.4428125023841858,MINUS,MT,51293,1,15.6692,2.4536,0.3308,0.6765,False
0.4428125023841858,MINUS,MT,50094,150,90.0,2.211,0.3312,0.6101,True
0.4428125023841858,MINUS,MT,50056,150,90.0,2.211,0.3313,0.6104,True
0.4428125023841858,MINUS,MT,51407,112,71.4095,2.6322,0.3314,0.7268,False
0.4428125023841858,MINUS,MT,50075,150,90.0,1.9648,0.3326,0.5445,True
0.4428125023841858,MINUS,MT,50075,150,90.0,1.9648,0.3327,0.5447,True
0.4428125023841858,MINUS,MT,50094,150,90.0,2.211,0.3346,0.6166,True
0.4428125023841858,MINUS,MT,50056,150,90.0,2.211,0.3347,0.6166,True
0.4428125023841858,MINUS,MT,4532,43,36.8141,2.1846,0.3358,0.6113,False
0.4428125023841858,MINUS,MT,49713,92,61.416,2.8904,0.3376,0.8132,False
0.4428125023841858,MINUS,MT,49649,92,61.416,2.2558,0.3378,0.635,False
0.4428125023841858,MINUS,MT,49681,92,61.416,2.7012,0.3383,0.7616,False
0.4428125023841858,MINUS,MT,4849,45,37.5337,2.7016,0.342,0.7699,False
0.4428125023841858,MINUS,MT,51361,1,15.6692,2.8679,0.3448,0.8239,False
0.4428125023841858,MINUS,MT,51225,1,15.6692,2.4495,0.3453,0.7048,False
0.4428125023841858,MINUS,MT,36461,11,20.5805,2.3887,0.3461,0.6889,True
0.4428125023841858,MINUS,MT,36393,11,20.5805,2.4974,0.3472,0.7227,True
0.4428125023841858,MINUS,MT,36529,11,20.5805,2.4974,0.3479,0.7241,True
0.4428125023841858,MINUS,MT,51084,36,33.3623,2.4417,0.352,0.7163,False
0.4428125023841858,MINUS,MT,51011,36,33.3623,2.2188,0.3524,0.6515,False
0.4428125023841858,MINUS,MT,51157,36,33.3623,2.4363,0.3524,0.7154,False
0.4428125023841858,MINUS,MT,45147,92,61.4275,2.9078,0.3612,0.8752,False
0.4428125023841858,MINUS,MT,49610,111,70.5625,2.8849,0.3615,0.869,True
0.4428125023841858,MINUS,MT,45179,92,61.4275,2.9078,0.3616,0.8763,False
0.4428125023841858,MINUS,MT,45115,92,61.4275,2.9078,0.3617,0.8764,False
0.4428125023841858,MINUS,MT,49562,103,66.853,2.916,0.3634,0.883,False
0.4428125023841858,MINUS,MT,50137,150,90.0,2.7542,0.3675,0.8436,False
0.4428125023841858,MINUS,MT,50099,150,90.0,2.7614,0.3676,0.8459,False
0.4428125023841858,MINUS,MT,13546,36,33.3628,2.4363,0.3722,0.7556,False
0.4428125023841858,MINUS,MT,13473,36,33.3628,2.2287,0.3725,0.6918,False
0.4428125023841858,MINUS,MT,13619,36,33.3628,2.4363,0.3725,0.7563,False
0.4428125023841858,MINUS,MT,49600,103,66.853,2.2188,0.3732,0.6899,False
0.4428125023841858,MINUS,MT,50204,103,66.7193,2.6203,0.3732,0.8149,True
0.4428125023841858,MINUS,MT,49572,111,70.5625,2.9799,0.3745,0.93,True
0.4428125023841858,MINUS,MT,48888,23,26.6041,2.8772,0.3761,0.9017,True
0.4428125023841858,MINUS,MT,51531,104,66.9991,2.8874,0.3769,0.9069,False
0.4428125023841858,MINUS,MT,50137,150,90.0,2.7542,0.3777,0.8669,False
0.4428125023841858,MINUS,MT,50099,150,90.0,2.7614,0.3779,0.8695,False
0.4428125023841858,MINUS,MT,50095,150,90.0,1.9334,0.3785,0.6099,False
0.4428125023841858,MINUS,MT,50057,150,90.0,2.2065,0.3786,0.6962,False
0.4428125023841858,MINUS,MT,51512,104,66.9991,2.6915,0.3795,0.8511,False
0.4428125023841858,MINUS,MT,51531,104,66.9991,2.8874,0.3809,0.9165,False
0.4428125023841858,MINUS,MT,50118,150,90.0,2.7542,0.3817,0.876,False
0.4428125023841858,MINUS,MT,50118,150,90.0,2.7542,0.3818,0.8762,False
0.4428125023841858,MINUS,MT,50095,150,90.0,1.9334,0.3827,0.6166,False
0.4428125023841858,MINUS,MT,51550,104,66.9991,2.9783,0.3832,0.951,False
0.4428125023841858,MINUS,MT,50057,150,90.0,2.2065,0.3832,0.7046,False
0.4428125023841858,MINUS,MT,13248,0,15.1567,2.4352,0.3841,0.7796,False
0.4428125023841858,MINUS,MT,51550,104,66.9991,2.9783,0.3848,0.9551,False
0.4428125023841858,MINUS,MT,50076,150,90.0,1.8019,0.3848,0.5778,False
0.4428125023841858,MINUS,MT,50076,150,90.0,1.8019,0.3852,0.5784,False
0.4428125023841858,MINUS,MT,49600,103,66.853,2.2188,0.3872,0.7158,False
0.4428125023841858,MINUS,MT,13384,0,15.1567,2.4292,0.3872,0.7838,False
0.4428125023841858,MINUS,MT,49907,58,44.4158,2.9123,0.3874,0.9402,True
0.4428125023841858,MINUS,MT,51512,104,66.9991,2.6915,0.3882,0.8707,False
0.4428125023841858,MINUS,MT,13316,0,15.1567,2.4518,0.3885,0.7938,False
0.4428125023841858,MINUS,MT,49771,58,44.4158,2.4291,0.3888,0.7869,True
0.4428125023841858,MINUS,MT,51512,104,66.9991,2.6915,0.3888,0.8721,False
0.4428125023841858,MINUS,MT,51531,104,66.9991,2.8874,0.3895,0.9373,False
0.4428125023841858,MINUS,MT,49562,103,66.853,2.916,0.39,0.9477,False
0.4428125023841858,MINUS,MT,49562,103,66.853,2.916,0.3909,0.9499,False
0.4428125023841858,MINUS,MT,49839,58,44.4158,2.2818,0.3909,0.7434,True
0.4428125023841858,MINUS,MT,51550,104,66.9991,2.9783,0.3913,0.9711,False
0.4428125023841858,MINUS,MT,51512,104,66.9991,2.6915,0.3916,0.8782,False
0.4428125023841858,MINUS,MT,51531,104,66.9991,2.8874,0.3919,0.943,False
0.4428125023841858,MINUS,MT,51550,104,66.9991,2.9783,0.3931,0.9757,False
0.4428125023841858,MINUS,MT,5172,1,15.7152,2.7126,0.3938,0.8902,False
0.4428125023841858,MINUS,MT,49600,103,66.853,2.2188,0.3939,0.7283,False
0.4428125023841858,MINUS,MT,4280,42,36.167,2.2075,0.3954,0.7274,True
0.4428125023841858,MINUS,MT,4299,47,38.7529,2.7016,0.3964,0.8924,True
0.4428125023841858,MINUS,MT,4144,42,36.167,2.2099,0.3967,0.7305,True
0.4428125023841858,MINUS,MT,5104,1,15.7152,2.7126,0.3969,0.8971,False
0.4428125023841858,MINUS,MT,5240,1,15.7152,2.1806,0.3983,0.7238,False
0.4428125023841858,MINUS,MT,49610,111,70.5625,2.8849,0.3985,0.958,True
0.4428125023841858,MINUS,MT,4163,47,38.7529,2.1807,0.4001,0.7271,True
0.4428125023841858,MINUS,MT,49572,111,70.5625,2.9799,0.4014,0.9969,True
0.4428125023841858,MINUS,MT,49581,103,66.853,2.8649,0.4027,0.9615,False
0.4428125023841858,MINUS,MT,49600,103,66.853,2.2188,0.4038,0.7466,False
0.4428125023841858,MINUS,MT,49581,103,66.853,2.8649,0.4043,0.9653,False
0.4428125023841858,MINUS,MT,5062,0,15.2472,2.7126,0.4069,0.9198,True
0.4428125023841858,MINUS,MT,5198,0,15.2472,2.7126,0.4073,0.9208,True
0.4428125023841858,MINUS,MT,50166,103,66.7193,2.6915,0.4089,0.9172,False
0.4428125023841858,MINUS,MT,4456,41,35.7046,2.7016,0.4092,0.9213,False
0.4428125023841858,MINUS,MT,4604,41,35.7046,2.7016,0.4102,0.9234,False
0.4428125023841858,MINUS,MT,4530,41,35.7046,2.7016,0.4115,0.9264,False
0.4428125023841858,MINUS,MT,49591,111,70.5625,2.8637,0.4126,0.9846,True
0.4428125023841858,MINUS,MT,49562,103,66.853,2.916,0.4132,1.0041,False
0.4428125023841858,MINUS,MT,13245,0,15.231,2.4348,0.4133,0.8385,False
0.4428125023841858,MINUS,MT,4921,42,36.3843,2.7016,0.4145,0.9332,False
0.4428125023841858,MINUS,MT,49591,111,70.5625,2.8637,0.4147,0.9896,True
0.4428125023841858,MINUS,MT,5130,0,15.2472,2.7126,0.4147,0.9375,True
0.4428125023841858,MINUS,MT,4773,42,36.3843,2.7016,0.4155,0.9355,False
0.4428125023841858,MINUS,MT,13381,0,15.231,2.4354,0.4157,0.8437,False
0.4428125023841858,MINUS,MT,51527,111,70.7611,2.8772,0.4177,1.0014,True
0.4428125023841858,MINUS,MT,13313,0,15.231,2.4302,0.4177,0.8459,False
0.4428125023841858,MINUS,MT,49581,103,66.853,2.8649,0.4178,0.9974,False
0.4428125023841858,MINUS,MT,49581,103,66.853,2.8649,0.418,0.9978,False
0.4428125023841858,MINUS,MT,4847,42,36.3843,2.1051,0.4181,0.7334,False
0.4428125023841858,MINUS,MT,51508,111,70.7611,2.6099,0.4187,0.9107,True
0.4428125023841858,MINUS,MT,51546,111,70.7611,2.855,0.419,0.9968,True
0.4428125023841858,MINUS,MT,12676,0,15.1991,2.4302,0.4203,0.8512,False
0.4428125023841858,MINUS,MT,12812,0,15.1991,2.43,0.4208,0.8521,False
0.4428125023841858,MINUS,MT,12744,0,15.1991,2.43,0.4226,0.8558,False
0.4428125023841858,MINUS,MT,51508,111,70.7611,2.6099,0.4228,0.9195,True
0.4428125023841858,MINUS,MT,51527,111,70.7611,2.8772,0.4235,1.0154,True
0.4428125023841858,MINUS,MC,51041,95,62.8685,2.2995,0.0034,0.0065,True
0.4428125023841858,MINUS,MC,51114,95,62.8685,2.3079,0.0034,0.0066,True
0.4428125023841858,MINUS,MC,50968,95,62.8685,2.3079,0.0034,0.0066,True
0.4428125023841858,MINUS,MC,51039,104,67.0287,2.2893,0.0036,0.0069,True
0.4428125023841858,MINUS,MC,51112,104,67.0287,2.7756,0.0037,0.0085,True
0.4428125023841858,MINUS,MC,50966,104,67.0287,2.6585,0.0037,0.0081,True
0.4428125023841858,MINUS,MC,50964,114,72.3335,2.2777,0.0039,0.0074,True
0.4428125023841858,MINUS,MC,51110,114,72.3335,2.341,0.0039,0.0076,True
0.4428125023841858,MINUS,MC,51037,114,72.3335,2.231,0.0039,0.0072,True
0.4428125023841858,MINUS,MC,13503,95,62.8545,2.2206,0.0039,0.0073,True
0.4428125023841858,MINUS,MC,13430,95,62.8545,1.9564,0.004,0.0064,True
0.4428125023841858,MINUS,MC,13576,95,62.8545,2.2612,0.004,0.0075,True
0.4428125023841858,MINUS,MC,13574,103,66.9913,1.9866,0.0042,0.0069,True
0.4428125023841858,MINUS,MC,13428,103,66.9913,2.3087,0.0042,0.008,True
0.4428125023841858,MINUS,MC,13501,103,66.9913,2.3011,0.0042,0.008,True
0.4428125023841858,MINUS,MC,13572,114,72.2672,1.8479,0.0044,0.0068,True
0.4428125023841858,MINUS,MC,13426,114,72.2672,1.8672,0.0044,0.0069,True
0.4428125023841858,MINUS,MC,13499,114,72.2672,2.2645,0.0044,0.0084,True
0.4428125023841858,MINUS,MC,51054,88,59.2892,2.8974,0.0047,0.0113,True
0.4428125023841858,MINUS,MC,51127,88,59.2892,2.6245,0.0047,0.0103,True
0.4428125023841858,MINUS,MC,50981,88,59.2892,2.7296,0.0047,0.0107,True
0.4428125023841858,MINUS,MC,51035,130,80.447,2.1517,0.0048,0.0085,True
0.4428125023841858,MINUS,MC,50962,130,80.447,2.7437,0.0048,0.0109,True
0.4428125023841858,MINUS,MC,51108,130,80.447,2.1791,0.0048,0.0086,True
0.4428125023841858,MINUS,MC,13516,88,59.2873,2.533,0.0049,0.0103,True
0.4428125023841858,MINUS,MC,13443,88,59.2873,2.5141,0.0049,0.0102,True
0.4428125023841858,MINUS,MC,13589,88,59.2873,2.5141,0.0049,0.0102,True
0.4428125023841858,MINUS,MC,13424,130,80.3059,2.2735,0.0055,0.0104,True
0.4428125023841858,MINUS,MC,13570,130,80.3059,2.0104,0.0055,0.0092,True
0.4428125023841858,MINUS,MC,13497,130,80.3059,2.1772,0.0055,0.0099,True
0.4428125023841858,MINUS,MC,51048,150,90.0,2.0611,0.0062,0.0107,True
0.4428125023841858,MINUS,MC,51121,150,90.0,2.0417,0.0062,0.0106,True
0.4428125023841858,MINUS,MC,50975,150,90.0,2.0417,0.0062,0.0106,True
0.4428125023841858,MINUS,MC,51056,82,56.1356,2.4112,0.0067,0.0135,True
0.4428125023841858,MINUS,MC,50983,82,56.1356,2.5253,0.0067,0.0142,True
0.4428125023841858,MINUS,MC,51129,82,56.1356,2.5253,0.0067,0.0142,True
0.4428125023841858,MINUS,MC,13502,95,62.6101,2.2893,0.007,0.0133,True
0.4428125023841858,MINUS,MC,13518,82,56.1358,2.4822,0.007,0.0145,True
0.4428125023841858,MINUS,MC,13591,82,56.1358,2.4723,0.007,0.0145,True
0.4428125023841858,MINUS,MC,13445,82,56.1358,2.4723,0.007,0.0145,True
0.4428125023841858,MINUS,MC,13581,150,90.0,2.0431,0.007,0.012,True
0.4428125023841858,MINUS,MC,13435,150,90.0,1.8594,0.007,0.0109,True
0.4428125023841858,MINUS,MC,13508,150,90.0,2.2326,0.0071,0.0131,True
0.4428125023841858,MINUS,MC,13429,95,62.6101,2.2893,0.0071,0.0135,True
0.4428125023841858,MINUS,MC,13575,95,62.6101,1.9577,0.0071,0.0116,True
0.4428125023841858,MINUS,MC,13498,112,71.4778,2.1903,0.0073,0.0134,True
0.4428125023841858,MINUS,MC,13571,112,71.4778,2.0956,0.0074,0.0129,True
0.4428125023841858,MINUS,MC,13425,112,71.4778,2.1555,0.0074,0.0133,True
0.4428125023841858,MINUS,MC,13496,129,79.7117,2.1695,0.0076,0.0137,True
0.4428125023841858,MINUS,MC,13423,129,79.7117,2.083,0.0076,0.0131,True
0.4428125023841858,MINUS,MC,13569,129,79.7117,2.358,0.0076,0.0149,True
0.4428125023841858,MINUS,MC,13509,150,90.0,2.4302,0.0077,0.0156,True
0.4428125023841858,MINUS,MC,13442,88,59.1203,2.3311,0.0077,0.015,True
0.4428125023841858,MINUS,MC,13588,88,59.1203,2.3311,0.0077,0.015,True
0.4428125023841858,MINUS,MC,13436,150,90.0,2.4354,0.0077,0.0157,True
0.4428125023841858,MINUS,MC,13582,150,90.0,1.9828,0.0077,0.0128,True
0.4428125023841858,MINUS,MC,13515,88,59.1203,2.3311,0.0077,0.015,True
0.4428125023841858,MINUS,MC,13573,102,66.3541,2.5219,0.0081,0.017,True
0.4428125023841858,MINUS,MC,13427,102,66.3541,2.4356,0.0081,0.0164,True
0.4428125023841858,MINUS,MC,13500,102,66.3541,2.1145,0.0082,0.0144,True
0.4428125023841858,MINUS,MC,13510,150,90.0,2.4354,0.009,0.0182,True
0.4428125023841858,MINUS,MC,13583,150,90.0,2.042,0.009,0.0153,True
0.4428125023841858,MINUS,MC,13437,150,90.0,2.4302,0.009,0.0183,True
0.4428125023841858,MINUS,MC,50976,150,90.0,2.065,0.0094,0.0162,True
0.4428125023841858,MINUS,MC,51122,150,90.0,2.065,0.0094,0.0162,True
0.4428125023841858,MINUS,MC,51049,150,90.0,1.9814,0.0094,0.0155,True
0.4428125023841858,MINUS,MC,13517,81,55.8232,2.4092,0.0094,0.0189,True
0.4428125023841858,MINUS,MC,13444,81,55.8232,2.4092,0.0095,0.0191,True
0.4428125023841858,MINUS,MC,13590,81,55.8232,2.4092,0.0095,0.0191,True
0.4428125023841858,MINUS,MC,13584,150,90.0,1.9881,0.0096,0.016,True
0.4428125023841858,MINUS,MC,13438,150,90.0,2.4354,0.0096,0.0196,True
0.4428125023841858,MINUS,MC,13511,150,90.0,2.4302,0.0097,0.0196,True
0.4428125023841858,MINUS,MC,13512,150,90.0,2.4354,0.0097,0.0197,True
0.4428125023841858,MINUS,MC,13439,150,90.0,2.4302,0.0097,0.0197,True
0.4428125023841858,MINUS,MC,13585,150,90.0,2.4354,0.0097,0.0197,True
0.4428125023841858,MINUS,MC,13513,150,90.0,2.4352,0.0099,0.0201,True
0.4428125023841858,MINUS,MC,13440,150,90.0,2.4519,0.0099,0.0202,True
0.4428125023841858,MINUS,MC,13586,150,90.0,2.4292,0.0099,0.02,True
0.4428125023841858,MINUS,MC,13434,150,90.0,2.4354,0.0105,0.0214,True
0.4428125023841858,MINUS,MC,13580,150,90.0,2.4302,0.0105,0.0213,True
0.4428125023841858,MINUS,MC,13507,150,90.0,2.4302,0.0105,0.0213,True
0.4428125023841858,MINUS,MC,50175,98,64.2937,2.9168,0.0134,0.0326,True
0.4428125023841858,MINUS,MC,50175,98,64.2937,2.9168,0.0134,0.0326,True
0.4428125023841858,MINUS,MC,51058,76,53.4079,2.4124,0.0135,0.0271,True
0.4428125023841858,MINUS,MC,50985,76,53.4079,2.2216,0.0135,0.025,True
0.4428125023841858,MINUS,MC,51131,76,53.4079,1.494,0.0135,0.0168,True
0.4428125023841858,MINUS,MC,50194,98,64.2937,2.9,0.0135,0.0326,True
0.4428125023841858,MINUS,MC,50156,98,64.2937,2.8469,0.0135,0.032,True
0.4428125023841858,MINUS,MC,50175,98,64.2937,2.9168,0.0137,0.0333,True
0.4428125023841858,MINUS,MC,50175,98,64.2937,2.9168,0.0137,0.0333,True
0.4428125023841858,MINUS,MC,50194,98,64.2937,2.9,0.0137,0.0332,True
0.4428125023841858,MINUS,MC,50156,98,64.2937,2.8469,0.0137,0.0326,True
0.4428125023841858,MINUS,MC,50194,98,64.2937,2.9,0.0138,0.0333,True
0.4428125023841858,MINUS,MC,50156,98,64.2937,2.8469,0.0138,0.0327,True
0.4428125023841858,MINUS,MC,13593,76,53.4079,2.4589,0.0139,0.0285,True
0.4428125023841858,MINUS,MC,13447,76,53.4079,2.4589,0.0139,0.0285,True
0.4428125023841858,MINUS,MC,50194,98,64.2937,2.9,0.0139,0.0336,True
0.4428125023841858,MINUS,MC,50156,98,64.2937,2.8469,0.0139,0.033,True
0.4428125023841858,MINUS,MC,13520,76,53.4079,2.2228,0.0139,0.0258,True
0.4428125023841858,MINUS,MC,50175,98,64.2937,2.9168,0.0141,0.0344,True
0.4428125023841858,MINUS,MC,50175,98,64.2937,2.9168,0.0141,0.0344,True
0.4428125023841858,MINUS,MC,50194,98,64.2937,2.9,0.0142,0.0343,True
0.4428125023841858,MINUS,MC,50156,98,64.2937,2.8469,0.0142,0.0336,True
0.4428125023841858,MINUS,MC,50194,98,64.2937,2.9,0.0143,0.0345,True
0.4428125023841858,MINUS,MC,50156,98,64.2937,2.8469,0.0143,0.0338,True
0.4428125023841858,MINUS,MC,50175,98,64.2937,2.9168,0.0145,0.0352,True
0.4428125023841858,MINUS,MC,50175,98,64.2937,2.9168,0.0145,0.0352,True
0.4428125023841858,MINUS,MC,50194,98,64.2937,2.9,0.0145,0.035,True
0.4428125023841858,MINUS,MC,50156,98,64.2937,2.8469,0.0145,0.0344,True
0.4428125023841858,MINUS,MC,50194,98,64.2937,2.9,0.0145,0.035,True
0.4428125023841858,MINUS,MC,50156,98,64.2937,2.8469,0.0145,0.0344,True
0.4428125023841858,MINUS,MC,50177,115,72.9969,2.083,0.0148,0.0257,True
0.4428125023841858,MINUS,MC,50177,115,72.9969,2.083,0.0148,0.0257,True
0.4428125023841858,MINUS,MC,50196,115,72.9969,2.7797,0.0149,0.0344,True
0.4428125023841858,MINUS,MC,50158,115,72.9969,2.5275,0.0149,0.0313,True
0.4428125023841858,MINUS,MC,50158,115,72.9969,2.5275,0.0149,0.0314,True
0.4428125023841858,MINUS,MC,50196,115,72.9969,2.7797,0.0149,0.0346,True
0.4428125023841858,MINUS,MC,13506,150,90.0,2.4354,0.015,0.0304,True
0.4428125023841858,MINUS,MC,13579,150,90.0,2.4354,0.0151,0.0306,True
0.4428125023841858,MINUS,MC,13433,150,90.0,2.4302,0.0151,0.0305,True
0.4428125023841858,MINUS,MC,50176,106,68.1718,2.7228,0.0152,0.0345,True
0.4428125023841858,MINUS,MC,50176,106,68.1718,2.7228,0.0152,0.0345,True
0.4428125023841858,MINUS,MC,50195,106,68.1718,2.7213,0.0153,0.0346,True
0.4428125023841858,MINUS,MC,50157,106,68.1718,2.7146,0.0153,0.0345,True
0.4428125023841858,MINUS,MC,50195,106,68.1718,2.7213,0.0155,0.0351,True
0.4428125023841858,MINUS,MC,50157,106,68.1718,2.7146,0.0155,0.035,True
0.4428125023841858,MINUS,MC,13441,150,90.0,2.076,0.0155,0.0269,True
0.4428125023841858,MINUS,MC,13587,150,90.0,1.7793,0.0155,0.023,True
0.4428125023841858,MINUS,MC,13514,150,90.0,2.2128,0.0155,0.0287,True
0.4428125023841858,MINUS,MC,50177,115,72.9969,2.083,0.0156,0.0271,True
0.4428125023841858,MINUS,MC,50177,115,72.9969,2.083,0.0156,0.0271,True
0.4428125023841858,MINUS,MC,50196,115,72.9969,2.7797,0.0157,0.0363,True
0.4428125023841858,MINUS,MC,50158,115,72.9969,2.5275,0.0157,0.033,True
0.4428125023841858,MINUS,MC,50196,115,72.9969,2.7797,0.0158,0.0367,True
0.4428125023841858,MINUS,MC,50158,115,72.9969,2.5275,0.0158,0.0333,True
0.4428125023841858,MINUS,MC,50176,106,68.1718,2.7228,0.0159,0.0361,True
0.4428125023841858,MINUS,MC,50176,106,68.1718,2.7228,0.0159,0.0361,True
0.4428125023841858,MINUS,MC,50195,106,68.1718,2.7213,0.016,0.0362,True
0.4428125023841858,MINUS,MC,50157,106,68.1718,2.7146,0.016,0.0361,True
0.4428125023841858,MINUS,MC,50157,106,68.1718,2.7146,0.0162,0.0367,True
0.4428125023841858,MINUS,MC,50195,106,68.1718,2.7213,0.0162,0.0368,True
0.4428125023841858,MINUS,MC,51414,98,64.2666,2.9083,0.0163,0.0396,True
0.4428125023841858,MINUS,MC,51414,98,64.2666,2.9083,0.0163,0.0396,True
0.4428125023841858,MINUS,MC,51414,98,64.2666,2.9083,0.0164,0.0396,True
0.4428125023841858,MINUS,MC,51414,98,64.2666,2.9083,0.0164,0.0396,True
0.4428125023841858,MINUS,MC,51395,98,64.2666,2.8426,0.0165,0.0391,True
0.4428125023841858,MINUS,MC,51433,98,64.2666,2.8925,0.0165,0.0398,True
0.4428125023841858,MINUS,MC,50298,86,58.2351,2.8907,0.0165,0.0397,True
0.4428125023841858,MINUS,MC,51395,98,64.2666,2.8426,0.0165,0.0391,True
0.4428125023841858,MINUS,MC,51433,98,64.2666,2.8925,0.0165,0.0398,True
0.4428125023841858,MINUS,MC,50177,115,72.9969,2.083,0.0165,0.0287,True
0.4428125023841858,MINUS,MC,50177,115,72.9969,2.083,0.0165,0.0287,True
0.4428125023841858,MINUS,MC,50158,115,72.9969,2.5275,0.0166,0.035,True
0.4428125023841858,MINUS,MC,50196,115,72.9969,2.7797,0.0166,0.0385,True
0.4428125023841858,MINUS,MC,50254,86,58.2351,2.7428,0.0166,0.038,True
0.4428125023841858,MINUS,MC,50342,86,58.2351,2.886,0.0166,0.04,True
0.4428125023841858,MINUS,MC,50195,106,68.1718,2.7213,0.0167,0.0379,True
0.4428125023841858,MINUS,MC,50157,106,68.1718,2.7146,0.0167,0.0378,True
0.4428125023841858,MINUS,MC,50176,106,68.1718,2.7228,0.0167,0.0379,True
0.4428125023841858,MINUS,MC,50176,106,68.1718,2.7228,0.0167,0.0379,True
0.4428125023841858,MINUS,MC,51395,98,64.2666,2.8426,0.0168,0.0397,True
0.4428125023841858,MINUS,MC,51433,98,64.2666,2.8925,0.0168,0.0404,True
0.4428125023841858,MINUS,MC,51395,98,64.2666,2.8426,0.0168,0.0397,True
0.4428125023841858,MINUS,MC,51433,98,64.2666,2.8925,0.0168,0.0404,True
0.4428125023841858,MINUS,MC,50157,106,68.1718,2.7146,0.0168,0.0379,True
0.4428125023841858,MINUS,MC,50195,106,68.1718,2.7213,0.0168,0.038,True
0.4428125023841858,MINUS,MC,50158,115,72.9969,2.5275,0.0168,0.0355,True
0.4428125023841858,MINUS,MC,50196,115,72.9969,2.7797,0.0169,0.039,True
0.4428125023841858,MINUS,MC,51414,98,64.2666,2.9083,0.0169,0.0411,True
0.4428125023841858,MINUS,MC,51414,98,64.2666,2.9083,0.0169,0.0411,True
0.4428125023841858,MINUS,MC,51414,98,64.2666,2.9083,0.017,0.0411,True
0.4428125023841858,MINUS,MC,51414,98,64.2666,2.9083,0.017,0.0411,True
0.4428125023841858,MINUS,MC,4791,71,50.7634,2.7016,0.017,0.0383,True
0.4428125023841858,MINUS,MC,4939,71,50.7634,2.7016,0.017,0.0384,True
0.4428125023841858,MINUS,MC,51395,98,64.2666,2.8426,0.0171,0.0405,True
0.4428125023841858,MINUS,MC,51433,98,64.2666,2.8925,0.0171,0.0412,True
0.4428125023841858,MINUS,MC,51395,98,64.2666,2.8426,0.0171,0.0406,True
0.4428125023841858,MINUS,MC,51433,98,64.2666,2.8925,0.0171,0.0413,True
0.4428125023841858,MINUS,MC,51433,98,64.2666,2.8925,0.0173,0.0418,True
0.4428125023841858,MINUS,MC,51395,98,64.2666,2.8426,0.0173,0.0411,True
0.4428125023841858,MINUS,MC,51433,98,64.2666,2.8925,0.0173,0.0418,True
0.4428125023841858,MINUS,MC,51395,98,64.2666,2.8426,0.0173,0.0411,True
0.4428125023841858,MINUS,MC,44693,58,44.3851,2.1325,0.0176,0.0312,True
0.4428125023841858,MINUS,MC,50177,115,72.9969,2.083,0.0176,0.0305,True
0.4428125023841858,MINUS,MC,50177,115,72.9969,2.083,0.0176,0.0305,True
0.4428125023841858,MINUS,MC,50157,106,68.1718,2.7146,0.0177,0.0399,True
0.4428125023841858,MINUS,MC,50195,106,68.1718,2.7213,0.0177,0.04,True
0.4428125023841858,MINUS,MC,50176,106,68.1718,2.7228,0.0177,0.0401,True
0.4428125023841858,MINUS,MC,50176,106,68.1718,2.7228,0.0177,0.0401,True
0.4428125023841858,MINUS,MC,50157,106,68.1718,2.7146,0.0177,0.04,True
0.4428125023841858,MINUS,MC,50195,106,68.1718,2.7213,0.0177,0.0402,True
0.4428125023841858,MINUS,MC,50196,115,72.9969,2.7797,0.0177,0.0411,True
0.4428125023841858,MINUS,MC,50158,115,72.9969,2.5275,0.0177,0.0374,True
0.4428125023841858,MINUS,MC,4865,71,50.7634,2.7016,0.0178,0.04,True
0.4428125023841858,MINUS,MC,50196,115,72.9969,2.7797,0.0181,0.042,True
0.4428125023841858,MINUS,MC,50158,115,72.9969,2.5275,0.0181,0.0381,True
0.4428125023841858,MINUS,MC,50193,91,60.9571,2.9123,0.0185,0.0448,True
0.4428125023841858,MINUS,MC,50155,91,60.9571,2.5023,0.0185,0.0385,True
0.4428125023841858,MINUS,MC,50193,91,60.9571,2.9123,0.0185,0.0448,True
0.4428125023841858,MINUS,MC,50155,91,60.9571,2.5023,0.0185,0.0385,True
0.4428125023841858,MINUS,MC,50174,91,60.9571,2.4958,0.0185,0.0386,True
0.4428125023841858,MINUS,MC,50174,91,60.9571,2.4958,0.0185,0.0386,True
0.4428125023841858,MINUS,MC,51415,106,68.0943,2.7832,0.0186,0.0432,True
0.4428125023841858,MINUS,MC,51415,106,68.0943,2.7832,0.0186,0.0432,True
0.4428125023841858,MINUS,MC,51396,106,68.0943,2.2346,0.0186,0.0347,True
0.4428125023841858,MINUS,MC,51434,106,68.0943,2.7756,0.0187,0.0431,True
0.4428125023841858,MINUS,MC,13595,71,50.9849,2.4539,0.0187,0.0383,True
0.4428125023841858,MINUS,MC,13449,71,50.9849,2.4539,0.0187,0.0383,True
0.4428125023841858,MINUS,MC,51434,106,68.0943,2.7756,0.0188,0.0435,True
0.4428125023841858,MINUS,MC,51396,106,68.0943,2.2346,0.0188,0.0351,True
0.4428125023841858,MINUS,MC,50987,71,50.9851,2.2188,0.019,0.0351,True
0.4428125023841858,MINUS,MC,51133,71,50.9851,2.4581,0.019,0.0389,True
0.4428125023841858,MINUS,MC,13522,71,50.9849,2.4818,0.019,0.0393,True
0.4428125023841858,MINUS,MC,51435,115,72.796,2.1791,0.0192,0.0348,True
0.4428125023841858,MINUS,MC,51397,115,72.796,2.0635,0.0192,0.0329,True
0.4428125023841858,MINUS,MC,51060,71,50.9851,2.4141,0.0192,0.0387,True
0.4428125023841858,MINUS,MC,32713,86,58.2124,2.8896,0.0192,0.0463,True
0.4428125023841858,MINUS,MC,51397,115,72.796,2.0635,0.0193,0.0332,True
0.4428125023841858,MINUS,MC,51435,115,72.796,2.1791,0.0193,0.0351,True
0.4428125023841858,MINUS,MC,51415,106,68.0943,2.7832,0.0193,0.0448,True
0.4428125023841858,MINUS,MC,51415,106,68.0943,2.7832,0.0193,0.0448,True
0.4428125023841858,MINUS,MC,51396,106,68.0943,2.2346,0.0193,0.036,True
0.4428125023841858,MINUS,MC,51434,106,68.0943,2.7756,0.0193,0.0447,True
0.4428125023841858,MINUS,MC,51416,115,72.796,2.6439,0.0194,0.0427,True
0.4428125023841858,MINUS,MC,51416,115,72.796,2.6439,0.0194,0.0427,True
0.4428125023841858,MINUS,MC,32757,86,58.2124,2.8979,0.0194,0.0468,True
0.4428125023841858,MINUS,MC,32669,86,58.2124,2.8979,0.0194,0.0468,True
0.4428125023841858,MINUS,MC,50155,91,60.9571,2.5023,0.0194,0.0405,True
0.4428125023841858,MINUS,MC,50193,91,60.9571,2.9123,0.0194,0.0471,True
0.4428125023841858,MINUS,MC,50193,91,60.9571,2.9123,0.0194,0.0472,True
0.4428125023841858,MINUS,MC,50155,91,60.9571,2.5023,0.0194,0.0405,True
0.4428125023841858,MINUS,MC,51434,106,68.0943,2.7756,0.0195,0.0451,True
0.4428125023841858,MINUS,MC,51396,106,68.0943,2.2346,0.0195,0.0363,True
0.4428125023841858,MINUS,MC,50174,91,60.9571,2.4958,0.0195,0.0406,True
0.4428125023841858,MINUS,MC,50174,91,60.9571,2.4958,0.0195,0.0406,True
0.4428125023841858,MINUS,MC,51396,106,68.0943,2.2346,0.0202,0.0377,True
0.4428125023841858,MINUS,MC,51434,106,68.0943,2.7756,0.0202,0.0468,True
0.4428125023841858,MINUS,MC,51434,106,68.0943,2.7756,0.0202,0.0468,True
0.4428125023841858,MINUS,MC,51396,106,68.0943,2.2346,0.0203,0.0377,True
0.4428125023841858,MINUS,MC,50155,91,60.9571,2.5023,0.0203,0.0422,True
0.4428125023841858,MINUS,MC,50193,91,60.9571,2.9123,0.0203,0.0492,True
0.4428125023841858,MINUS,MC,51415,106,68.0943,2.7832,0.0203,0.047,True
0.4428125023841858,MINUS,MC,50193,91,60.9571,2.9123,0.0203,0.0492,True
0.4428125023841858,MINUS,MC,50155,91,60.9571,2.5023,0.0203,0.0423,True
0.4428125023841858,MINUS,MC,51415,106,68.0943,2.7832,0.0203,0.047,True
0.4428125023841858,MINUS,MC,51435,115,72.796,2.1791,0.0203,0.0369,True
0.4428125023841858,MINUS,MC,51397,115,72.796,2.0635,0.0203,0.0349,True
0.4428125023841858,MINUS,MC,51416,115,72.796,2.6439,0.0203,0.0448,True
0.4428125023841858,MINUS,MC,51397,115,72.796,2.0635,0.0203,0.0349,True
0.4428125023841858,MINUS,MC,51416,115,72.796,2.6439,0.0203,0.0448,True
0.4428125023841858,MINUS,MC,51435,115,72.796,2.1791,0.0203,0.0369,True
0.4428125023841858,MINUS,MC,50174,91,60.9571,2.4958,0.0203,0.0423,True
0.4428125023841858,MINUS,MC,50174,91,60.9571,2.4958,0.0203,0.0423,True
0.4428125023841858,MINUS,MC,51434,106,68.0943,2.7756,0.021,0.0486,True
0.4428125023841858,MINUS,MC,51396,106,68.0943,2.2346,0.021,0.0391,True
0.4428125023841858,MINUS,MC,51396,106,68.0943,2.2346,0.0211,0.0392,True
0.4428125023841858,MINUS,MC,51434,106,68.0943,2.7756,0.0211,0.0487,True
0.4428125023841858,MINUS,MC,51415,106,68.0943,2.7832,0.0211,0.049,True
0.4428125023841858,MINUS,MC,51415,106,68.0943,2.7832,0.0211,0.049,True
0.4428125023841858,MINUS,MC,50193,91,60.9571,2.9123,0.0212,0.0514,True
0.4428125023841858,MINUS,MC,50155,91,60.9571,2.5023,0.0212,0.0442,True
0.4428125023841858,MINUS,MC,50174,91,60.9571,2.4958,0.0212,0.0441,True
0.4428125023841858,MINUS,MC,50174,91,60.9571,2.4958,0.0212,0.0441,True
0.4428125023841858,MINUS,MC,50155,91,60.9571,2.5023,0.0212,0.0443,True
0.4428125023841858,MINUS,MC,50193,91,60.9571,2.9123,0.0212,0.0516,True
0.4428125023841858,MINUS,MC,4940,70,50.2474,2.7016,0.0214,0.0481,True
0.4428125023841858,MINUS,MC,4792,70,50.2474,2.1416,0.0214,0.0381,True
0.4428125023841858,MINUS,MC,51435,115,72.796,2.1791,0.0219,0.0397,True
0.4428125023841858,MINUS,MC,13592,76,53.0329,2.231,0.0219,0.0406,True
0.4428125023841858,MINUS,MC,13446,76,53.0329,2.2149,0.0219,0.0404,True
0.4428125023841858,MINUS,MC,51397,115,72.796,2.0635,0.0219,0.0376,True
0.4428125023841858,MINUS,MC,51057,81,55.7776,2.4143,0.0219,0.0441,True
0.4428125023841858,MINUS,MC,51397,115,72.796,2.0635,0.0219,0.0377,True
0.4428125023841858,MINUS,MC,51435,115,72.796,2.1791,0.022,0.0399,True
0.4428125023841858,MINUS,MC,51416,115,72.796,2.6439,0.022,0.0485,True
0.4428125023841858,MINUS,MC,51416,115,72.796,2.6439,0.022,0.0485,True
0.4428125023841858,MINUS,MC,13519,76,53.0329,2.2234,0.022,0.0408,True
0.4428125023841858,MINUS,MC,4866,70,50.2474,2.7016,0.0222,0.0499,True
0.4428125023841858,MINUS,MC,4622,68,49.4325,2.7016,0.0222,0.05,True
0.4428125023841858,MINUS,MC,4474,68,49.4325,2.7016,0.0222,0.05,True
0.4428125023841858,MINUS,MC,51130,81,55.7776,2.4143,0.0222,0.0447,True
0.4428125023841858,MINUS,MC,50984,81,55.7776,2.4143,0.0222,0.0447,True
0.4428125023841858,MINUS,MC,13505,150,90.0,2.4518,0.0224,0.0459,True
0.4428125023841858,MINUS,MC,13432,150,90.0,2.4518,0.0225,0.0459,True
0.4428125023841858,MINUS,MC,13578,150,90.0,2.4346,0.0225,0.0456,True
0.4428125023841858,MINUS,MC,51394,91,60.9458,2.8479,0.0229,0.0544,True
0.4428125023841858,MINUS,MC,51432,91,60.9458,2.6371,0.0229,0.0504,True
0.4428125023841858,MINUS,MC,51394,91,60.9458,2.8479,0.0229,0.0544,True
0.4428125023841858,MINUS,MC,51432,91,60.9458,2.6371,0.0229,0.0504,True
0.4428125023841858,MINUS,MC,51413,91,60.9458,2.6339,0.023,0.0504,True
0.4428125023841858,MINUS,MC,51413,91,60.9458,2.6339,0.023,0.0505,True
0.4428125023841858,MINUS,MC,4548,68,49.4325,2.7016,0.0232,0.0523,True
0.4428125023841858,MINUS,MC,51416,115,72.796,2.6439,0.0233,0.0514,True
0.4428125023841858,MINUS,MC,51416,115,72.796,2.6439,0.0233,0.0514,True
0.4428125023841858,MINUS,MC,51397,115,72.796,2.0635,0.0233,0.0402,True
0.4428125023841858,MINUS,MC,51435,115,72.796,2.1791,0.0234,0.0424,True
0.4428125023841858,MINUS,MC,51435,115,72.796,2.1791,0.0234,0.0426,True
0.4428125023841858,MINUS,MC,51397,115,72.796,2.0635,0.0235,0.0403,True
0.4428125023841858,MINUS,MC,51432,91,60.9458,2.6371,0.0238,0.0522,True
0.4428125023841858,MINUS,MC,51394,91,60.9458,2.8479,0.0238,0.0564,True
0.4428125023841858,MINUS,MC,51394,91,60.9458,2.8479,0.0238,0.0564,True
0.4428125023841858,MINUS,MC,51432,91,60.9458,2.6371,0.0238,0.0523,True
0.4428125023841858,MINUS,MC,51413,91,60.9458,2.6339,0.0239,0.0524,True
0.4428125023841858,MINUS,MC,51413,91,60.9458,2.6339,0.0239,0.0524,True
0.4428125023841858,MINUS,MC,51128,88,59.0992,2.4102,0.0247,0.0495,True
0.4428125023841858,MINUS,MC,50982,88,59.0992,2.7289,0.0247,0.0561,True
0.4428125023841858,MINUS,MC,51055,88,59.0992,2.9041,0.0247,0.0597,True
0.4428125023841858,MINUS,MC,51394,91,60.9458,2.8479,0.0252,0.0598,True
0.4428125023841858,MINUS,MC,51432,91,60.9458,2.6371,0.0252,0.0553,True
0.4428125023841858,MINUS,MC,51432,91,60.9458,2.6371,0.0252,0.0553,True
0.4428125023841858,MINUS,MC,51394,91,60.9458,2.8479,0.0252,0.0598,True
0.4428125023841858,MINUS,MC,51413,91,60.9458,2.6339,0.0253,0.0554,True
0.4428125023841858,MINUS,MC,51413,91,60.9458,2.6339,0.0253,0.0554,True
0.4428125023841858,MINUS,MC,4864,66,48.021,2.7016,0.0254,0.0571,True
0.4428125023841858,MINUS,MC,48889,23,26.686,2.7961,0.0254,0.0593,True
0.4428125023841858,MINUS,MC,4938,66,48.021,2.7016,0.0256,0.0577,True
0.4428125023841858,MINUS,MC,4790,66,48.021,2.1542,0.0256,0.046,True
0.4428125023841858,MINUS,MC,51394,91,60.9458,2.8479,0.0259,0.0614,True
0.4428125023841858,MINUS,MC,51432,91,60.9458,2.6371,0.0259,0.0569,True
0.4428125023841858,MINUS,MC,51413,91,60.9458,2.6339,0.0259,0.0569,True
0.4428125023841858,MINUS,MC,51413,91,60.9458,2.6339,0.0259,0.0569,True
0.4428125023841858,MINUS,MC,51432,91,60.9458,2.6371,0.0259,0.057,True
0.4428125023841858,MINUS,MC,51394,91,60.9458,2.8479,0.0259,0.0616,True
0.4428125023841858,MINUS,MC,5164,0,15.3983,2.7126,0.0262,0.0592,True
0.4428125023841858,MINUS,MC,51042,95,62.6028,2.3328,0.0262,0.051,True
0.4428125023841858,MINUS,MC,5096,0,15.3983,2.7126,0.0263,0.0594,True
0.4428125023841858,MINUS,MC,5232,0,15.3983,2.7126,0.0263,0.0594,True
0.4428125023841858,MINUS,MC,48821,23,26.686,2.8904,0.0264,0.0635,True
0.4428125023841858,MINUS,MC,48957,23,26.686,2.7138,0.0264,0.0596,True
0.4428125023841858,MINUS,MC,50296,81,55.9619,2.7936,0.0265,0.0616,True
0.4428125023841858,MINUS,MC,50252,81,55.9619,2.2188,0.0265,0.049,True
0.4428125023841858,MINUS,MC,50340,81,55.9619,2.7995,0.0265,0.0619,True
0.4428125023841858,MINUS,MC,51115,95,62.6028,2.3835,0.0266,0.0529,True
0.4428125023841858,MINUS,MC,50969,95,62.6028,2.3328,0.0266,0.0518,True
0.4428125023841858,MINUS,MC,4789,66,48.4306,2.7016,0.0271,0.0609,True
0.4428125023841858,MINUS,MC,4937,66,48.4306,2.7016,0.0271,0.0609,True
0.4428125023841858,MINUS,MC,4863,66,48.4306,2.7016,0.0273,0.0613,True
0.4428125023841858,MINUS,MC,51123,150,90.0,1.9784,0.0273,0.045,True
0.4428125023841858,MINUS,MC,50977,150,90.0,1.9784,0.0273,0.045,True
0.4428125023841858,MINUS,MC,51050,150,90.0,1.9566,0.0273,0.0445,True
0.4428125023841858,MINUS,MC,44625,58,44.3851,2.9878,0.0275,0.0685,True
0.4428125023841858,MINUS,MC,44761,58,44.3851,2.1326,0.0275,0.0489,True
0.4428125023841858,MINUS,MC,4867,76,53.4555,2.7016,0.0284,0.0638,True
0.4428125023841858,MINUS,MC,4793,76,53.4555,2.7016,0.0284,0.0639,True
0.4428125023841858,MINUS,MC,4941,76,53.4555,2.7016,0.0284,0.0639,True
0.4428125023841858,MINUS,MC,5162,0,15.3615,2.0158,0.0285,0.0479,True
0.4428125023841858,MINUS,MC,3752,46,38.257,2.1321,0.0286,0.0508,True
0.4428125023841858,MINUS,MC,5094,0,15.3615,2.0299,0.029,0.0491,True
0.4428125023841858,MINUS,MC,5230,0,15.3615,2.207,0.029,0.0534,True
0.4428125023841858,MINUS,MC,3819,46,38.2436,2.7016,0.0292,0.0658,True
0.4428125023841858,MINUS,MC,3683,46,38.2436,2.2506,0.0292,0.0548,True
0.4428125023841858,MINUS,MC,3684,46,38.257,2.1485,0.0293,0.0525,True
0.4428125023841858,MINUS,MC,3820,46,38.257,2.1486,0.0293,0.0525,True
0.4428125023841858,MINUS,MC,13597,67,48.8093,2.4171,0.0295,0.0594,True
0.4428125023841858,MINUS,MC,13451,67,48.8093,2.4171,0.0295,0.0594,True
0.4428125023841858,MINUS,MC,13524,67,48.8093,2.1338,0.0296,0.0527,True
0.4428125023841858,MINUS,MC,4788,61,45.9681,2.1542,0.0298,0.0534,True
0.4428125023841858,MINUS,MC,4936,61,45.9681,2.7016,0.0298,0.067,True
0.4428125023841858,MINUS,MC,4862,61,45.9681,2.7016,0.0299,0.0674,True
0.4428125023841858,MINUS,MC,4783,55,42.8393,2.207,0.0306,0.0563,True
0.4428125023841858,MINUS,MC,4931,55,42.8393,2.207,0.0306,0.0563,True
0.4428125023841858,MINUS,MC,50989,67,48.8093,2.2188,0.0309,0.0571,True
0.4428125023841858,MINUS,MC,51135,67,48.8093,2.4509,0.0309,0.0631,True
0.4428125023841858,MINUS,MC,32755,81,55.9192,2.7974,0.0309,0.072,True
0.4428125023841858,MINUS,MC,32711,81,55.9192,2.79,0.0309,0.0719,True
0.4428125023841858,MINUS,MC,32667,81,55.9192,2.7974,0.0309,0.072,True
0.4428125023841858,MINUS,MC,51062,67,48.8093,2.417,0.031,0.0624,True
0.4428125023841858,MINUS,MC,4857,55,42.8393,2.7016,0.0311,0.0701,True
0.4428125023841858,MINUS,MC,49431,23,26.6834,2.6144,0.0314,0.0683,False
0.4428125023841858,MINUS,MC,49295,23,26.6834,2.6736,0.0314,0.0699,False
0.4428125023841858,MINUS,MC,49363,23,26.6834,2.7142,0.0314,0.071,False
0.4428125023841858,MINUS,MC,4473,67,48.9538,2.7016,0.0316,0.0711,True
0.4428125023841858,MINUS,MC,4621,67,48.9538,2.7016,0.0316,0.0711,True
0.4428125023841858,MINUS,MC,13577,150,90.0,2.4302,0.0318,0.0645,True
0.4428125023841858,MINUS,MC,13431,150,90.0,2.4302,0.0318,0.0645,True
0.4428125023841858,MINUS,MC,13504,150,90.0,2.4354,0.0319,0.0648,True
0.4428125023841858,MINUS,MC,4225,46,38.2992,2.1629,0.0324,0.0583,False
0.4428125023841858,MINUS,MC,49365,23,26.7518,2.7166,0.0326,0.0739,False
0.4428125023841858,MINUS,MC,13594,71,50.5979,2.4163,0.0329,0.0662,True
0.4428125023841858,MINUS,MC,13448,71,50.5979,1.9881,0.0329,0.0544,True
0.4428125023841858,MINUS,MC,4157,46,38.2992,2.1798,0.0329,0.0597,False
0.4428125023841858,MINUS,MC,4293,46,38.2992,2.1798,0.0329,0.0597,False
0.4428125023841858,MINUS,MC,4547,67,48.9538,2.7016,0.033,0.0744,True
0.4428125023841858,MINUS,MC,48891,23,26.7541,2.6842,0.0331,0.0741,True
0.4428125023841858,MINUS,MC,13521,71,50.5979,2.5782,0.0332,0.0713,True
0.4428125023841858,MINUS,MC,49433,23,26.7518,2.7436,0.0334,0.0764,False
0.4428125023841858,MINUS,MC,49297,23,26.7518,2.1486,0.0334,0.0598,False
0.4428125023841858,MINUS,MC,51285,0,15.3753,2.7368,0.0337,0.0769,False
0.4428125023841858,MINUS,MC,51353,0,15.3753,2.2328,0.0338,0.0629,False
0.4428125023841858,MINUS,MC,51217,0,15.3753,2.2558,0.0338,0.0636,False
0.4428125023841858,MINUS,MC,50250,77,53.8405,2.2188,0.0339,0.0627,True
0.4428125023841858,MINUS,MC,50338,77,53.8405,2.848,0.0339,0.0805,True
0.4428125023841858,MINUS,MC,48823,23,26.7541,2.7041,0.034,0.0765,True
0.4428125023841858,MINUS,MC,48959,23,26.7541,2.7041,0.034,0.0765,True
0.4428125023841858,MINUS,MC,4787,62,46.3499,2.2099,0.034,0.0627,True
0.4428125023841858,MINUS,MC,4935,62,46.3499,2.2099,0.0341,0.0627,True
0.4428125023841858,MINUS,MC,51047,150,90.0,2.3149,0.0341,0.0659,True
0.4428125023841858,MINUS,MC,4545,63,46.8584,2.7016,0.0343,0.0771,True
0.4428125023841858,MINUS,MC,4861,62,46.3499,2.2099,0.0344,0.0634,True
0.4428125023841858,MINUS,MC,4781,52,41.3995,2.207,0.0345,0.0634,True
0.4428125023841858,MINUS,MC,4929,52,41.3995,2.207,0.0345,0.0634,True
0.4428125023841858,MINUS,MC,4471,63,46.8584,2.1542,0.0345,0.062,True
0.4428125023841858,MINUS,MC,4619,63,46.8584,2.7016,0.0345,0.0778,True
0.4428125023841858,MINUS,MC,51120,150,90.0,2.3055,0.0346,0.0664,True
0.4428125023841858,MINUS,MC,50974,150,90.0,2.3055,0.0346,0.0664,True
0.4428125023841858,MINUS,MC,50294,77,53.8405,2.3328,0.0346,0.0673,True
0.4428125023841858,MINUS,MC,4620,64,47.2157,2.7016,0.0346,0.0779,True
0.4428125023841858,MINUS,MC,4472,64,47.2157,2.7016,0.0346,0.0779,True
0.4428125023841858,MINUS,MC,4546,64,47.2157,2.7016,0.0347,0.0782,True
0.4428125023841858,MINUS,MC,36908,11,20.8448,2.7489,0.0349,0.0799,True
0.4428125023841858,MINUS,MC,4855,52,41.3995,2.2071,0.035,0.0643,True
0.4428125023841858,MINUS,MC,4614,53,41.8966,2.2072,0.035,0.0644,True
0.4428125023841858,MINUS,MC,4466,53,41.8966,2.2102,0.035,0.0645,True
0.4428125023841858,MINUS,MC,36976,11,20.8448,2.7513,0.0352,0.0808,False
0.4428125023841858,MINUS,MC,36840,11,20.8448,2.6925,0.0352,0.0791,False
0.4428125023841858,MINUS,MC,36842,11,20.8915,2.5358,0.0354,0.0749,True
0.4428125023841858,MINUS,MC,36978,11,20.8915,2.5358,0.0354,0.0749,True
0.4428125023841858,MINUS,MC,36910,11,20.8915,2.5115,0.0356,0.0744,True
0.4428125023841858,MINUS,MC,4540,53,41.8966,2.207,0.0357,0.0656,True
0.4428125023841858,MINUS,MC,3751,46,38.2436,2.7016,0.0366,0.0823,True
0.4428125023841858,MINUS,MC,3754,46,38.3478,2.1895,0.0367,0.067,True
0.4428125023841858,MINUS,MC,48958,23,26.6816,2.7012,0.037,0.0832,False
0.4428125023841858,MINUS,MC,48822,23,26.6816,2.9129,0.037,0.0898,False
0.4428125023841858,MINUS,MC,51046,150,90.0,2.1994,0.0373,0.0684,True
0.4428125023841858,MINUS,MC,4617,59,44.9094,2.7016,0.0376,0.0846,True
0.4428125023841858,MINUS,MC,4469,59,44.9094,2.1542,0.0376,0.0674,True
0.4428125023841858,MINUS,MC,50159,130,80.4694,2.4011,0.0376,0.0752,True
0.4428125023841858,MINUS,MC,50197,130,80.4694,2.497,0.0376,0.0782,True
0.4428125023841858,MINUS,MC,3686,46,38.3478,2.195,0.0377,0.0689,True
0.4428125023841858,MINUS,MC,3822,46,38.3478,2.195,0.0377,0.0689,True
0.4428125023841858,MINUS,MC,4543,59,44.9094,2.7016,0.0377,0.085,True
0.4428125023841858,MINUS,MC,32753,77,53.7968,2.8039,0.0379,0.0887,True
0.4428125023841858,MINUS,MC,32665,77,53.7968,2.8039,0.038,0.0887,True
0.4428125023841858,MINUS,MC,48960,23,26.7493,2.7412,0.0381,0.087,False
0.4428125023841858,MINUS,MC,48824,23,26.7493,2.7412,0.0381,0.087,False
0.4428125023841858,MINUS,MC,48890,23,26.6816,2.6492,0.0382,0.0844,False
0.4428125023841858,MINUS,MC,4550,74,52.003,2.7016,0.0383,0.0863,True
0.4428125023841858,MINUS,MC,4624,74,52.003,2.7016,0.0383,0.0863,True
0.4428125023841858,MINUS,MC,4476,74,52.003,2.7016,0.0383,0.0863,True
0.4428125023841858,MINUS,MC,48892,23,26.7493,2.7004,0.0384,0.0865,False
0.4428125023841858,MINUS,MC,51119,150,90.0,2.2442,0.0385,0.0721,True
0.4428125023841858,MINUS,MC,50973,150,90.0,2.7898,0.0385,0.0896,True
0.4428125023841858,MINUS,MC,32709,77,53.7968,2.8003,0.0387,0.0902,True
0.4428125023841858,MINUS,MC,51283,0,15.3341,2.2188,0.0391,0.0722,False
0.4428125023841858,MINUS,MC,5095,0,15.4092,2.2099,0.0394,0.0725,True
0.4428125023841858,MINUS,MC,5231,0,15.4092,2.2099,0.0394,0.0725,True
0.4428125023841858,MINUS,MC,51351,0,15.3341,2.2216,0.0394,0.073,False
0.4428125023841858,MINUS,MC,51215,0,15.3341,2.2188,0.0394,0.0729,False
0.4428125023841858,MINUS,MC,4612,51,40.5184,2.7016,0.0394,0.0888,True
0.4428125023841858,MINUS,MC,4464,51,40.5184,2.2103,0.0394,0.0726,True
0.4428125023841858,MINUS,MC,4784,54,42.4732,2.207,0.0395,0.0726,True
0.4428125023841858,MINUS,MC,4932,54,42.4732,2.2099,0.0395,0.0727,True
0.4428125023841858,MINUS,MC,5163,0,15.4092,2.7126,0.0396,0.0895,True
0.4428125023841858,MINUS,MC,49364,23,26.6992,2.6901,0.0397,0.0891,False
0.4428125023841858,MINUS,MC,4538,51,40.5184,2.1105,0.04,0.0703,True
0.4428125023841858,MINUS,MC,51036,129,79.6937,2.156,0.04,0.0719,True
0.4428125023841858,MINUS,MC,51109,129,79.6937,2.156,0.0401,0.0721,True
0.4428125023841858,MINUS,MC,50963,129,79.6937,2.156,0.0402,0.0722,True
0.4428125023841858,MINUS,MC,49296,23,26.6992,2.2263,0.0403,0.0747,False
0.4428125023841858,MINUS,MC,49432,23,26.6992,2.7091,0.0403,0.091,False
0.4428125023841858,MINUS,MC,4858,54,42.4732,2.207,0.0403,0.0742,True
0.4428125023841858,MINUS,MC,36469,11,20.8884,2.7095,0.0406,0.0918,False
0.4428125023841858,MINUS,MC,36977,11,20.8594,2.3443,0.0408,0.0797,False
0.4428125023841858,MINUS,MC,13599,63,46.8335,2.4354,0.0408,0.0828,True
0.4428125023841858,MINUS,MC,13453,63,46.8335,2.2281,0.0408,0.0757,True
0.4428125023841858,MINUS,MC,36841,11,20.8594,2.3443,0.0408,0.0797,False
0.4428125023841858,MINUS,MC,36537,11,20.8884,2.7142,0.0408,0.0924,False
0.4428125023841858,MINUS,MC,36401,11,20.8884,2.7142,0.0409,0.0925,False
0.4428125023841858,MINUS,MC,13526,63,46.8335,2.4697,0.0409,0.0842,True
0.4428125023841858,MINUS,MC,4618,60,45.2406,2.7016,0.0412,0.0927,True
0.4428125023841858,MINUS,MC,4470,60,45.2406,2.7016,0.0412,0.0927,True
0.4428125023841858,MINUS,MC,36909,11,20.8594,2.5156,0.0414,0.0867,False
0.4428125023841858,MINUS,MC,50159,130,80.4694,2.4011,0.0415,0.083,True
0.4428125023841858,MINUS,MC,50197,130,80.4694,2.497,0.0415,0.0863,True
0.4428125023841858,MINUS,MC,4544,60,45.2406,2.2071,0.0416,0.0766,True
0.4428125023841858,MINUS,MC,36536,11,20.9014,2.4724,0.0423,0.0872,False
0.4428125023841858,MINUS,MC,36400,11,20.9014,2.4724,0.0423,0.0872,False
0.4428125023841858,MINUS,MC,36468,11,20.9014,2.7133,0.0424,0.0958,False
0.4428125023841858,MINUS,MC,4613,53,41.5628,2.2101,0.0428,0.0788,True
0.4428125023841858,MINUS,MC,4465,53,41.5628,2.2073,0.0428,0.0787,True
0.4428125023841858,MINUS,MC,50178,130,80.4694,2.493,0.0435,0.0904,True
0.4428125023841858,MINUS,MC,50178,130,80.4694,2.493,0.0435,0.0904,True
0.4428125023841858,MINUS,MC,36534,11,20.8558,2.6948,0.0436,0.0979,False
0.4428125023841858,MINUS,MC,36398,11,20.8558,2.8978,0.0436,0.1053,False
0.4428125023841858,MINUS,MC,4539,53,41.5628,2.2112,0.0437,0.0805,True
0.4428125023841858,MINUS,MC,50991,63,46.8332,2.8121,0.0439,0.1028,True
0.4428125023841858,MINUS,MC,51137,63,46.8332,2.4455,0.0439,0.0894,True
0.4428125023841858,MINUS,MC,51064,63,46.8332,2.4205,0.044,0.0887,True
0.4428125023841858,MINUS,MC,36979,11,20.9056,2.7896,0.0442,0.1027,False
0.4428125023841858,MINUS,MC,36843,11,20.9056,2.7896,0.0442,0.1027,False
0.4428125023841858,MINUS,MC,51086,34,32.404,2.442,0.0443,0.0901,True
0.4428125023841858,MINUS,MC,51013,34,32.404,2.9705,0.0443,0.1097,True
0.4428125023841858,MINUS,MC,51159,34,32.404,2.2699,0.0443,0.0839,True
0.4428125023841858,MINUS,MC,36911,11,20.9056,2.6929,0.0444,0.0995,False
0.4428125023841858,MINUS,MC,13548,34,32.4044,2.0351,0.0446,0.0756,True
0.4428125023841858,MINUS,MC,13621,34,32.4044,2.3292,0.0447,0.0867,True
0.4428125023841858,MINUS,MC,13475,34,32.4044,2.3292,0.0447,0.0867,True
0.4428125023841858,MINUS,MC,36466,11,20.8558,2.5089,0.0447,0.0934,False
0.4428125023841858,MINUS,MC,48894,23,26.842,2.7266,0.0457,0.1038,False
0.4428125023841858,MINUS,MC,5161,0,15.3758,2.207,0.0462,0.085,True
0.4428125023841858,MINUS,MC,50197,130,80.4694,2.497,0.0462,0.0962,True
0.4428125023841858,MINUS,MC,50159,130,80.4694,2.4011,0.0462,0.0925,True
0.4428125023841858,MINUS,MC,5093,0,15.3758,2.207,0.0464,0.0854,True
0.4428125023841858,MINUS,MC,5229,0,15.3758,2.2071,0.0464,0.0854,True
0.4428125023841858,MINUS,MC,4294,46,38.3052,2.238,0.0466,0.0869,False
0.4428125023841858,MINUS,MC,4158,46,38.3052,2.238,0.0466,0.0869,False
0.4428125023841858,MINUS,MC,4226,46,38.3052,2.2417,0.0466,0.0871,False
0.4428125023841858,MINUS,MC,13525,62,46.4859,2.1787,0.0469,0.0851,True
0.4428125023841858,MINUS,MC,48962,23,26.842,2.717,0.0474,0.1074,False
0.4428125023841858,MINUS,MC,48826,23,26.842,2.8976,0.0475,0.1146,False
0.4428125023841858,MINUS,MC,51111,112,71.443,2.2772,0.0475,0.0901,True
0.4428125023841858,MINUS,MC,50965,112,71.443,2.2772,0.0475,0.0901,True
0.4428125023841858,MINUS,MC,50159,130,80.4694,2.4011,0.0479,0.0957,True
0.4428125023841858,MINUS,MC,50197,130,80.4694,2.497,0.0479,0.0996,True
0.4428125023841858,MINUS,MC,13452,62,46.4859,1.8936,0.048,0.0758,True
0.4428125023841858,MINUS,MC,13598,62,46.4859,2.4202,0.048,0.0968,True
0.4428125023841858,MINUS,MC,36471,11,20.9592,2.7295,0.0485,0.1102,True
0.4428125023841858,MINUS,MC,36539,11,20.9592,2.7599,0.0487,0.112,True
0.4428125023841858,MINUS,MC,36403,11,20.9592,2.7599,0.0488,0.1123,True
0.4428125023841858,MINUS,MC,51038,112,71.443,2.3046,0.0492,0.0945,True
0.4428125023841858,MINUS,MC,5166,0,15.4534,2.7126,0.0497,0.1124,True
0.4428125023841858,MINUS,MC,50159,130,80.4694,2.4011,0.0498,0.0996,True
0.4428125023841858,MINUS,MC,50197,130,80.4694,2.497,0.0498,0.1036,True
0.4428125023841858,MINUS,MC,5098,0,15.4534,2.7126,0.0499,0.1128,True
0.4428125023841858,MINUS,MC,5234,0,15.4534,2.7126,0.0499,0.1128,True
0.4428125023841858,MINUS,MC,36470,11,20.9709,2.7636,0.0503,0.1159,False
0.4428125023841858,MINUS,MC,4942,75,52.6595,2.7016,0.0505,0.1136,True
0.4428125023841858,MINUS,MC,4794,75,52.6595,2.7016,0.0505,0.1136,True
0.4428125023841858,MINUS,MC,51436,129,79.8999,2.5333,0.0505,0.1066,True
0.4428125023841858,MINUS,MC,51398,129,79.8999,2.5046,0.0505,0.1054,True
0.4428125023841858,MINUS,MC,4859,58,44.4751,2.2099,0.0506,0.0932,True
0.4428125023841858,MINUS,MC,50159,130,80.4694,2.4011,0.0513,0.1027,True
0.4428125023841858,MINUS,MC,50197,130,80.4694,2.497,0.0513,0.1068,True
0.4428125023841858,MINUS,MC,36538,11,20.9709,2.7655,0.0515,0.1187,False
0.4428125023841858,MINUS,MC,36402,11,20.9709,2.7655,0.0516,0.1188,False
0.4428125023841858,MINUS,MC,50178,130,80.4694,2.493,0.0517,0.1075,True
0.4428125023841858,MINUS,MC,50178,130,80.4694,2.493,0.0518,0.1075,True
0.4428125023841858,MINUS,MC,13450,66,48.4288,2.2227,0.0518,0.096,True
0.4428125023841858,MINUS,MC,13596,66,48.4288,2.4183,0.0518,0.1044,True
0.4428125023841858,MINUS,MC,4785,58,44.4751,2.2099,0.052,0.0957,True
0.4428125023841858,MINUS,MC,4933,58,44.4751,2.7016,0.052,0.117,True
0.4428125023841858,MINUS,MC,4295,46,38.4178,2.2101,0.0521,0.0959,False
0.4428125023841858,MINUS,MC,4159,46,38.4178,2.2074,0.0521,0.0958,False
0.4428125023841858,MINUS,MC,4227,46,38.4178,2.2364,0.0527,0.0983,False
0.4428125023841858,MINUS,MC,4868,75,52.6595,2.7016,0.0528,0.1188,True
0.4428125023841858,MINUS,MC,13523,66,48.4288,2.6235,0.0533,0.1164,True
0.4428125023841858,MINUS,MC,50178,130,80.4694,2.493,0.0533,0.1107,True
0.4428125023841858,MINUS,MC,50178,130,80.4694,2.493,0.0533,0.1107,True
0.4428125023841858,MINUS,MC,36399,11,20.8383,2.5393,0.0537,0.1135,False
0.4428125023841858,MINUS,MC,36535,11,20.8383,2.5393,0.0537,0.1135,False
0.4428125023841858,MINUS,MC,44763,59,44.507,2.2964,0.054,0.1033,True
0.4428125023841858,MINUS,MC,44627,59,44.507,2.8451,0.054,0.128,True
0.4428125023841858,MINUS,MC,36467,11,20.8383,2.5134,0.054,0.1131,False
0.4428125023841858,MINUS,MC,50986,75,52.9889,2.2216,0.0542,0.1003,True
0.4428125023841858,MINUS,MC,51132,75,52.9889,2.4162,0.0542,0.1091,True
0.4428125023841858,MINUS,MC,51059,75,52.9889,2.3802,0.0543,0.1076,True
0.4428125023841858,MINUS,MC,51355,0,15.4266,2.4969,0.0549,0.1142,True
0.4428125023841858,MINUS,MC,51219,0,15.4266,2.4969,0.055,0.1144,True
0.4428125023841858,MINUS,MC,51287,0,15.4266,2.4734,0.0551,0.1137,True
0.4428125023841858,MINUS,MC,51436,129,79.8999,2.5333,0.0554,0.117,True
0.4428125023841858,MINUS,MC,51398,129,79.8999,2.5046,0.0554,0.1157,True
0.4428125023841858,MINUS,MC,51044,150,90.0,2.9643,0.0554,0.1369,True
0.4428125023841858,MINUS,MC,4927,50,40.0428,2.2103,0.0556,0.1024,True
0.4428125023841858,MINUS,MC,4779,50,40.0428,2.7016,0.0556,0.1251,True
0.4428125023841858,MINUS,MC,4853,50,40.0428,2.2099,0.0559,0.1029,True
0.4428125023841858,MINUS,MC,3685,46,38.3285,2.2099,0.0559,0.103,True
0.4428125023841858,MINUS,MC,3821,46,38.3285,2.2073,0.0559,0.1029,True
0.4428125023841858,MINUS,MC,51117,150,90.0,2.7608,0.057,0.131,True
0.4428125023841858,MINUS,MC,50971,150,90.0,1.4749,0.057,0.07,True
0.4428125023841858,MINUS,MC,49367,23,26.8444,2.7187,0.0574,0.1299,False
0.4428125023841858,MINUS,MC,51417,129,79.8999,2.5303,0.058,0.1224,True
0.4428125023841858,MINUS,MC,51417,129,79.8999,2.5303,0.058,0.1224,True
0.4428125023841858,MINUS,MC,51286,0,15.374,2.2216,0.0583,0.108,True
0.4428125023841858,MINUS,MC,51354,0,15.374,2.2188,0.0587,0.1086,True
0.4428125023841858,MINUS,MC,51218,0,15.374,2.2188,0.0588,0.1086,True
0.4428125023841858,MINUS,MC,49435,23,26.8444,2.7808,0.0588,0.1363,False
0.4428125023841858,MINUS,MC,49299,23,26.8444,2.4365,0.0588,0.1195,False
0.4428125023841858,MINUS,MC,4860,58,44.0641,2.2099,0.0591,0.1088,True
0.4428125023841858,MINUS,MC,36844,11,20.9635,2.7094,0.0596,0.1345,True
0.4428125023841858,MINUS,MC,36980,11,20.9635,2.7094,0.0596,0.1346,True
0.4428125023841858,MINUS,MC,4542,56,43.4579,2.7016,0.0596,0.1343,True
0.4428125023841858,MINUS,MC,36912,11,20.9635,2.7039,0.0597,0.1345,True
0.4428125023841858,MINUS,MC,4786,58,44.0641,2.2099,0.0603,0.1111,True
0.4428125023841858,MINUS,MC,4934,58,44.0641,2.7016,0.0603,0.1358,True
0.4428125023841858,MINUS,MC,51065,62,46.4748,2.4227,0.0609,0.1229,True
0.4428125023841858,MINUS,MC,50988,71,50.5645,2.2188,0.0612,0.1131,True
0.4428125023841858,MINUS,MC,51134,71,50.5645,2.4172,0.0612,0.1232,True
0.4428125023841858,MINUS,MC,51088,32,31.4956,2.442,0.0613,0.1248,True
0.4428125023841858,MINUS,MC,4616,56,43.4579,2.2072,0.0614,0.113,True
0.4428125023841858,MINUS,MC,4468,56,43.4579,2.2102,0.0614,0.1131,True
0.4428125023841858,MINUS,MC,50197,130,80.4694,2.497,0.0615,0.1279,True
0.4428125023841858,MINUS,MC,51161,32,31.4956,2.4352,0.0615,0.1247,True
0.4428125023841858,MINUS,MC,51015,32,31.4956,2.2132,0.0615,0.1134,True
0.4428125023841858,MINUS,MC,50159,130,80.4694,2.4011,0.0615,0.123,True
0.4428125023841858,MINUS,MC,3753,46,38.3285,2.207,0.0615,0.1132,True
0.4428125023841858,MINUS,MC,51061,71,50.5645,2.2188,0.0617,0.1141,True
0.4428125023841858,MINUS,MC,13550,32,31.496,2.1434,0.0619,0.1106,True
0.4428125023841858,MINUS,MC,13623,32,31.496,2.4352,0.062,0.1259,True
0.4428125023841858,MINUS,MC,13477,32,31.496,2.2216,0.0621,0.1149,True
0.4428125023841858,MINUS,MC,4610,48,39.2205,2.7016,0.0626,0.1409,True
0.4428125023841858,MINUS,MC,4462,48,39.2205,2.2103,0.0626,0.1153,True
0.4428125023841858,MINUS,MC,51138,62,46.4748,2.4227,0.0627,0.1266,True
0.4428125023841858,MINUS,MC,50992,62,46.4748,2.8487,0.0627,0.1489,True
0.4428125023841858,MINUS,MC,4536,48,39.2205,2.7016,0.063,0.1418,True
0.4428125023841858,MINUS,MC,51398,129,79.8999,2.5046,0.0631,0.1317,True
0.4428125023841858,MINUS,MC,51436,129,79.8999,2.5333,0.0631,0.1332,True
0.4428125023841858,MINUS,MC,50159,130,80.4694,2.4011,0.0633,0.1267,True
0.4428125023841858,MINUS,MC,50197,130,80.4694,2.497,0.0633,0.1318,True
0.4428125023841858,MINUS,MC,51051,150,90.0,1.8832,0.0635,0.0997,True
0.4428125023841858,MINUS,MC,51124,150,90.0,1.9491,0.0637,0.1034,True
0.4428125023841858,MINUS,MC,50978,150,90.0,1.9491,0.0637,0.1034,True
0.4428125023841858,MINUS,MC,51436,129,79.8999,2.5333,0.0644,0.136,True
0.4428125023841858,MINUS,MC,51398,129,79.8999,2.5046,0.0645,0.1346,True
0.4428125023841858,MINUS,MC,50178,130,80.4694,2.493,0.0648,0.1347,True
0.4428125023841858,MINUS,MC,50178,130,80.4694,2.493,0.0648,0.1347,True
0.4428125023841858,MINUS,MC,49840,59,44.5358,2.2974,0.0657,0.1258,False
0.4428125023841858,MINUS,MC,49908,59,44.5358,2.5221,0.0663,0.1393,False
0.4428125023841858,MINUS,MC,49772,59,44.5358,2.2188,0.0663,0.1226,False
0.4428125023841858,MINUS,MC,51436,129,79.8999,2.5333,0.0667,0.1407,True
0.4428125023841858,MINUS,MC,51398,129,79.8999,2.5046,0.0667,0.1392,True
0.4428125023841858,MINUS,MC,4541,56,43.0928,2.2074,0.0676,0.1243,True
0.4428125023841858,MINUS,MC,44695,59,44.507,2.212,0.0676,0.1246,True
0.4428125023841858,MINUS,MC,51436,129,79.8999,2.5333,0.0681,0.1438,True
0.4428125023841858,MINUS,MC,51398,129,79.8999,2.5046,0.0681,0.1422,True
0.4428125023841858,MINUS,MC,13317,0,15.0921,2.418,0.0686,0.1381,True
0.4428125023841858,MINUS,MC,51417,129,79.8999,2.5303,0.0689,0.1452,True
0.4428125023841858,MINUS,MC,51417,129,79.8999,2.5303,0.0689,0.1452,True
0.4428125023841858,MINUS,MC,4615,56,43.0928,2.2099,0.069,0.127,True
0.4428125023841858,MINUS,MC,4467,56,43.0928,2.2073,0.069,0.1268,True
0.4428125023841858,MINUS,MC,49434,23,26.7757,2.713,0.0694,0.1569,False
0.4428125023841858,MINUS,MC,49298,23,26.7757,2.713,0.0694,0.1569,False
0.4428125023841858,MINUS,MC,13249,0,15.0921,2.1723,0.0694,0.1257,True
0.4428125023841858,MINUS,MC,13385,0,15.0921,2.2121,0.0695,0.1281,True
0.4428125023841858,MINUS,MC,4856,52,41.1466,2.2099,0.0695,0.128,True
0.4428125023841858,MINUS,MC,4782,52,41.1466,2.219,0.0698,0.1291,True
0.4428125023841858,MINUS,MC,4930,52,41.1466,2.2099,0.0698,0.1286,True
0.4428125023841858,MINUS,MC,49366,23,26.7757,2.7093,0.0701,0.1583,False
0.4428125023841858,MINUS,MC,51417,129,79.8999,2.5303,0.0704,0.1485,True
0.4428125023841858,MINUS,MC,51417,129,79.8999,2.5303,0.0704,0.1485,True
0.4428125023841858,MINUS,MC,13546,36,33.3628,2.4363,0.0741,0.1504,True
0.4428125023841858,MINUS,MC,13619,36,33.3628,2.4363,0.0741,0.1504,True
0.4428125023841858,MINUS,MC,13473,36,33.3628,2.2287,0.0741,0.1376,True
0.4428125023841858,MINUS,MC,51084,36,33.3623,2.4417,0.0741,0.1508,True
0.4428125023841858,MINUS,MC,51011,36,33.3623,2.2188,0.0742,0.1371,True
0.4428125023841858,MINUS,MC,51157,36,33.3623,2.4363,0.0742,0.1506,True
0.4428125023841858,MINUS,MC,5160,0,15.3161,2.7126,0.0747,0.1688,True
0.4428125023841858,MINUS,MC,50292,73,51.8732,2.522,0.0748,0.1573,True
0.4428125023841858,MINUS,MC,5092,0,15.3161,2.2102,0.0755,0.1391,True
0.4428125023841858,MINUS,MC,5228,0,15.3161,2.7126,0.0755,0.1707,True
0.4428125023841858,MINUS,MC,4537,50,40.2784,2.2103,0.0763,0.1405,True
0.4428125023841858,MINUS,MC,4223,46,38.2013,2.7016,0.0763,0.1718,False
0.4428125023841858,MINUS,MC,4611,50,40.2784,2.2102,0.0766,0.1411,True
0.4428125023841858,MINUS,MC,4463,50,40.2784,2.2102,0.0766,0.1411,True
0.4428125023841858,MINUS,MC,12748,0,15.0644,2.2217,0.0775,0.1435,True
0.4428125023841858,MINUS,MC,12816,0,15.0644,1.8306,0.0778,0.1186,True
0.4428125023841858,MINUS,MC,12680,0,15.0644,2.419,0.0778,0.1567,True
0.4428125023841858,MINUS,MC,4155,46,38.2013,2.7016,0.0785,0.1768,False
0.4428125023841858,MINUS,MC,4291,46,38.2013,2.7016,0.0785,0.1768,False
0.4428125023841858,MINUS,MC,50248,73,51.8732,2.2216,0.0795,0.1472,True
0.4428125023841858,MINUS,MC,3688,46,38.4664,2.2071,0.0795,0.1462,True
0.4428125023841858,MINUS,MC,3824,46,38.4664,2.2073,0.0795,0.1463,True
0.4428125023841858,MINUS,MC,50336,73,51.8732,2.7289,0.0795,0.1808,True
0.4428125023841858,MINUS,MC,3756,46,38.4664,2.2071,0.0798,0.1468,True
0.4428125023841858,MINUS,MC,49583,119,74.8791,2.7146,0.0801,0.1813,False
0.4428125023841858,MINUS,MC,49583,119,74.8791,2.7146,0.0802,0.1814,False
0.4428125023841858,MINUS,MC,32707,73,51.8417,2.8515,0.0803,0.1909,True
0.4428125023841858,MINUS,MC,49602,119,74.8791,2.7501,0.0806,0.1846,False
0.4428125023841858,MINUS,MC,49564,119,74.8791,2.6268,0.0807,0.1765,False
0.4428125023841858,MINUS,MC,50967,102,66.3282,2.2917,0.0811,0.1549,True
0.4428125023841858,MINUS,MC,51113,102,66.3282,2.6268,0.0811,0.1776,True
0.4428125023841858,MINUS,MC,36913,11,20.9751,2.7447,0.0817,0.1868,False
0.4428125023841858,MINUS,MC,49564,119,74.8791,2.6268,0.0819,0.1793,False
0.4428125023841858,MINUS,MC,49602,119,74.8791,2.7501,0.0819,0.1877,False
0.4428125023841858,MINUS,MC,13251,0,15.0504,2.2228,0.0823,0.1524,False
0.4428125023841858,MINUS,MC,13387,0,15.0504,2.196,0.0823,0.1506,False
0.4428125023841858,MINUS,MC,13319,0,15.0504,2.3056,0.083,0.1595,False
0.4428125023841858,MINUS,MC,51284,0,15.3343,2.1867,0.0832,0.1517,False
0.4428125023841858,MINUS,MC,51552,120,75.246,2.2353,0.0833,0.1552,False
0.4428125023841858,MINUS,MC,51514,120,75.246,2.7737,0.0834,0.1927,False
0.4428125023841858,MINUS,MC,49583,119,74.8791,2.7146,0.0834,0.1887,False
0.4428125023841858,MINUS,MC,49583,119,74.8791,2.7146,0.0835,0.1888,False
0.4428125023841858,MINUS,MC,49564,119,74.8791,2.6268,0.0837,0.1833,False
0.4428125023841858,MINUS,MC,51514,120,75.246,2.7737,0.0838,0.1936,False
0.4428125023841858,MINUS,MC,51352,0,15.3343,2.3903,0.0838,0.1669,False
0.4428125023841858,MINUS,MC,49602,119,74.8791,2.7501,0.0838,0.192,False
0.4428125023841858,MINUS,MC,51216,0,15.3343,2.7909,0.0838,0.1949,False
0.4428125023841858,MINUS,MC,51436,129,79.8999,2.5333,0.0838,0.1769,True
0.4428125023841858,MINUS,MC,51552,120,75.246,2.2353,0.0838,0.1561,False
0.4428125023841858,MINUS,MC,51398,129,79.8999,2.5046,0.0838,0.175,True
0.4428125023841858,MINUS,MC,51533,120,75.246,2.7032,0.0839,0.1891,False
0.4428125023841858,MINUS,MC,51533,120,75.246,2.7032,0.084,0.1892,False
0.4428125023841858,MINUS,MC,51398,129,79.8999,2.5046,0.084,0.1754,True
0.4428125023841858,MINUS,MC,51436,129,79.8999,2.5333,0.0841,0.1775,True
0.4428125023841858,MINUS,MC,50990,66,48.4074,2.8458,0.0843,0.1999,True
0.4428125023841858,MINUS,MC,51136,66,48.4074,2.6294,0.0843,0.1847,True
0.4428125023841858,MINUS,MC,49602,119,74.8791,2.7501,0.0843,0.1933,False
0.4428125023841858,MINUS,MC,49602,119,74.8791,2.7501,0.0844,0.1933,False
0.4428125023841858,MINUS,MC,49564,119,74.8791,2.6268,0.0844,0.1847,False
0.4428125023841858,MINUS,MC,49564,119,74.8791,2.6268,0.0844,0.1848,False
0.4428125023841858,MINUS,MC,36845,11,20.9751,2.7211,0.0845,0.1915,False
0.4428125023841858,MINUS,MC,36981,11,20.9751,2.7211,0.0845,0.1916,False
0.4428125023841858,MINUS,MC,49583,119,74.8791,2.7146,0.0846,0.1915,False
0.4428125023841858,MINUS,MC,49583,119,74.8791,2.7146,0.0847,0.1915,False
0.4428125023841858,MINUS,MC,51417,129,79.8999,2.5303,0.085,0.1791,True
0.4428125023841858,MINUS,MC,51417,129,79.8999,2.5303,0.085,0.1792,True
0.4428125023841858,MINUS,MC,51533,120,75.246,2.7032,0.0854,0.1923,False
0.4428125023841858,MINUS,MC,51533,120,75.246,2.7032,0.0855,0.1925,False
0.4428125023841858,MINUS,MC,32751,73,51.8417,2.8508,0.0855,0.2032,True
0.4428125023841858,MINUS,MC,32663,73,51.8417,2.8508,0.0856,0.2033,True
0.4428125023841858,MINUS,MC,51514,120,75.246,2.7737,0.0856,0.1978,False
0.4428125023841858,MINUS,MC,51552,120,75.246,2.2353,0.0856,0.1595,False
0.4428125023841858,MINUS,MC,50295,76,53.2846,2.8524,0.0858,0.2039,True
0.4428125023841858,MINUS,MC,51552,120,75.246,2.2353,0.086,0.1601,False
0.4428125023841858,MINUS,MC,51514,120,75.246,2.7737,0.086,0.1988,False
0.4428125023841858,MINUS,MC,51045,150,90.0,2.1658,0.0861,0.1554,False
0.4428125023841858,MINUS,MC,51063,66,48.4074,2.4203,0.087,0.1754,True
0.4428125023841858,MINUS,MC,50339,76,53.2846,2.4889,0.0871,0.1806,True
0.4428125023841858,MINUS,MC,50251,76,53.2846,2.61,0.0871,0.1894,True
0.4428125023841858,MINUS,MC,49564,119,74.8791,2.6268,0.0871,0.1907,False
0.4428125023841858,MINUS,MC,49602,119,74.8791,2.7501,0.0871,0.1997,False
0.4428125023841858,MINUS,MC,4475,72,51.208,2.7016,0.0873,0.1964,True
0.4428125023841858,MINUS,MC,4623,72,51.208,2.7016,0.0873,0.1964,True
0.4428125023841858,MINUS,MC,51118,150,90.0,2.4222,0.0875,0.1767,False
0.4428125023841858,MINUS,MC,50972,150,90.0,2.1761,0.0875,0.1587,False
0.4428125023841858,MINUS,MC,49583,119,74.8791,2.7146,0.0885,0.2002,False
0.4428125023841858,MINUS,MC,49583,119,74.8791,2.7146,0.0885,0.2003,False
0.4428125023841858,MINUS,MC,49602,119,74.8791,2.7501,0.0887,0.2032,False
0.4428125023841858,MINUS,MC,49564,119,74.8791,2.6268,0.0888,0.1943,False
0.4428125023841858,MINUS,MC,49564,119,74.8791,2.6268,0.0893,0.1954,False
0.4428125023841858,MINUS,MC,49602,119,74.8791,2.7501,0.0893,0.2047,False
0.4428125023841858,MINUS,MC,48893,23,26.8429,2.8919,0.09,0.2169,True
0.4428125023841858,MINUS,MC,51552,120,75.246,2.2353,0.09,0.1677,False
0.4428125023841858,MINUS,MC,51514,120,75.246,2.7737,0.0901,0.2082,False
0.4428125023841858,MINUS,MC,51514,120,75.246,2.7737,0.0905,0.2092,False
0.4428125023841858,MINUS,MC,51552,120,75.246,2.2353,0.0906,0.1687,False
0.4428125023841858,MINUS,MC,51533,120,75.246,2.7032,0.0907,0.2043,False
0.4428125023841858,MINUS,MC,51533,120,75.246,2.7032,0.0907,0.2044,False
0.4428125023841858,MINUS,MC,4549,72,51.208,2.7016,0.0919,0.2069,True
0.4428125023841858,MINUS,MC,51533,120,75.246,2.7032,0.0925,0.2083,False
0.4428125023841858,MINUS,MC,51533,120,75.246,2.7032,0.0925,0.2085,False
0.4428125023841858,MINUS,MC,51289,0,15.4928,2.4632,0.0926,0.19,True
0.4428125023841858,MINUS,MC,51514,120,75.246,2.7737,0.0927,0.2143,False
0.4428125023841858,MINUS,MC,51552,120,75.246,2.2353,0.0928,0.1728,False
0.4428125023841858,MINUS,MC,51552,120,75.246,2.2353,0.0932,0.1737,False
0.4428125023841858,MINUS,MC,51514,120,75.246,2.7737,0.0933,0.2156,False
0.4428125023841858,MINUS,MC,48961,23,26.8429,2.7197,0.0933,0.2115,True
0.4428125023841858,MINUS,MC,48825,23,26.8429,2.2188,0.0933,0.1726,True
0.4428125023841858,MINUS,MC,49362,23,26.6176,2.7054,0.0937,0.2112,False
0.4428125023841858,MINUS,MC,50293,72,51.3474,2.8376,0.0953,0.2254,True
0.4428125023841858,MINUS,MC,50337,72,51.3474,2.8105,0.0956,0.2239,True
0.4428125023841858,MINUS,MC,50249,72,51.3474,2.2188,0.0956,0.1768,True
0.4428125023841858,MINUS,MC,49430,23,26.6176,2.7396,0.0958,0.2186,False
0.4428125023841858,MINUS,MC,49294,23,26.6176,2.2216,0.0958,0.1773,False
0.4428125023841858,MINUS,MC,51221,0,15.4928,2.452,0.0985,0.2012,True
0.4428125023841858,MINUS,MC,51357,0,15.4928,2.4695,0.0985,0.2027,True
0.4428125023841858,MINUS,MC,13528,60,45.0234,2.4396,0.1002,0.2037,True
0.4428125023841858,MINUS,MC,4228,46,38.4259,2.2071,0.1003,0.1845,False
0.4428125023841858,MINUS,MC,13601,60,45.0234,2.3508,0.1004,0.1966,True
0.4428125023841858,MINUS,MC,13455,60,45.0234,2.2291,0.1004,0.1864,True
0.4428125023841858,MINUS,MC,36906,11,20.7883,2.405,0.1009,0.2022,False
0.4428125023841858,MINUS,MC,32708,76,53.3324,2.85,0.1017,0.2414,True
0.4428125023841858,MINUS,MC,36974,11,20.7883,2.4556,0.1025,0.2098,False
0.4428125023841858,MINUS,MC,36838,11,20.7883,2.3626,0.1025,0.2019,False
0.4428125023841858,MINUS,MC,32664,76,53.3324,2.4355,0.1027,0.2084,True
0.4428125023841858,MINUS,MC,32752,76,53.3324,2.7062,0.1027,0.2317,True
0.4428125023841858,MINUS,MC,4224,46,38.2071,2.7016,0.1041,0.2343,False
0.4428125023841858,MINUS,MC,4156,46,38.2071,2.7016,0.1043,0.2348,False
0.4428125023841858,MINUS,MC,4292,46,38.2071,2.7016,0.1043,0.2349,False
0.4428125023841858,MINUS,MC,4160,46,38.4259,2.207,0.107,0.1967,False
0.4428125023841858,MINUS,MC,4296,46,38.4259,2.7016,0.107,0.2408,False
0.4428125023841858,MINUS,MC,49429,23,26.6056,2.5333,0.1071,0.226,False
0.4428125023841858,MINUS,MC,49293,23,26.6056,2.2188,0.1071,0.198,False
0.4428125023841858,MINUS,MC,49361,23,26.6056,2.5047,0.1091,0.2277,False
0.4428125023841858,MINUS,MC,51066,60,45.0228,2.424,0.1093,0.2208,True
0.4428125023841858,MINUS,MC,50993,60,45.0228,2.8003,0.1096,0.2557,True
0.4428125023841858,MINUS,MC,51139,60,45.0228,2.4318,0.1096,0.222,True
0.4428125023841858,MINUS,MC,49673,77,53.8482,2.9084,0.1098,0.266,True
0.4428125023841858,MINUS,MC,49641,77,53.8482,2.8245,0.1099,0.2586,True
0.4428125023841858,MINUS,MC,32706,72,51.3611,2.8442,0.1099,0.2604,True
0.4428125023841858,MINUS,MC,49705,77,53.8482,2.7315,0.1099,0.2501,True
0.4428125023841858,MINUS,MC,51040,102,66.3282,2.2917,0.1105,0.211,True
0.4428125023841858,MINUS,MC,32662,72,51.3611,2.2287,0.1108,0.2058,True
0.4428125023841858,MINUS,MC,32750,72,51.3611,2.7673,0.1109,0.2557,True
0.4428125023841858,MINUS,MC,49671,74,52.2854,2.903,0.1121,0.2712,True
0.4428125023841858,MINUS,MC,13600,59,44.7251,2.4225,0.1121,0.2264,True
0.4428125023841858,MINUS,MC,13454,59,44.7251,1.8177,0.1122,0.1699,True
0.4428125023841858,MINUS,MC,49639,74,52.2854,2.6426,0.1125,0.2478,True
0.4428125023841858,MINUS,MC,49703,74,52.2854,2.7249,0.1125,0.2555,True
0.4428125023841858,MINUS,MC,13315,0,15.1523,2.2409,0.1134,0.2118,True
0.4428125023841858,MINUS,MC,13527,59,44.7251,2.449,0.1135,0.2316,True
0.4428125023841858,MINUS,MC,4854,49,39.8427,2.2099,0.114,0.2099,True
0.4428125023841858,MINUS,MC,49584,133,81.9979,2.5888,0.1144,0.2468,False
0.4428125023841858,MINUS,MC,45139,77,53.8434,2.9159,0.1158,0.2815,True
0.4428125023841858,MINUS,MC,45171,77,53.8434,2.9057,0.116,0.2808,True
0.4428125023841858,MINUS,MC,45107,77,53.8434,2.159,0.116,0.2086,True
0.4428125023841858,MINUS,MC,49584,133,81.9979,2.5888,0.116,0.2502,False
0.4428125023841858,MINUS,MC,13247,0,15.1523,2.2167,0.1162,0.2146,True
0.4428125023841858,MINUS,MC,13383,0,15.1523,2.435,0.1163,0.2359,True
0.4428125023841858,MINUS,MC,49565,133,81.9979,2.0635,0.117,0.2012,False
0.4428125023841858,MINUS,MC,4928,49,39.8427,2.7016,0.1176,0.2649,True
0.4428125023841858,MINUS,MC,4780,49,39.8427,2.7016,0.1176,0.2649,True
0.4428125023841858,MINUS,MC,45137,74,52.2733,2.9043,0.1183,0.2864,True
0.4428125023841858,MINUS,MC,45105,74,52.2733,2.898,0.1187,0.2866,True
0.4428125023841858,MINUS,MC,45169,74,52.2733,2.898,0.1187,0.2866,True
0.4428125023841858,MINUS,MC,49603,133,81.9979,2.6308,0.1191,0.2611,False
0.4428125023841858,MINUS,MC,5097,0,15.4619,2.2099,0.1196,0.2203,True
0.4428125023841858,MINUS,MC,5233,0,15.4619,2.7126,0.1197,0.2705,True
0.4428125023841858,MINUS,MC,12678,0,15.1227,2.4354,0.1209,0.2453,True
0.4428125023841858,MINUS,MC,12814,0,15.1227,2.2985,0.1209,0.2315,True
0.4428125023841858,MINUS,MC,5165,0,15.4619,2.2099,0.1209,0.2227,True
0.4428125023841858,MINUS,MC,4806,125,77.8573,2.2196,0.1216,0.2249,False
0.4428125023841858,MINUS,MC,12750,0,15.0278,2.0761,0.1226,0.2121,True
0.4428125023841858,MINUS,MC,5159,0,15.3323,2.7126,0.1227,0.2773,False
0.4428125023841858,MINUS,MC,12746,0,15.1227,2.3004,0.1229,0.2356,True
0.4428125023841858,MINUS,MC,4880,125,77.8573,2.2287,0.123,0.2284,False
0.4428125023841858,MINUS,MC,4634,108,69.469,2.2103,0.1233,0.2272,True
0.4428125023841858,MINUS,MC,4486,108,69.469,2.2103,0.1235,0.2274,True
0.4428125023841858,MINUS,MC,12818,0,15.0278,2.3214,0.124,0.2399,True
0.4428125023841858,MINUS,MC,12682,0,15.0278,2.2243,0.124,0.2299,True
0.4428125023841858,MINUS,MC,5091,0,15.3323,2.21,0.1242,0.2286,False
0.4428125023841858,MINUS,MC,5227,0,15.3323,2.7126,0.1242,0.2807,False
0.4428125023841858,MINUS,MC,4535,48,39.0255,2.7016,0.1245,0.2803,True
0.4428125023841858,MINUS,MC,4560,108,69.469,2.7016,0.1246,0.2805,True
0.4428125023841858,MINUS,MC,49603,133,81.9979,2.6308,0.1261,0.2764,False
0.4428125023841858,MINUS,MC,4954,125,77.8573,2.2196,0.1262,0.2334,False
0.4428125023841858,MINUS,MC,51356,0,15.4232,2.4177,0.1268,0.2555,True
0.4428125023841858,MINUS,MC,51220,0,15.4232,2.2188,0.1268,0.2345,True
0.4428125023841858,MINUS,MC,51288,0,15.4232,2.3881,0.127,0.2528,True
0.4428125023841858,MINUS,MC,49565,133,81.9979,2.0635,0.1271,0.2186,False
0.4428125023841858,MINUS,MC,4777,47,38.7535,2.7016,0.1278,0.2878,True
0.4428125023841858,MINUS,MC,4925,47,38.7535,2.2074,0.1278,0.2351,True
0.4428125023841858,MINUS,MC,4461,48,39.0255,2.7016,0.1279,0.2879,True
0.4428125023841858,MINUS,MC,4609,48,39.0255,2.2103,0.1279,0.2356,True
0.4428125023841858,MINUS,MC,4851,47,38.7535,2.21,0.1295,0.2384,True
0.4428125023841858,MINUS,MC,5168,1,15.5263,2.7126,0.1295,0.2927,True
0.4428125023841858,MINUS,MC,5100,1,15.5263,2.2071,0.1295,0.2382,True
0.4428125023841858,MINUS,MC,5236,1,15.5263,2.2099,0.1295,0.2386,True
0.4428125023841858,MINUS,MC,36975,11,20.7891,2.4014,0.1346,0.2693,False
0.4428125023841858,MINUS,MC,36839,11,20.7891,2.4263,0.1346,0.2721,False
0.4428125023841858,MINUS,MC,49643,81,55.604,2.7632,0.1346,0.31,True
0.4428125023841858,MINUS,MC,49707,81,55.604,2.607,0.1346,0.2925,True
0.4428125023841858,MINUS,MC,49675,81,55.604,2.9145,0.135,0.3279,True
0.4428125023841858,MINUS,MC,4478,78,54.3818,2.7016,0.1354,0.3048,True
0.4428125023841858,MINUS,MC,4626,78,54.3818,2.7016,0.1354,0.3049,True
0.4428125023841858,MINUS,MC,51515,135,82.7762,2.4844,0.1354,0.2804,False
0.4428125023841858,MINUS,MC,4558,99,64.5656,2.7016,0.1361,0.3065,True
0.4428125023841858,MINUS,MC,4632,99,64.5656,2.7016,0.1363,0.3069,True
0.4428125023841858,MINUS,MC,4484,99,64.5656,2.7016,0.1364,0.307,True
0.4428125023841858,MINUS,MC,36907,11,20.7891,2.4233,0.1374,0.2775,False
0.4428125023841858,MINUS,MC,51553,135,82.7762,2.7975,0.1376,0.3207,False
0.4428125023841858,MINUS,MC,49584,133,81.9979,2.5888,0.1379,0.2976,False
0.4428125023841858,MINUS,MC,49584,133,81.9979,2.5888,0.1383,0.2984,False
0.4428125023841858,MINUS,MC,50994,59,44.7227,2.4254,0.1384,0.2797,True
0.4428125023841858,MINUS,MC,51140,59,44.7227,2.4254,0.1384,0.2797,True
0.4428125023841858,MINUS,MC,49565,133,81.9979,2.0635,0.1395,0.2398,False
0.4428125023841858,MINUS,MC,49603,133,81.9979,2.6308,0.1399,0.3068,False
0.4428125023841858,MINUS,MC,4608,45,37.9863,2.7016,0.14,0.3152,True
0.4428125023841858,MINUS,MC,4460,45,37.9863,2.2169,0.14,0.2586,True
0.4428125023841858,MINUS,MC,51067,59,44.7227,2.4253,0.1402,0.2834,True
0.4428125023841858,MINUS,MC,4534,45,37.9863,2.7016,0.1416,0.3189,True
0.4428125023841858,MINUS,MC,36914,12,21.0564,2.6955,0.1417,0.3182,True
0.4428125023841858,MINUS,MC,13321,0,15.0194,2.2154,0.1417,0.2616,False
0.4428125023841858,MINUS,MC,36846,12,21.0564,2.2251,0.1418,0.263,True
0.4428125023841858,MINUS,MC,36982,12,21.0564,2.765,0.1419,0.327,True
0.4428125023841858,MINUS,MC,51553,135,82.7762,2.7975,0.142,0.3309,False
0.4428125023841858,MINUS,MC,4491,150,90.0,2.7016,0.1423,0.3204,False
0.4428125023841858,MINUS,MC,4639,150,90.0,2.7016,0.1423,0.3204,False
0.4428125023841858,MINUS,MC,13253,0,15.0194,1.9115,0.1424,0.2268,False
0.4428125023841858,MINUS,MC,13389,0,15.0194,1.9093,0.1424,0.2266,False
0.4428125023841858,MINUS,MC,45173,81,55.6013,2.9262,0.1429,0.3484,True
0.4428125023841858,MINUS,MC,45109,81,55.6013,2.1326,0.1429,0.2539,True
0.4428125023841858,MINUS,MC,4565,150,90.0,2.7016,0.1431,0.3221,False
0.4428125023841858,MINUS,MC,45141,81,55.6013,2.9254,0.1433,0.3494,True
0.4428125023841858,MINUS,MC,51515,135,82.7762,2.4844,0.1433,0.2968,False
0.4428125023841858,MINUS,MC,4552,78,54.3818,2.7016,0.1437,0.3236,True
0.4428125023841858,MINUS,MC,49910,59,44.6912,2.3327,0.1438,0.2795,False
0.4428125023841858,MINUS,MC,49774,59,44.6912,2.2732,0.1438,0.2724,False
0.4428125023841858,MINUS,MC,51534,135,82.7762,2.5686,0.144,0.3083,False
0.4428125023841858,MINUS,MC,49565,133,81.9979,2.0635,0.1442,0.2479,False
0.4428125023841858,MINUS,MC,49603,133,81.9979,2.6308,0.1443,0.3163,False
0.4428125023841858,MINUS,MC,51534,135,82.7762,2.5686,0.1459,0.3123,False
0.4428125023841858,MINUS,MC,51532,111,70.6073,2.8016,0.1472,0.3436,False
0.4428125023841858,MINUS,MC,51532,111,70.6073,2.8016,0.1474,0.3442,False
0.4428125023841858,MINUS,MC,51513,111,70.6073,2.8603,0.1486,0.3543,False
0.4428125023841858,MINUS,MC,49669,71,50.8349,2.8979,0.1488,0.3593,True
0.4428125023841858,MINUS,MC,51551,111,70.6073,2.8683,0.1488,0.3557,False
0.4428125023841858,MINUS,MC,49701,71,50.8349,2.8911,0.1494,0.3599,True
0.4428125023841858,MINUS,MC,49637,71,50.8349,2.7549,0.1494,0.3429,True
0.4428125023841858,MINUS,MC,49842,59,44.6912,2.3326,0.1495,0.2907,False
0.4428125023841858,MINUS,MC,50253,80,55.4754,2.8891,0.1503,0.3618,True
0.4428125023841858,MINUS,MC,50341,80,55.4754,2.9328,0.1503,0.3673,True
0.4428125023841858,MINUS,MC,49563,110,70.3717,2.6535,0.1503,0.3324,False
0.4428125023841858,MINUS,MC,49601,110,70.3717,2.8248,0.1507,0.3548,False
0.4428125023841858,MINUS,MC,50297,80,55.4754,2.8918,0.151,0.3639,True
0.4428125023841858,MINUS,MC,4556,90,60.2706,2.7016,0.1518,0.3417,True
0.4428125023841858,MINUS,MC,4492,150,90.0,2.7016,0.1518,0.3418,False
0.4428125023841858,MINUS,MC,4640,150,90.0,2.7016,0.1518,0.3418,False
0.4428125023841858,MINUS,MC,4566,150,90.0,2.7016,0.152,0.3422,False
0.4428125023841858,MINUS,MC,51551,111,70.6073,2.8683,0.1523,0.3641,False
0.4428125023841858,MINUS,MC,51513,111,70.6073,2.8603,0.1526,0.3636,False
0.4428125023841858,MINUS,MC,4943,81,55.9244,2.7016,0.1527,0.3437,True
0.4428125023841858,MINUS,MC,4795,81,55.9244,2.7016,0.1527,0.3437,True
0.4428125023841858,MINUS,MC,51515,135,82.7762,2.4844,0.1535,0.3179,False
0.4428125023841858,MINUS,MC,51553,135,82.7762,2.7975,0.154,0.3591,False
0.4428125023841858,MINUS,MC,48896,23,26.9591,2.2216,0.1544,0.2858,False
0.4428125023841858,MINUS,MC,4869,81,55.9244,2.7016,0.1547,0.3482,True
0.4428125023841858,MINUS,MC,51553,135,82.7762,2.7975,0.1559,0.3633,False
0.4428125023841858,MINUS,MC,51515,135,82.7762,2.4844,0.156,0.323,False
0.4428125023841858,MINUS,MC,51534,135,82.7762,2.5686,0.1566,0.3352,False
0.4428125023841858,MINUS,MC,4630,90,60.2706,2.7016,0.1567,0.3529,True
0.4428125023841858,MINUS,MC,51534,135,82.7762,2.5686,0.1568,0.3356,False
0.4428125023841858,MINUS,MC,4482,90,60.2706,2.7016,0.1568,0.3531,True
0.4428125023841858,MINUS,MC,45135,71,50.8222,2.8969,0.157,0.3791,True
0.4428125023841858,MINUS,MC,45167,71,50.8222,2.8912,0.1576,0.3796,True
0.4428125023841858,MINUS,MC,45103,71,50.8222,2.8912,0.1576,0.3796,True
0.4428125023841858,MINUS,MC,48964,23,26.9591,2.7552,0.1582,0.3632,False
0.4428125023841858,MINUS,MC,48828,23,26.9591,2.2188,0.1583,0.2927,False
0.4428125023841858,MINUS,MC,4229,47,38.5692,2.21,0.164,0.302,False
0.4428125023841858,MINUS,MC,36541,12,21.0491,2.7164,0.1646,0.3727,True
0.4428125023841858,MINUS,MC,36405,12,21.0491,2.7164,0.1648,0.373,True
0.4428125023841858,MINUS,MC,49770,58,44.416,2.5444,0.1652,0.3504,False
0.4428125023841858,MINUS,MC,49906,58,44.416,2.3328,0.1652,0.3212,False
0.4428125023841858,MINUS,MC,44765,59,44.6398,2.2347,0.1659,0.3089,True
0.4428125023841858,MINUS,MC,44629,59,44.6398,2.2188,0.1659,0.3067,True
0.4428125023841858,MINUS,MC,4297,47,38.5692,2.2072,0.1668,0.3068,False
0.4428125023841858,MINUS,MC,4161,47,38.5692,2.2102,0.1668,0.3073,False
0.4428125023841858,MINUS,MC,49838,58,44.416,2.601,0.1673,0.3627,False
0.4428125023841858,MINUS,MC,4884,150,90.0,2.7016,0.1683,0.379,False
0.4428125023841858,MINUS,MC,4958,150,90.0,2.7016,0.1684,0.3792,False
0.4428125023841858,MINUS,MC,4810,150,90.0,2.7016,0.1684,0.3792,False
0.4428125023841858,MINUS,MC,49563,110,70.3717,2.6535,0.1687,0.373,False
0.4428125023841858,MINUS,MC,49601,110,70.3717,2.8248,0.1687,0.3971,False
0.4428125023841858,MINUS,MC,50299,86,58.013,2.5553,0.1708,0.3637,True
0.4428125023841858,MINUS,MC,50343,86,58.013,2.9225,0.1715,0.4177,True
0.4428125023841858,MINUS,MC,50255,86,58.013,2.9328,0.1715,0.4192,True
0.4428125023841858,MINUS,MC,36473,12,21.0491,2.6931,0.1724,0.387,True
0.4428125023841858,MINUS,MC,32710,81,55.5327,2.8704,0.1731,0.4141,True
0.4428125023841858,MINUS,MC,32666,81,55.5327,2.4356,0.1734,0.3519,True
0.4428125023841858,MINUS,MC,32754,81,55.5327,2.8896,0.1734,0.4176,True
0.4428125023841858,MINUS,MC,49645,84,57.4338,2.7199,0.1748,0.3962,True
0.4428125023841858,MINUS,MC,49709,84,57.4338,2.6678,0.1748,0.3886,True
0.4428125023841858,MINUS,MC,49677,84,57.4338,2.9558,0.1749,0.4309,True
0.4428125023841858,MINUS,MC,49582,110,70.3717,2.8031,0.176,0.4112,False
0.4428125023841858,MINUS,MC,49582,110,70.3717,2.8031,0.1763,0.4119,False
0.4428125023841858,MINUS,MC,49612,135,82.5795,2.642,0.1763,0.3883,False
0.4428125023841858,MINUS,MC,51043,150,90.0,2.7541,0.177,0.4062,True
0.4428125023841858,MINUS,MC,50970,150,90.0,2.2037,0.178,0.3269,True
0.4428125023841858,MINUS,MC,51116,150,90.0,2.9179,0.178,0.4329,True
0.4428125023841858,MINUS,MC,49574,135,82.5795,2.6358,0.1783,0.3917,False
0.4428125023841858,MINUS,MC,4956,150,90.0,2.1733,0.1793,0.3248,False
0.4428125023841858,MINUS,MC,4808,150,90.0,2.1733,0.1793,0.3248,False
0.4428125023841858,MINUS,MC,32712,86,58.0415,2.8792,0.1797,0.4311,True
0.4428125023841858,MINUS,MC,49593,135,82.5795,2.6199,0.1798,0.3925,False
0.4428125023841858,MINUS,MC,32668,86,58.0415,2.8841,0.18,0.4326,True
0.4428125023841858,MINUS,MC,32756,86,58.0415,2.8841,0.18,0.4327,True
0.4428125023841858,MINUS,MC,3900,40,35.0,2.2099,0.1814,0.3341,True
0.4428125023841858,MINUS,MC,3930,40,35.0,2.2074,0.1814,0.3337,True
0.4428125023841858,MINUS,MC,3870,40,35.0,2.2075,0.1814,0.3337,True
0.4428125023841858,MINUS,MC,3898,40,35.0,2.2102,0.1815,0.3342,True
0.4428125023841858,MINUS,MC,3928,40,35.0,2.2071,0.1815,0.3338,True
0.4428125023841858,MINUS,MC,3868,40,35.0,2.2074,0.1815,0.3338,True
0.4428125023841858,MINUS,MC,365,40,35.0,2.2099,0.1816,0.3345,True
0.4428125023841858,MINUS,MC,395,40,35.0,2.2099,0.1816,0.3345,True
0.4428125023841858,MINUS,MC,335,40,35.0,2.2099,0.1816,0.3345,True
0.4428125023841858,MINUS,MC,363,40,35.0,2.2099,0.1817,0.3346,True
0.4428125023841858,MINUS,MC,393,40,35.0,2.2099,0.1817,0.3346,True
0.4428125023841858,MINUS,MC,333,40,35.0,2.2099,0.1817,0.3346,True
0.4428125023841858,MINUS,MC,3896,40,35.0,2.2099,0.1819,0.335,True
0.4428125023841858,MINUS,MC,3866,40,35.0,2.2102,0.1819,0.335,True
0.4428125023841858,MINUS,MC,3926,40,35.0,2.2071,0.1819,0.3346,True
0.4428125023841858,MINUS,MC,361,40,35.0,2.2099,0.1821,0.3354,True
0.4428125023841858,MINUS,MC,391,40,35.0,2.2099,0.1821,0.3354,True
0.4428125023841858,MINUS,MC,331,40,35.0,2.2099,0.1821,0.3354,True
0.4428125023841858,MINUS,MC,4882,150,90.0,2.1905,0.1824,0.333,False
0.4428125023841858,MINUS,MC,3894,40,35.0,2.7016,0.1825,0.4108,True
0.4428125023841858,MINUS,MC,3924,40,35.0,2.207,0.1825,0.3356,True
0.4428125023841858,MINUS,MC,3864,40,35.0,2.2074,0.1825,0.3357,True
0.4428125023841858,MINUS,MC,3902,40,35.0,2.2099,0.1825,0.3361,True
0.4428125023841858,MINUS,MC,3872,40,35.0,2.2103,0.1825,0.3362,True
0.4428125023841858,MINUS,MC,3932,40,35.0,2.2074,0.1825,0.3357,True
0.4428125023841858,MINUS,MC,359,40,35.0,2.2099,0.1827,0.3364,True
0.4428125023841858,MINUS,MC,389,40,35.0,2.2099,0.1827,0.3364,True
0.4428125023841858,MINUS,MC,329,40,35.0,2.2099,0.1827,0.3364,True
0.4428125023841858,MINUS,MC,367,40,35.0,2.2099,0.1827,0.3365,True
0.4428125023841858,MINUS,MC,397,40,35.0,2.2099,0.1827,0.3365,True
0.4428125023841858,MINUS,MC,337,40,35.0,2.2099,0.1827,0.3365,True
0.4428125023841858,MINUS,MC,3892,40,35.0,2.2071,0.1831,0.3367,True
0.4428125023841858,MINUS,MC,3922,40,35.0,2.2099,0.1831,0.3371,True
0.4428125023841858,MINUS,MC,3862,40,35.0,2.2075,0.1831,0.3368,True
0.4428125023841858,MINUS,MC,357,40,35.0,2.2099,0.1832,0.3374,True
0.4428125023841858,MINUS,MC,387,40,35.0,2.2099,0.1832,0.3374,True
0.4428125023841858,MINUS,MC,327,40,35.0,2.2099,0.1832,0.3374,True
0.4428125023841858,MINUS,MC,3890,40,35.0,2.2099,0.1836,0.3382,True
0.4428125023841858,MINUS,MC,3920,40,35.0,2.2071,0.1836,0.3377,True
0.4428125023841858,MINUS,MC,3860,40,35.0,2.2099,0.1836,0.3382,True
0.4428125023841858,MINUS,MC,355,40,35.0,2.2099,0.1838,0.3384,True
0.4428125023841858,MINUS,MC,385,40,35.0,2.2099,0.1838,0.3384,True
0.4428125023841858,MINUS,MC,325,40,35.0,2.2099,0.1838,0.3384,True
0.4428125023841858,MINUS,MC,3888,40,35.0,2.2101,0.1841,0.3391,True
0.4428125023841858,MINUS,MC,3918,40,35.0,2.207,0.1841,0.3387,True
0.4428125023841858,MINUS,MC,3858,40,35.0,2.207,0.1841,0.3387,True
0.4428125023841858,MINUS,MC,4883,150,90.0,2.08,0.1841,0.3192,False
0.4428125023841858,MINUS,MC,49574,135,82.5795,2.6358,0.1842,0.4046,False
0.4428125023841858,MINUS,MC,353,40,35.0,2.2099,0.1843,0.3394,True
0.4428125023841858,MINUS,MC,383,40,35.0,2.2099,0.1843,0.3394,True
0.4428125023841858,MINUS,MC,323,40,35.0,2.2099,0.1843,0.3394,True
0.4428125023841858,MINUS,MC,3904,40,35.0,2.2102,0.1844,0.3396,True
0.4428125023841858,MINUS,MC,3934,40,35.0,2.2074,0.1844,0.3392,True
0.4428125023841858,MINUS,MC,3874,40,35.0,2.2103,0.1844,0.3396,True
0.4428125023841858,MINUS,MC,51532,111,70.6073,2.8016,0.1845,0.4308,False
0.4428125023841858,MINUS,MC,3886,40,35.0,2.2099,0.1846,0.34,True
0.4428125023841858,MINUS,MC,3916,40,35.0,2.2099,0.1846,0.34,True
0.4428125023841858,MINUS,MC,3856,40,35.0,2.7016,0.1846,0.4156,True
0.4428125023841858,MINUS,MC,369,40,35.0,2.2099,0.1847,0.3401,True
0.4428125023841858,MINUS,MC,399,40,35.0,2.2099,0.1847,0.34,True
0.4428125023841858,MINUS,MC,339,40,35.0,2.207,0.1847,0.3396,True
0.4428125023841858,MINUS,MC,351,40,35.0,2.2071,0.1847,0.3398,True
0.4428125023841858,MINUS,MC,381,40,35.0,2.2099,0.1847,0.3402,True
0.4428125023841858,MINUS,MC,321,40,35.0,2.2099,0.1847,0.3402,True
0.4428125023841858,MINUS,MC,51532,111,70.6073,2.8016,0.1849,0.4316,False
0.4428125023841858,MINUS,MC,3884,40,35.0,2.2101,0.185,0.3407,True
0.4428125023841858,MINUS,MC,3854,40,35.0,2.7016,0.185,0.4165,True
0.4428125023841858,MINUS,MC,3914,40,35.0,2.2071,0.185,0.3403,True
0.4428125023841858,MINUS,MC,349,40,35.0,2.2071,0.1851,0.3405,True
0.4428125023841858,MINUS,MC,379,40,35.0,2.2071,0.1851,0.3405,True
0.4428125023841858,MINUS,MC,319,40,35.0,2.2099,0.1851,0.3409,True
0.4428125023841858,MINUS,MC,3912,40,35.0,2.7016,0.1853,0.4171,True
0.4428125023841858,MINUS,MC,3882,40,35.0,2.2103,0.1853,0.3412,True
0.4428125023841858,MINUS,MC,3942,40,35.0,2.7016,0.1853,0.4171,True
0.4428125023841858,MINUS,MC,3910,40,35.0,2.207,0.1853,0.3409,True
0.4428125023841858,MINUS,MC,3880,40,35.0,2.2103,0.1853,0.3414,True
0.4428125023841858,MINUS,MC,3940,40,35.0,2.2071,0.1853,0.3409,True
0.4428125023841858,MINUS,MC,3589,40,35.0,2.2099,0.1853,0.3413,True
0.4428125023841858,MINUS,MC,3619,40,35.0,2.207,0.1853,0.3409,True
0.4428125023841858,MINUS,MC,3559,40,35.0,2.207,0.1853,0.3409,True
0.4428125023841858,MINUS,MC,440,40,35.0,2.2071,0.1854,0.3411,True
0.4428125023841858,MINUS,MC,470,40,35.0,2.207,0.1854,0.341,True
0.4428125023841858,MINUS,MC,410,40,35.0,2.207,0.1854,0.341,True
0.4428125023841858,MINUS,MC,3906,40,35.0,2.2074,0.1855,0.3411,True
0.4428125023841858,MINUS,MC,3876,40,35.0,2.2103,0.1855,0.3416,True
0.4428125023841858,MINUS,MC,3936,40,35.0,2.2099,0.1855,0.3415,True
0.4428125023841858,MINUS,MC,3908,40,35.0,2.2074,0.1855,0.3412,True
0.4428125023841858,MINUS,MC,3878,40,35.0,2.2103,0.1855,0.3417,True
0.4428125023841858,MINUS,MC,3938,40,35.0,2.2074,0.1855,0.3412,True
0.4428125023841858,MINUS,MC,4091,40,35.0,2.2099,0.1855,0.3417,True
0.4428125023841858,MINUS,MC,4121,40,35.0,2.2103,0.1855,0.3418,True
0.4428125023841858,MINUS,MC,4061,40,35.0,2.2099,0.1855,0.3417,True
0.4428125023841858,MINUS,MC,3591,40,35.0,2.2099,0.1856,0.3418,True
0.4428125023841858,MINUS,MC,3621,40,35.0,2.207,0.1856,0.3413,True
0.4428125023841858,MINUS,MC,3561,40,35.0,2.2099,0.1856,0.3418,True
0.4428125023841858,MINUS,MC,377,40,35.0,2.2074,0.1856,0.3415,True
0.4428125023841858,MINUS,MC,407,40,35.0,2.2099,0.1856,0.3419,True
0.4428125023841858,MINUS,MC,347,40,35.0,2.2071,0.1856,0.3414,True
0.4428125023841858,MINUS,MC,4809,150,90.0,2.7016,0.1856,0.4179,False
0.4428125023841858,MINUS,MC,4957,150,90.0,2.0646,0.1856,0.3194,False
0.4428125023841858,MINUS,MC,375,40,35.0,2.2099,0.1857,0.3419,True
0.4428125023841858,MINUS,MC,405,40,35.0,2.2099,0.1857,0.3419,True
0.4428125023841858,MINUS,MC,345,40,35.0,2.2071,0.1857,0.3415,True
0.4428125023841858,MINUS,MC,442,40,35.0,2.2099,0.1857,0.3419,True
0.4428125023841858,MINUS,MC,472,40,35.0,2.2072,0.1857,0.3415,True
0.4428125023841858,MINUS,MC,412,40,35.0,2.2071,0.1857,0.3415,True
0.4428125023841858,MINUS,MC,371,40,35.0,2.2099,0.1857,0.342,True
0.4428125023841858,MINUS,MC,401,40,35.0,2.2099,0.1857,0.342,True
0.4428125023841858,MINUS,MC,341,40,35.0,2.2099,0.1857,0.342,True
0.4428125023841858,MINUS,MC,3593,40,35.0,2.2099,0.1858,0.3421,True
0.4428125023841858,MINUS,MC,3623,40,35.0,2.2099,0.1858,0.3421,True
0.4428125023841858,MINUS,MC,3563,40,35.0,2.207,0.1858,0.3417,True
0.4428125023841858,MINUS,MC,373,40,35.0,2.2071,0.1858,0.3417,True
0.4428125023841858,MINUS,MC,403,40,35.0,2.2099,0.1858,0.3422,True
0.4428125023841858,MINUS,MC,343,40,35.0,2.2099,0.1858,0.3422,True
0.4428125023841858,MINUS,MC,444,40,35.0,2.207,0.1858,0.3418,True
0.4428125023841858,MINUS,MC,474,40,35.0,2.207,0.1858,0.3418,True
0.4428125023841858,MINUS,MC,414,40,35.0,2.2099,0.1858,0.3422,True
0.4428125023841858,MINUS,MC,3595,40,35.0,2.2099,0.1859,0.3424,True
0.4428125023841858,MINUS,MC,3625,40,35.0,2.2099,0.1859,0.3424,True
0.4428125023841858,MINUS,MC,3565,40,35.0,2.2099,0.1859,0.3424,True
0.4428125023841858,MINUS,MC,288,40,35.0,2.2099,0.186,0.3425,True
0.4428125023841858,MINUS,MC,318,40,35.0,2.2099,0.186,0.3425,True
0.4428125023841858,MINUS,MC,258,40,35.0,2.207,0.186,0.342,True
0.4428125023841858,MINUS,MC,446,40,35.0,2.2071,0.186,0.3421,True
0.4428125023841858,MINUS,MC,476,40,35.0,2.207,0.186,0.3421,True
0.4428125023841858,MINUS,MC,416,40,35.0,2.2099,0.186,0.3425,True
0.4428125023841858,MINUS,MC,3597,40,35.0,2.2099,0.1861,0.3427,True
0.4428125023841858,MINUS,MC,3567,40,35.0,2.2099,0.1861,0.3427,True
0.4428125023841858,MINUS,MC,3627,40,35.0,2.2099,0.1861,0.3427,True
0.4428125023841858,MINUS,MC,448,40,35.0,2.2071,0.1861,0.3423,True
0.4428125023841858,MINUS,MC,478,40,35.0,2.2071,0.1861,0.3423,True
0.4428125023841858,MINUS,MC,418,40,35.0,2.2072,0.1861,0.3424,True
0.4428125023841858,MINUS,MC,3599,40,35.0,2.2099,0.1862,0.3429,True
0.4428125023841858,MINUS,MC,3569,40,35.0,2.2099,0.1862,0.3429,True
0.4428125023841858,MINUS,MC,3629,40,35.0,2.2073,0.1862,0.3425,True
0.4428125023841858,MINUS,MC,450,40,35.0,2.207,0.1863,0.3426,True
0.4428125023841858,MINUS,MC,480,40,35.0,2.2099,0.1863,0.343,True
0.4428125023841858,MINUS,MC,420,40,35.0,2.2099,0.1863,0.343,True
0.4428125023841858,MINUS,MC,3601,40,35.0,2.2099,0.1864,0.3433,True
0.4428125023841858,MINUS,MC,3571,40,35.0,2.2099,0.1864,0.3433,True
0.4428125023841858,MINUS,MC,3631,40,35.0,2.2099,0.1864,0.3433,True
0.4428125023841858,MINUS,MC,4089,40,35.0,2.2074,0.1864,0.343,True
0.4428125023841858,MINUS,MC,4119,40,35.0,2.2074,0.1864,0.3429,True
0.4428125023841858,MINUS,MC,4059,40,35.0,2.2074,0.1864,0.343,True
0.4428125023841858,MINUS,MC,452,40,35.0,2.2071,0.1865,0.3429,True
0.4428125023841858,MINUS,MC,482,40,35.0,2.2099,0.1865,0.3434,True
0.4428125023841858,MINUS,MC,422,40,35.0,2.2071,0.1865,0.3429,True
0.4428125023841858,MINUS,MC,49563,110,70.3717,2.6535,0.1866,0.4125,False
0.4428125023841858,MINUS,MC,49436,23,26.8743,2.708,0.1866,0.421,False
0.4428125023841858,MINUS,MC,51513,111,70.6073,2.8603,0.1866,0.4448,False
0.4428125023841858,MINUS,MC,49300,23,26.8743,2.2188,0.1867,0.3452,False
0.4428125023841858,MINUS,MC,3603,40,35.0,2.2099,0.1867,0.3439,True
0.4428125023841858,MINUS,MC,3573,40,35.0,2.2099,0.1867,0.3439,True
0.4428125023841858,MINUS,MC,3633,40,35.0,2.2099,0.1867,0.3439,True
0.4428125023841858,MINUS,MC,51551,111,70.6073,2.8683,0.1868,0.4464,False
0.4428125023841858,MINUS,MC,454,40,35.0,2.207,0.1868,0.3435,True
0.4428125023841858,MINUS,MC,484,40,35.0,2.2071,0.1868,0.3435,True
0.4428125023841858,MINUS,MC,424,40,35.0,2.2071,0.1868,0.3435,True
0.4428125023841858,MINUS,MC,286,40,35.0,2.207,0.1869,0.3438,True
0.4428125023841858,MINUS,MC,316,40,35.0,2.2099,0.1869,0.3443,True
0.4428125023841858,MINUS,MC,256,40,35.0,2.7016,0.1869,0.4209,True
0.4428125023841858,MINUS,MC,3605,40,35.0,2.2099,0.1872,0.3447,True
0.4428125023841858,MINUS,MC,3575,40,35.0,2.2072,0.1872,0.3442,True
0.4428125023841858,MINUS,MC,3635,40,35.0,2.21,0.1872,0.3447,True
0.4428125023841858,MINUS,MC,456,40,35.0,2.207,0.1872,0.3443,True
0.4428125023841858,MINUS,MC,486,40,35.0,2.2099,0.1872,0.3447,True
0.4428125023841858,MINUS,MC,426,40,35.0,2.2071,0.1872,0.3443,True
0.4428125023841858,MINUS,MC,49601,110,70.3717,2.8248,0.1873,0.4409,False
0.4428125023841858,MINUS,MC,3607,40,35.0,2.2099,0.1875,0.3453,True
0.4428125023841858,MINUS,MC,3577,40,35.0,2.2099,0.1875,0.3453,True
0.4428125023841858,MINUS,MC,3637,40,35.0,2.2099,0.1875,0.3453,True
0.4428125023841858,MINUS,MC,458,40,35.0,2.2071,0.1876,0.345,True
0.4428125023841858,MINUS,MC,488,40,35.0,2.2099,0.1876,0.3454,True
0.4428125023841858,MINUS,MC,428,40,35.0,2.207,0.1876,0.345,True
0.4428125023841858,MINUS,MC,45175,84,57.4227,2.9878,0.1877,0.4672,True
0.4428125023841858,MINUS,MC,45111,84,57.4227,2.2964,0.1877,0.3591,True
0.4428125023841858,MINUS,MC,4087,40,35.0,2.2099,0.1877,0.3456,True
0.4428125023841858,MINUS,MC,4117,40,35.0,2.2074,0.1877,0.3452,True
0.4428125023841858,MINUS,MC,4057,40,35.0,2.207,0.1877,0.3452,True
0.4428125023841858,MINUS,MC,49612,135,82.5795,2.642,0.1877,0.4132,False
0.4428125023841858,MINUS,MC,3609,40,35.0,2.2099,0.1878,0.3458,True
0.4428125023841858,MINUS,MC,3579,40,35.0,2.207,0.1878,0.3453,True
0.4428125023841858,MINUS,MC,3639,40,35.0,2.2099,0.1878,0.3458,True
0.4428125023841858,MINUS,MC,460,40,35.0,2.207,0.1878,0.3454,True
0.4428125023841858,MINUS,MC,490,40,35.0,2.207,0.1878,0.3454,True
0.4428125023841858,MINUS,MC,430,40,35.0,2.207,0.1878,0.3454,True
0.4428125023841858,MINUS,MC,45143,84,57.4227,2.9489,0.1879,0.4617,True
0.4428125023841858,MINUS,MC,3611,40,35.0,2.2071,0.1879,0.3457,True
0.4428125023841858,MINUS,MC,3641,40,35.0,2.2099,0.1879,0.3461,True
0.4428125023841858,MINUS,MC,3581,40,35.0,2.207,0.1879,0.3457,True
0.4428125023841858,MINUS,MC,462,40,35.0,2.207,0.188,0.3457,True
0.4428125023841858,MINUS,MC,492,40,35.0,2.2099,0.188,0.3462,True
0.4428125023841858,MINUS,MC,432,40,35.0,2.2071,0.188,0.3457,True
0.4428125023841858,MINUS,MC,3613,40,35.0,2.2071,0.1881,0.346,True
0.4428125023841858,MINUS,MC,3583,40,35.0,2.2099,0.1881,0.3464,True
0.4428125023841858,MINUS,MC,3643,40,35.0,2.2071,0.1881,0.346,True
0.4428125023841858,MINUS,MC,464,40,35.0,2.2071,0.1882,0.3461,True
0.4428125023841858,MINUS,MC,494,40,35.0,2.207,0.1882,0.3461,True
0.4428125023841858,MINUS,MC,434,40,35.0,2.2071,0.1882,0.3461,True
0.4428125023841858,MINUS,MC,3615,40,35.0,2.207,0.1883,0.3463,True
0.4428125023841858,MINUS,MC,3645,40,35.0,2.2099,0.1883,0.3467,True
0.4428125023841858,MINUS,MC,3585,40,35.0,2.2099,0.1883,0.3467,True
0.4428125023841858,MINUS,MC,49368,23,26.8743,2.2216,0.1883,0.3486,False
0.4428125023841858,MINUS,MC,284,40,35.0,2.2099,0.1883,0.3468,True
0.4428125023841858,MINUS,MC,314,40,35.0,2.2099,0.1883,0.3468,True
0.4428125023841858,MINUS,MC,254,40,35.0,2.7016,0.1883,0.4239,True
0.4428125023841858,MINUS,MC,466,40,35.0,2.207,0.1883,0.3463,True
0.4428125023841858,MINUS,MC,496,40,35.0,2.2099,0.1883,0.3468,True
0.4428125023841858,MINUS,MC,436,40,35.0,2.207,0.1883,0.3463,True
0.4428125023841858,MINUS,MC,49593,135,82.5795,2.6199,0.1883,0.4112,False
0.4428125023841858,MINUS,MC,3617,40,35.0,2.207,0.1884,0.3466,True
0.4428125023841858,MINUS,MC,3647,40,35.0,2.2099,0.1884,0.347,True
0.4428125023841858,MINUS,MC,3587,40,35.0,2.2099,0.1884,0.347,True
0.4428125023841858,MINUS,MC,468,40,35.0,2.2099,0.1885,0.3471,True
0.4428125023841858,MINUS,MC,498,40,35.0,2.2099,0.1885,0.3471,True
0.4428125023841858,MINUS,MC,438,40,35.0,2.207,0.1885,0.3466,True
0.4428125023841858,MINUS,MC,4085,40,35.0,2.207,0.1885,0.3468,True
0.4428125023841858,MINUS,MC,4115,40,35.0,2.2073,0.1885,0.3468,True
0.4428125023841858,MINUS,MC,4055,40,35.0,2.7016,0.1885,0.4245,True
0.4428125023841858,MINUS,MC,3528,40,35.0,2.2099,0.1886,0.3473,True
0.4428125023841858,MINUS,MC,3558,40,35.0,2.2099,0.1886,0.3473,True
0.4428125023841858,MINUS,MC,3498,40,35.0,2.207,0.1886,0.3468,True
0.4428125023841858,MINUS,MC,557,40,35.0,2.2099,0.1886,0.3473,True
0.4428125023841858,MINUS,MC,587,40,35.0,2.2099,0.1886,0.3473,True
0.4428125023841858,MINUS,MC,527,40,35.0,2.2099,0.1886,0.3473,True
0.4428125023841858,MINUS,MC,3526,40,35.0,2.2099,0.1887,0.3475,True
0.4428125023841858,MINUS,MC,3556,40,35.0,2.2099,0.1887,0.3475,True
0.4428125023841858,MINUS,MC,3496,40,35.0,2.207,0.1887,0.3471,True
0.4428125023841858,MINUS,MC,555,40,35.0,2.2073,0.1887,0.3472,True
0.4428125023841858,MINUS,MC,585,40,35.0,2.2101,0.1887,0.3476,True
0.4428125023841858,MINUS,MC,525,40,35.0,2.2099,0.1887,0.3476,True
0.4428125023841858,MINUS,MC,3524,40,35.0,2.2099,0.1888,0.3478,True
0.4428125023841858,MINUS,MC,3554,40,35.0,2.2099,0.1888,0.3478,True
0.4428125023841858,MINUS,MC,3494,40,35.0,2.2071,0.1888,0.3473,True
0.4428125023841858,MINUS,MC,553,40,35.0,2.2074,0.1889,0.3474,True
0.4428125023841858,MINUS,MC,583,40,35.0,2.2074,0.1889,0.3474,True
0.4428125023841858,MINUS,MC,523,40,35.0,2.2099,0.1889,0.3478,True
0.4428125023841858,MINUS,MC,4083,40,35.0,2.2099,0.1889,0.3479,True
0.4428125023841858,MINUS,MC,4113,40,35.0,2.2074,0.1889,0.3475,True
0.4428125023841858,MINUS,MC,4053,40,35.0,2.2074,0.1889,0.3475,True
0.4428125023841858,MINUS,MC,4081,40,35.0,2.2099,0.1889,0.348,True
0.4428125023841858,MINUS,MC,4111,40,35.0,2.2075,0.1889,0.3476,True
0.4428125023841858,MINUS,MC,4051,40,35.0,2.0121,0.1889,0.3168,True
0.4428125023841858,MINUS,MC,3522,40,35.0,2.2099,0.189,0.348,True
0.4428125023841858,MINUS,MC,3552,40,35.0,2.2099,0.189,0.348,True
0.4428125023841858,MINUS,MC,3492,40,35.0,2.2099,0.189,0.348,True
0.4428125023841858,MINUS,MC,551,40,35.0,2.2099,0.189,0.348,True
0.4428125023841858,MINUS,MC,581,40,35.0,2.2074,0.189,0.3476,True
0.4428125023841858,MINUS,MC,521,40,35.0,2.2074,0.189,0.3476,True
0.4428125023841858,MINUS,MC,3520,40,35.0,2.2099,0.1891,0.3482,True
0.4428125023841858,MINUS,MC,3550,40,35.0,2.2099,0.1891,0.3482,True
0.4428125023841858,MINUS,MC,3490,40,35.0,2.2074,0.1891,0.3478,True
0.4428125023841858,MINUS,MC,549,40,35.0,2.2074,0.1891,0.3479,True
0.4428125023841858,MINUS,MC,579,40,35.0,2.2074,0.1891,0.3479,True
0.4428125023841858,MINUS,MC,519,40,35.0,2.2074,0.1891,0.3479,True
0.4428125023841858,MINUS,MC,4079,40,35.0,2.2099,0.1892,0.3484,True
0.4428125023841858,MINUS,MC,4109,40,35.0,2.2102,0.1892,0.3484,True
0.4428125023841858,MINUS,MC,4049,40,35.0,2.207,0.1892,0.3479,True
0.4428125023841858,MINUS,MC,3518,40,35.0,2.207,0.1892,0.348,True
0.4428125023841858,MINUS,MC,3488,40,35.0,2.2099,0.1892,0.3484,True
0.4428125023841858,MINUS,MC,3548,40,35.0,2.207,0.1892,0.348,True
0.4428125023841858,MINUS,MC,547,40,35.0,2.2074,0.1892,0.3481,True
0.4428125023841858,MINUS,MC,577,40,35.0,2.2074,0.1892,0.3481,True
0.4428125023841858,MINUS,MC,517,40,35.0,2.207,0.1892,0.348,True
0.4428125023841858,MINUS,MC,3516,40,35.0,2.2099,0.1893,0.3487,True
0.4428125023841858,MINUS,MC,3486,40,35.0,2.207,0.1893,0.3482,True
0.4428125023841858,MINUS,MC,3546,40,35.0,2.2099,0.1893,0.3487,True
0.4428125023841858,MINUS,MC,545,40,35.0,2.2074,0.1893,0.3483,True
0.4428125023841858,MINUS,MC,575,40,35.0,2.2074,0.1893,0.3483,True
0.4428125023841858,MINUS,MC,515,40,35.0,2.207,0.1893,0.3482,True
0.4428125023841858,MINUS,MC,282,40,35.0,2.2099,0.1893,0.3487,True
0.4428125023841858,MINUS,MC,312,40,35.0,2.2099,0.1893,0.3487,True
0.4428125023841858,MINUS,MC,252,40,35.0,2.2074,0.1893,0.3483,True
0.4428125023841858,MINUS,MC,3514,40,35.0,2.2099,0.1894,0.3488,True
0.4428125023841858,MINUS,MC,3544,40,35.0,2.2099,0.1894,0.3489,True
0.4428125023841858,MINUS,MC,3484,40,35.0,2.2099,0.1894,0.3489,True
0.4428125023841858,MINUS,MC,543,40,35.0,2.2073,0.1894,0.3485,True
0.4428125023841858,MINUS,MC,573,40,35.0,2.2071,0.1894,0.3484,True
0.4428125023841858,MINUS,MC,513,40,35.0,2.2099,0.1894,0.3489,True
0.4428125023841858,MINUS,MC,3512,40,35.0,2.207,0.1895,0.3486,True
0.4428125023841858,MINUS,MC,3542,40,35.0,2.2099,0.1895,0.349,True
0.4428125023841858,MINUS,MC,3482,40,35.0,2.2099,0.1895,0.349,True
0.4428125023841858,MINUS,MC,541,40,35.0,2.2073,0.1895,0.3486,True
0.4428125023841858,MINUS,MC,511,40,35.0,2.2071,0.1895,0.3486,True
0.4428125023841858,MINUS,MC,571,40,35.0,2.2073,0.1895,0.3486,True
0.4428125023841858,MINUS,MC,3510,40,35.0,2.207,0.1896,0.3488,True
0.4428125023841858,MINUS,MC,3480,40,35.0,2.2099,0.1896,0.3492,True
0.4428125023841858,MINUS,MC,3540,40,35.0,2.2071,0.1896,0.3488,True
0.4428125023841858,MINUS,MC,539,40,35.0,2.2073,0.1896,0.3488,True
0.4428125023841858,MINUS,MC,509,40,35.0,2.207,0.1896,0.3488,True
0.4428125023841858,MINUS,MC,569,40,35.0,2.2073,0.1896,0.3488,True
0.4428125023841858,MINUS,MC,51532,111,70.6073,2.8016,0.1897,0.4428,False
0.4428125023841858,MINUS,MC,3508,40,35.0,2.207,0.1897,0.3489,True
0.4428125023841858,MINUS,MC,3478,40,35.0,2.207,0.1897,0.3489,True
0.4428125023841858,MINUS,MC,3538,40,35.0,2.2099,0.1897,0.3494,True
0.4428125023841858,MINUS,MC,537,40,35.0,2.2073,0.1897,0.349,True
0.4428125023841858,MINUS,MC,567,40,35.0,2.2073,0.1897,0.349,True
0.4428125023841858,MINUS,MC,507,40,35.0,2.2099,0.1897,0.3494,True
0.4428125023841858,MINUS,MC,3506,40,35.0,2.207,0.1898,0.3491,True
0.4428125023841858,MINUS,MC,3476,40,35.0,2.207,0.1898,0.3491,True
0.4428125023841858,MINUS,MC,3536,40,35.0,2.2099,0.1898,0.3496,True
0.4428125023841858,MINUS,MC,535,40,35.0,2.2073,0.1898,0.3492,True
0.4428125023841858,MINUS,MC,565,40,35.0,2.2073,0.1898,0.3492,True
0.4428125023841858,MINUS,MC,505,40,35.0,2.207,0.1898,0.3491,True
0.4428125023841858,MINUS,MC,51532,111,70.6073,2.8016,0.1898,0.4432,False
0.4428125023841858,MINUS,MC,3504,40,35.0,2.2102,0.1899,0.3498,True
0.4428125023841858,MINUS,MC,3474,40,35.0,2.207,0.1899,0.3493,True
0.4428125023841858,MINUS,MC,3534,40,35.0,2.207,0.1899,0.3493,True
0.4428125023841858,MINUS,MC,533,40,35.0,2.2073,0.1899,0.3493,True
0.4428125023841858,MINUS,MC,563,40,35.0,2.2073,0.1899,0.3493,True
0.4428125023841858,MINUS,MC,503,40,35.0,2.2099,0.1899,0.3497,True
0.4428125023841858,MINUS,MC,280,40,35.0,2.2102,0.1899,0.3498,True
0.4428125023841858,MINUS,MC,310,40,35.0,2.2099,0.1899,0.3498,True
0.4428125023841858,MINUS,MC,250,40,35.0,2.207,0.1899,0.3493,True
0.4428125023841858,MINUS,MC,3502,40,35.0,2.2099,0.19,0.3499,True
0.4428125023841858,MINUS,MC,3532,40,35.0,2.2071,0.19,0.3494,True
0.4428125023841858,MINUS,MC,3472,40,35.0,2.2099,0.19,0.3499,True
0.4428125023841858,MINUS,MC,531,40,35.0,2.2071,0.19,0.3494,True
0.4428125023841858,MINUS,MC,561,40,35.0,2.2071,0.19,0.3494,True
0.4428125023841858,MINUS,MC,501,40,35.0,2.2099,0.19,0.3499,True
0.4428125023841858,MINUS,MC,529,40,35.0,2.2073,0.1901,0.3496,True
0.4428125023841858,MINUS,MC,3500,40,35.0,2.207,0.1901,0.3496,True
0.4428125023841858,MINUS,MC,559,40,35.0,2.2073,0.1901,0.3496,True
0.4428125023841858,MINUS,MC,499,40,35.0,2.207,0.1901,0.3496,True
0.4428125023841858,MINUS,MC,3530,40,35.0,2.2099,0.1901,0.35,True
0.4428125023841858,MINUS,MC,3470,40,35.0,2.207,0.1901,0.3496,True
0.4428125023841858,MINUS,MC,620,40,35.0,2.2072,0.1901,0.3497,True
0.4428125023841858,MINUS,MC,650,40,35.0,2.2072,0.1901,0.3497,True
0.4428125023841858,MINUS,MC,590,40,35.0,2.2101,0.1901,0.3502,True
0.4428125023841858,MINUS,MC,3409,40,35.0,2.2071,0.1901,0.3497,True
0.4428125023841858,MINUS,MC,3439,40,35.0,2.2099,0.1901,0.3501,True
0.4428125023841858,MINUS,MC,3379,40,35.0,2.2074,0.1901,0.3498,True
0.4428125023841858,MINUS,MC,278,40,35.0,2.207,0.1902,0.3497,True
0.4428125023841858,MINUS,MC,308,40,35.0,2.2099,0.1902,0.3502,True
0.4428125023841858,MINUS,MC,248,40,35.0,2.2099,0.1902,0.3502,True
0.4428125023841858,MINUS,MC,276,40,35.0,2.207,0.1902,0.3497,True
0.4428125023841858,MINUS,MC,306,40,35.0,2.207,0.1902,0.3497,True
0.4428125023841858,MINUS,MC,246,40,35.0,2.2103,0.1902,0.3503,True
0.4428125023841858,MINUS,MC,622,40,35.0,2.2072,0.1902,0.3498,True
0.4428125023841858,MINUS,MC,652,40,35.0,2.21,0.1902,0.3503,True
0.4428125023841858,MINUS,MC,592,40,35.0,2.2101,0.1902,0.3503,True
0.4428125023841858,MINUS,MC,3411,40,35.0,2.207,0.1902,0.3498,True
0.4428125023841858,MINUS,MC,3441,40,35.0,2.2071,0.1902,0.3498,True
0.4428125023841858,MINUS,MC,3381,40,35.0,2.207,0.1902,0.3498,True
0.4428125023841858,MINUS,MC,624,40,35.0,2.2072,0.1903,0.35,True
0.4428125023841858,MINUS,MC,654,40,35.0,2.2071,0.1903,0.3499,True
0.4428125023841858,MINUS,MC,594,40,35.0,2.2072,0.1903,0.35,True
0.4428125023841858,MINUS,MC,3413,40,35.0,2.207,0.1903,0.3499,True
0.4428125023841858,MINUS,MC,3443,40,35.0,2.207,0.1903,0.3499,True
0.4428125023841858,MINUS,MC,3383,40,35.0,2.2099,0.1903,0.3504,True
0.4428125023841858,MINUS,MC,626,40,35.0,2.2072,0.1903,0.3501,True
0.4428125023841858,MINUS,MC,656,40,35.0,2.2072,0.1903,0.3501,True
0.4428125023841858,MINUS,MC,596,40,35.0,2.2099,0.1903,0.3505,True
0.4428125023841858,MINUS,MC,3415,40,35.0,2.207,0.1903,0.3501,True
0.4428125023841858,MINUS,MC,3445,40,35.0,2.207,0.1903,0.3501,True
0.4428125023841858,MINUS,MC,3385,40,35.0,2.207,0.1903,0.3501,True
0.4428125023841858,MINUS,MC,274,40,35.0,2.207,0.1904,0.3501,True
0.4428125023841858,MINUS,MC,304,40,35.0,2.2071,0.1904,0.3501,True
0.4428125023841858,MINUS,MC,244,40,35.0,2.2099,0.1904,0.3506,True
0.4428125023841858,MINUS,MC,628,40,35.0,2.2072,0.1904,0.3502,True
0.4428125023841858,MINUS,MC,598,40,35.0,2.2071,0.1904,0.3502,True
0.4428125023841858,MINUS,MC,658,40,35.0,2.2071,0.1904,0.3502,True
0.4428125023841858,MINUS,MC,3417,40,35.0,2.2099,0.1904,0.3506,True
0.4428125023841858,MINUS,MC,3447,40,35.0,2.2071,0.1904,0.3502,True
0.4428125023841858,MINUS,MC,3387,40,35.0,2.2099,0.1904,0.3506,True
0.4428125023841858,MINUS,MC,630,40,35.0,2.2072,0.1904,0.3503,True
0.4428125023841858,MINUS,MC,660,40,35.0,2.21,0.1904,0.3507,True
0.4428125023841858,MINUS,MC,600,40,35.0,2.207,0.1904,0.3503,True
0.4428125023841858,MINUS,MC,3419,40,35.0,2.207,0.1904,0.3503,True
0.4428125023841858,MINUS,MC,3449,40,35.0,2.2099,0.1904,0.3507,True
0.4428125023841858,MINUS,MC,3389,40,35.0,2.2103,0.1904,0.3508,True
0.4428125023841858,MINUS,MC,632,40,35.0,2.2071,0.1905,0.3504,True
0.4428125023841858,MINUS,MC,662,40,35.0,2.207,0.1905,0.3504,True
0.4428125023841858,MINUS,MC,602,40,35.0,2.207,0.1905,0.3504,True
0.4428125023841858,MINUS,MC,3421,40,35.0,2.207,0.1905,0.3504,True
0.4428125023841858,MINUS,MC,3451,40,35.0,2.2099,0.1905,0.3508,True
0.4428125023841858,MINUS,MC,3391,40,35.0,2.2074,0.1905,0.3504,True
0.4428125023841858,MINUS,MC,634,40,35.0,2.2071,0.1905,0.3505,True
0.4428125023841858,MINUS,MC,664,40,35.0,2.207,0.1905,0.3505,True
0.4428125023841858,MINUS,MC,604,40,35.0,2.207,0.1905,0.3505,True
0.4428125023841858,MINUS,MC,3423,40,35.0,2.2099,0.1905,0.3509,True
0.4428125023841858,MINUS,MC,3453,40,35.0,2.2099,0.1905,0.3509,True
0.4428125023841858,MINUS,MC,3393,40,35.0,2.2099,0.1905,0.3509,True
0.4428125023841858,MINUS,MC,636,40,35.0,2.2071,0.1906,0.3506,True
0.4428125023841858,MINUS,MC,666,40,35.0,2.207,0.1906,0.3505,True
0.4428125023841858,MINUS,MC,606,40,35.0,2.2071,0.1906,0.3505,True
0.4428125023841858,MINUS,MC,3425,40,35.0,2.2099,0.1906,0.351,True
0.4428125023841858,MINUS,MC,3455,40,35.0,2.2099,0.1906,0.351,True
0.4428125023841858,MINUS,MC,3395,40,35.0,2.2099,0.1906,0.351,True
0.4428125023841858,MINUS,MC,638,40,35.0,2.207,0.1906,0.3506,True
0.4428125023841858,MINUS,MC,608,40,35.0,2.207,0.1906,0.3506,True
0.4428125023841858,MINUS,MC,668,40,35.0,2.2099,0.1906,0.3511,True
0.4428125023841858,MINUS,MC,3427,40,35.0,2.2099,0.1906,0.3511,True
0.4428125023841858,MINUS,MC,3457,40,35.0,2.207,0.1906,0.3506,True
0.4428125023841858,MINUS,MC,3397,40,35.0,2.2099,0.1906,0.3511,True
0.4428125023841858,MINUS,MC,640,40,35.0,2.2071,0.1907,0.3507,True
0.4428125023841858,MINUS,MC,670,40,35.0,2.7016,0.1907,0.4293,True
0.4428125023841858,MINUS,MC,610,40,35.0,2.207,0.1907,0.3507,True
0.4428125023841858,MINUS,MC,3429,40,35.0,2.2099,0.1907,0.3511,True
0.4428125023841858,MINUS,MC,3459,40,35.0,2.207,0.1907,0.3507,True
0.4428125023841858,MINUS,MC,3399,40,35.0,2.207,0.1907,0.3507,True
0.4428125023841858,MINUS,MC,642,40,35.0,2.2071,0.1907,0.3508,True
0.4428125023841858,MINUS,MC,672,40,35.0,2.2071,0.1907,0.3508,True
0.4428125023841858,MINUS,MC,612,40,35.0,2.2071,0.1907,0.3508,True
0.4428125023841858,MINUS,MC,3431,40,35.0,2.2099,0.1907,0.3512,True
0.4428125023841858,MINUS,MC,3401,40,35.0,2.207,0.1907,0.3508,True
0.4428125023841858,MINUS,MC,3461,40,35.0,2.207,0.1907,0.3508,True
0.4428125023841858,MINUS,MC,644,40,35.0,2.2099,0.1907,0.3513,True
0.4428125023841858,MINUS,MC,674,40,35.0,2.207,0.1907,0.3508,True
0.4428125023841858,MINUS,MC,614,40,35.0,2.2071,0.1907,0.3508,True
0.4428125023841858,MINUS,MC,3433,40,35.0,2.2016,0.1908,0.35,True
0.4428125023841858,MINUS,MC,3463,40,35.0,2.207,0.1908,0.3508,True
0.4428125023841858,MINUS,MC,3403,40,35.0,2.2099,0.1908,0.3513,True
0.4428125023841858,MINUS,MC,646,40,35.0,2.2072,0.1908,0.3509,True
0.4428125023841858,MINUS,MC,676,40,35.0,2.2071,0.1908,0.3509,True
0.4428125023841858,MINUS,MC,616,40,35.0,2.207,0.1908,0.3509,True
0.4428125023841858,MINUS,MC,3435,40,35.0,2.2071,0.1908,0.3509,True
0.4428125023841858,MINUS,MC,3465,40,35.0,2.207,0.1908,0.3509,True
0.4428125023841858,MINUS,MC,3405,40,35.0,2.2099,0.1908,0.3513,True
0.4428125023841858,MINUS,MC,51513,111,70.6073,2.8603,0.1908,0.4548,False
0.4428125023841858,MINUS,MC,648,40,35.0,2.207,0.1908,0.3509,True
0.4428125023841858,MINUS,MC,678,40,35.0,2.2071,0.1908,0.3509,True
0.4428125023841858,MINUS,MC,618,40,35.0,2.2072,0.1908,0.351,True
0.4428125023841858,MINUS,MC,3437,40,35.0,2.207,0.1908,0.3509,True
0.4428125023841858,MINUS,MC,3467,40,35.0,2.2099,0.1908,0.3514,True
0.4428125023841858,MINUS,MC,3407,40,35.0,2.207,0.1908,0.351,True
0.4428125023841858,MINUS,MC,737,40,35.0,2.2099,0.1908,0.3514,True
0.4428125023841858,MINUS,MC,767,40,35.0,2.2099,0.1908,0.3514,True
0.4428125023841858,MINUS,MC,707,40,35.0,2.2099,0.1908,0.3514,True
0.4428125023841858,MINUS,MC,3348,40,35.0,2.21,0.1908,0.3515,True
0.4428125023841858,MINUS,MC,3318,40,35.0,2.2099,0.1908,0.3515,True
0.4428125023841858,MINUS,MC,3378,40,35.0,2.207,0.1908,0.351,True
0.4428125023841858,MINUS,MC,735,40,35.0,2.2099,0.1909,0.3515,True
0.4428125023841858,MINUS,MC,705,40,35.0,2.207,0.1909,0.351,True
0.4428125023841858,MINUS,MC,765,40,35.0,2.2099,0.1909,0.3515,True
0.4428125023841858,MINUS,MC,3346,40,35.0,2.21,0.1909,0.3515,True
0.4428125023841858,MINUS,MC,3376,40,35.0,2.2099,0.1909,0.3515,True
0.4428125023841858,MINUS,MC,3316,40,35.0,2.2099,0.1909,0.3515,True
0.4428125023841858,MINUS,MC,733,40,35.0,2.2099,0.1909,0.3515,True
0.4428125023841858,MINUS,MC,763,40,35.0,2.207,0.1909,0.3511,True
0.4428125023841858,MINUS,MC,703,40,35.0,2.2099,0.1909,0.3515,True
0.4428125023841858,MINUS,MC,3344,40,35.0,2.2099,0.1909,0.3515,True
0.4428125023841858,MINUS,MC,3374,40,35.0,2.2099,0.1909,0.3516,True
0.4428125023841858,MINUS,MC,3314,40,35.0,2.2099,0.1909,0.3515,True
0.4428125023841858,MINUS,MC,731,40,35.0,2.207,0.1909,0.3511,True
0.4428125023841858,MINUS,MC,701,40,35.0,2.207,0.1909,0.3511,True
0.4428125023841858,MINUS,MC,761,40,35.0,2.2099,0.1909,0.3516,True
0.4428125023841858,MINUS,MC,3342,40,35.0,2.2099,0.1909,0.3516,True
0.4428125023841858,MINUS,MC,3372,40,35.0,2.2099,0.1909,0.3516,True
0.4428125023841858,MINUS,MC,3312,40,35.0,2.2099,0.1909,0.3516,True
0.4428125023841858,MINUS,MC,729,40,35.0,2.2099,0.1909,0.3516,True
0.4428125023841858,MINUS,MC,699,40,35.0,2.207,0.1909,0.3512,True
0.4428125023841858,MINUS,MC,759,40,35.0,2.2099,0.1909,0.3516,True
0.4428125023841858,MINUS,MC,3340,40,35.0,2.2099,0.1909,0.3516,True
0.4428125023841858,MINUS,MC,3310,40,35.0,2.2099,0.1909,0.3516,True
0.4428125023841858,MINUS,MC,3370,40,35.0,2.207,0.1909,0.3512,True
0.4428125023841858,MINUS,MC,727,40,35.0,2.2099,0.191,0.3517,True
0.4428125023841858,MINUS,MC,757,40,35.0,2.2099,0.191,0.3517,True
0.4428125023841858,MINUS,MC,697,40,35.0,2.2103,0.191,0.3517,True
0.4428125023841858,MINUS,MC,3338,40,35.0,2.2099,0.191,0.3517,True
0.4428125023841858,MINUS,MC,3308,40,35.0,2.2101,0.191,0.3517,True
0.4428125023841858,MINUS,MC,3368,40,35.0,2.7235,0.191,0.4334,True
0.4428125023841858,MINUS,MC,725,40,35.0,2.7016,0.191,0.4299,True
0.4428125023841858,MINUS,MC,695,40,35.0,2.2099,0.191,0.3517,True
0.4428125023841858,MINUS,MC,755,40,35.0,2.2099,0.191,0.3517,True
0.4428125023841858,MINUS,MC,3336,40,35.0,2.207,0.191,0.3512,True
0.4428125023841858,MINUS,MC,3306,40,35.0,2.2101,0.191,0.3517,True
0.4428125023841858,MINUS,MC,3366,40,35.0,2.7235,0.191,0.4334,True
0.4428125023841858,MINUS,MC,723,40,35.0,2.2099,0.191,0.3517,True
0.4428125023841858,MINUS,MC,753,40,35.0,2.2099,0.191,0.3517,True
0.4428125023841858,MINUS,MC,693,40,35.0,2.207,0.191,0.3513,True
0.4428125023841858,MINUS,MC,3334,40,35.0,2.2099,0.191,0.3517,True
0.4428125023841858,MINUS,MC,3364,40,35.0,2.207,0.191,0.3513,True
0.4428125023841858,MINUS,MC,3304,40,35.0,2.21,0.191,0.3517,True
0.4428125023841858,MINUS,MC,721,40,35.0,2.2099,0.191,0.3517,True
0.4428125023841858,MINUS,MC,691,40,35.0,2.2099,0.191,0.3517,True
0.4428125023841858,MINUS,MC,751,40,35.0,2.2099,0.191,0.3517,True
0.4428125023841858,MINUS,MC,3332,40,35.0,2.2099,0.191,0.3518,True
0.4428125023841858,MINUS,MC,3302,40,35.0,2.207,0.191,0.3513,True
0.4428125023841858,MINUS,MC,3362,40,35.0,2.7235,0.191,0.4335,True
0.4428125023841858,MINUS,MC,719,40,35.0,2.2099,0.191,0.3518,True
0.4428125023841858,MINUS,MC,689,40,35.0,2.207,0.191,0.3513,True
0.4428125023841858,MINUS,MC,749,40,35.0,2.2099,0.191,0.3518,True
0.4428125023841858,MINUS,MC,3330,40,35.0,2.2099,0.191,0.3518,True
0.4428125023841858,MINUS,MC,3360,40,35.0,2.1055,0.191,0.3352,True
0.4428125023841858,MINUS,MC,3300,40,35.0,2.21,0.191,0.3518,True
0.4428125023841858,MINUS,MC,717,40,35.0,2.2099,0.191,0.3518,True
0.4428125023841858,MINUS,MC,687,40,35.0,2.2099,0.191,0.3518,True
0.4428125023841858,MINUS,MC,747,40,35.0,2.2099,0.191,0.3518,True
0.4428125023841858,MINUS,MC,3328,40,35.0,2.2099,0.191,0.3518,True
0.4428125023841858,MINUS,MC,3358,40,35.0,2.2071,0.191,0.3513,True
0.4428125023841858,MINUS,MC,3298,40,35.0,2.21,0.191,0.3518,True
0.4428125023841858,MINUS,MC,715,40,35.0,2.207,0.191,0.3514,True
0.4428125023841858,MINUS,MC,685,40,35.0,2.207,0.191,0.3514,True
0.4428125023841858,MINUS,MC,745,40,35.0,2.2099,0.191,0.3518,True
0.4428125023841858,MINUS,MC,3326,40,35.0,2.2099,0.191,0.3518,True
0.4428125023841858,MINUS,MC,3296,40,35.0,2.21,0.191,0.3518,True
0.4428125023841858,MINUS,MC,3356,40,35.0,2.2099,0.191,0.3518,True
0.4428125023841858,MINUS,MC,713,40,35.0,2.2099,0.191,0.3518,True
0.4428125023841858,MINUS,MC,743,40,35.0,2.2099,0.191,0.3518,True
0.4428125023841858,MINUS,MC,683,40,35.0,2.2099,0.191,0.3518,True
0.4428125023841858,MINUS,MC,3324,40,35.0,2.2099,0.1911,0.3518,True
0.4428125023841858,MINUS,MC,3354,40,35.0,2.2104,0.1911,0.3519,True
0.4428125023841858,MINUS,MC,3294,40,35.0,2.21,0.1911,0.3519,True
0.4428125023841858,MINUS,MC,711,40,35.0,2.207,0.1911,0.3514,True
0.4428125023841858,MINUS,MC,741,40,35.0,2.2099,0.1911,0.3518,True
0.4428125023841858,MINUS,MC,681,40,35.0,2.2071,0.1911,0.3514,True
0.4428125023841858,MINUS,MC,3322,40,35.0,2.2099,0.1911,0.3519,True
0.4428125023841858,MINUS,MC,3352,40,35.0,2.2099,0.1911,0.3519,True
0.4428125023841858,MINUS,MC,3292,40,35.0,2.21,0.1911,0.3519,True
0.4428125023841858,MINUS,MC,709,40,35.0,2.207,0.1911,0.3514,True
0.4428125023841858,MINUS,MC,739,40,35.0,2.2099,0.1911,0.3519,True
0.4428125023841858,MINUS,MC,679,40,35.0,2.207,0.1911,0.3514,True
0.4428125023841858,MINUS,MC,3320,40,35.0,2.207,0.1911,0.3514,True
0.4428125023841858,MINUS,MC,3290,40,35.0,2.21,0.1911,0.3519,True
0.4428125023841858,MINUS,MC,3350,40,35.0,2.207,0.1911,0.3514,True
0.4428125023841858,MINUS,MC,800,40,35.0,2.2103,0.1911,0.352,True
0.4428125023841858,MINUS,MC,830,40,35.0,2.2099,0.1911,0.3519,True
0.4428125023841858,MINUS,MC,770,40,35.0,2.207,0.1911,0.3514,True
0.4428125023841858,MINUS,MC,3229,40,35.0,2.2071,0.1911,0.3514,True
0.4428125023841858,MINUS,MC,3259,40,35.0,2.2071,0.1911,0.3514,True
0.4428125023841858,MINUS,MC,3199,40,35.0,2.2071,0.1911,0.3514,True
0.4428125023841858,MINUS,MC,49601,110,70.3717,2.8248,0.1911,0.4498,False
0.4428125023841858,MINUS,MC,802,40,35.0,2.2104,0.1911,0.352,True
0.4428125023841858,MINUS,MC,772,40,35.0,2.2099,0.1911,0.3519,True
0.4428125023841858,MINUS,MC,832,40,35.0,2.207,0.1911,0.3514,True
0.4428125023841858,MINUS,MC,3231,40,35.0,2.2071,0.1911,0.3514,True
0.4428125023841858,MINUS,MC,3261,40,35.0,2.2099,0.1911,0.3519,True
0.4428125023841858,MINUS,MC,3201,40,35.0,2.2099,0.1911,0.3519,True
0.4428125023841858,MINUS,MC,2517,40,35.0,2.2099,0.1911,0.3519,True
0.4428125023841858,MINUS,MC,1528,40,35.0,2.2099,0.1911,0.3519,True
0.4428125023841858,MINUS,MC,1526,40,35.0,2.2099,0.1911,0.3519,True
0.4428125023841858,MINUS,MC,2515,40,35.0,2.2099,0.1911,0.3519,True
0.4428125023841858,MINUS,MC,2519,40,35.0,2.2099,0.1911,0.3519,True
0.4428125023841858,MINUS,MC,1530,40,35.0,2.2099,0.1911,0.3519,True
0.4428125023841858,MINUS,MC,2521,40,35.0,2.2099,0.1911,0.3519,True
0.4428125023841858,MINUS,MC,1532,40,35.0,2.2099,0.1911,0.3519,True
0.4428125023841858,MINUS,MC,1815,40,35.0,2.207,0.1911,0.3514,True
0.4428125023841858,MINUS,MC,2266,40,35.0,2.2099,0.1911,0.3519,True
0.4428125023841858,MINUS,MC,2523,40,35.0,2.207,0.1911,0.3514,True
0.4428125023841858,MINUS,MC,1534,40,35.0,2.207,0.1911,0.3514,True
0.4428125023841858,MINUS,MC,1813,40,35.0,2.2099,0.1911,0.3519,True
0.4428125023841858,MINUS,MC,2264,40,35.0,2.2071,0.1911,0.3514,True
0.4428125023841858,MINUS,MC,1259,40,35.0,2.2099,0.1911,0.3519,True
0.4428125023841858,MINUS,MC,2788,40,35.0,2.2099,0.1911,0.3519,True
0.4428125023841858,MINUS,MC,2790,40,35.0,2.2099,0.1911,0.3519,True
0.4428125023841858,MINUS,MC,1811,40,35.0,2.207,0.1911,0.3514,True
0.4428125023841858,MINUS,MC,1971,40,35.0,2.2099,0.1911,0.3519,True
0.4428125023841858,MINUS,MC,2062,40,35.0,2.2071,0.1911,0.3514,True
0.4428125023841858,MINUS,MC,2262,40,35.0,2.2071,0.1911,0.3515,True
0.4428125023841858,MINUS,MC,1257,40,35.0,2.2099,0.1911,0.3519,True
0.4428125023841858,MINUS,MC,1261,40,35.0,2.2099,0.1911,0.3519,True
0.4428125023841858,MINUS,MC,2792,40,35.0,2.2099,0.1911,0.3519,True
0.4428125023841858,MINUS,MC,2060,40,35.0,2.2071,0.1911,0.3514,True
0.4428125023841858,MINUS,MC,2794,40,35.0,2.2099,0.1911,0.3519,True
0.4428125023841858,MINUS,MC,1969,40,35.0,2.2099,0.1911,0.3519,True
0.4428125023841858,MINUS,MC,1498,40,35.0,2.2099,0.1911,0.3519,True
0.4428125023841858,MINUS,MC,1809,40,35.0,2.207,0.1911,0.3514,True
0.4428125023841858,MINUS,MC,1558,40,35.0,2.2099,0.1911,0.3519,True
0.4428125023841858,MINUS,MC,1817,40,35.0,2.207,0.1911,0.3514,True
0.4428125023841858,MINUS,MC,2547,40,35.0,2.2099,0.1911,0.3519,True
0.4428125023841858,MINUS,MC,2268,40,35.0,2.207,0.1911,0.3514,True
0.4428125023841858,MINUS,MC,1263,40,35.0,2.2099,0.1911,0.3519,True
0.4428125023841858,MINUS,MC,2487,40,35.0,2.207,0.1911,0.3514,True
0.4428125023841858,MINUS,MC,1496,40,35.0,2.2099,0.1911,0.3519,True
0.4428125023841858,MINUS,MC,2260,40,35.0,2.2099,0.1911,0.3519,True
0.4428125023841858,MINUS,MC,1556,40,35.0,2.207,0.1911,0.3514,True
0.4428125023841858,MINUS,MC,2545,40,35.0,2.207,0.1911,0.3514,True
0.4428125023841858,MINUS,MC,1524,40,35.0,2.207,0.1911,0.3514,True
0.4428125023841858,MINUS,MC,2549,40,35.0,2.2099,0.1911,0.3519,True
0.4428125023841858,MINUS,MC,2064,40,35.0,2.2099,0.1911,0.3519,True
0.4428125023841858,MINUS,MC,1560,40,35.0,2.207,0.1911,0.3514,True
0.4428125023841858,MINUS,MC,2485,40,35.0,2.2071,0.1911,0.3514,True
0.4428125023841858,MINUS,MC,2513,40,35.0,2.2099,0.1911,0.3519,True
0.4428125023841858,MINUS,MC,1500,40,35.0,2.2099,0.1911,0.3519,True
0.4428125023841858,MINUS,MC,2489,40,35.0,2.2071,0.1911,0.3514,True
0.4428125023841858,MINUS,MC,2551,40,35.0,2.2099,0.1911,0.3519,True
0.4428125023841858,MINUS,MC,1562,40,35.0,2.2099,0.1911,0.3519,True
0.4428125023841858,MINUS,MC,1973,40,35.0,2.2099,0.1911,0.3519,True
0.4428125023841858,MINUS,MC,2796,40,35.0,2.2099,0.1911,0.3519,True
0.4428125023841858,MINUS,MC,1502,40,35.0,2.2099,0.1911,0.3519,True
0.4428125023841858,MINUS,MC,2296,40,35.0,2.2099,0.1911,0.3519,True
0.4428125023841858,MINUS,MC,2491,40,35.0,2.2099,0.1911,0.3519,True
0.4428125023841858,MINUS,MC,1265,40,35.0,2.2099,0.1911,0.3519,True
0.4428125023841858,MINUS,MC,2525,40,35.0,2.207,0.1911,0.3514,True
0.4428125023841858,MINUS,MC,1536,40,35.0,2.2099,0.1911,0.3519,True
0.4428125023841858,MINUS,MC,2786,40,35.0,2.2074,0.1911,0.3515,True
0.4428125023841858,MINUS,MC,1785,40,35.0,2.2099,0.1911,0.3519,True
0.4428125023841858,MINUS,MC,1845,40,35.0,2.2074,0.1911,0.3515,True
0.4428125023841858,MINUS,MC,2553,40,35.0,2.2099,0.1911,0.3519,True
0.4428125023841858,MINUS,MC,1564,40,35.0,2.207,0.1911,0.3514,True
0.4428125023841858,MINUS,MC,1255,40,35.0,2.2099,0.1911,0.3519,True
0.4428125023841858,MINUS,MC,2294,40,35.0,2.2099,0.1911,0.3519,True
0.4428125023841858,MINUS,MC,1783,40,35.0,2.2099,0.1911,0.3519,True
0.4428125023841858,MINUS,MC,1843,40,35.0,2.2074,0.1911,0.3515,True
0.4428125023841858,MINUS,MC,2236,40,35.0,2.207,0.1911,0.3514,True
0.4428125023841858,MINUS,MC,2493,40,35.0,2.207,0.1911,0.3514,True
0.4428125023841858,MINUS,MC,2258,40,35.0,2.2071,0.1911,0.3515,True
0.4428125023841858,MINUS,MC,1807,40,35.0,2.2099,0.1911,0.3519,True
0.4428125023841858,MINUS,MC,2760,40,35.0,2.2071,0.1911,0.3514,True
0.4428125023841858,MINUS,MC,2758,40,35.0,2.2099,0.1911,0.3519,True
0.4428125023841858,MINUS,MC,1229,40,35.0,2.2099,0.1911,0.3519,True
0.4428125023841858,MINUS,MC,1289,40,35.0,2.2071,0.1911,0.3515,True
0.4428125023841858,MINUS,MC,2820,40,35.0,2.2099,0.1911,0.3519,True
0.4428125023841858,MINUS,MC,2818,40,35.0,2.207,0.1911,0.3514,True
0.4428125023841858,MINUS,MC,2292,40,35.0,2.2099,0.1911,0.3519,True
0.4428125023841858,MINUS,MC,1781,40,35.0,2.2099,0.1911,0.3519,True
0.4428125023841858,MINUS,MC,2234,40,35.0,2.207,0.1911,0.3514,True
0.4428125023841858,MINUS,MC,1504,40,35.0,2.2099,0.1911,0.3519,True
0.4428125023841858,MINUS,MC,2001,40,35.0,2.2099,0.1911,0.3519,True
0.4428125023841858,MINUS,MC,2092,40,35.0,2.2071,0.1911,0.3515,True
0.4428125023841858,MINUS,MC,1227,40,35.0,2.2099,0.1911,0.3519,True
0.4428125023841858,MINUS,MC,1231,40,35.0,2.2099,0.1911,0.3519,True
0.4428125023841858,MINUS,MC,2762,40,35.0,2.207,0.1911,0.3514,True
0.4428125023841858,MINUS,MC,1287,40,35.0,2.207,0.1911,0.3514,True
0.4428125023841858,MINUS,MC,1291,40,35.0,2.2104,0.1911,0.352,True
0.4428125023841858,MINUS,MC,2822,40,35.0,2.2104,0.1911,0.352,True
0.4428125023841858,MINUS,MC,2232,40,35.0,2.207,0.1911,0.3514,True
0.4428125023841858,MINUS,MC,1941,40,35.0,2.2099,0.1911,0.3519,True
0.4428125023841858,MINUS,MC,1841,40,35.0,2.2071,0.1911,0.3515,True
0.4428125023841858,MINUS,MC,2824,40,35.0,2.1806,0.1911,0.3472,True
0.4428125023841858,MINUS,MC,2090,40,35.0,2.2099,0.1911,0.3519,True
0.4428125023841858,MINUS,MC,1999,40,35.0,2.2099,0.1911,0.3519,True
0.4428125023841858,MINUS,MC,1787,40,35.0,2.2099,0.1911,0.3519,True
0.4428125023841858,MINUS,MC,2298,40,35.0,2.2099,0.1911,0.3519,True
0.4428125023841858,MINUS,MC,1847,40,35.0,2.2074,0.1911,0.3515,True
0.4428125023841858,MINUS,MC,1233,40,35.0,2.2099,0.1911,0.3519,True
0.4428125023841858,MINUS,MC,2764,40,35.0,2.207,0.1911,0.3514,True
0.4428125023841858,MINUS,MC,1939,40,35.0,2.207,0.1911,0.3514,True
0.4428125023841858,MINUS,MC,1779,40,35.0,2.2099,0.1911,0.3519,True
0.4428125023841858,MINUS,MC,1293,40,35.0,2.2099,0.1911,0.3519,True
0.4428125023841858,MINUS,MC,2230,40,35.0,2.207,0.1911,0.3514,True
0.4428125023841858,MINUS,MC,2032,40,35.0,2.2099,0.1911,0.3519,True
0.4428125023841858,MINUS,MC,2290,40,35.0,2.2099,0.1911,0.3519,True
0.4428125023841858,MINUS,MC,1839,40,35.0,2.2099,0.1911,0.3519,True
0.4428125023841858,MINUS,MC,2238,40,35.0,2.2099,0.1911,0.3519,True
0.4428125023841858,MINUS,MC,2030,40,35.0,2.2099,0.1911,0.3519,True
0.4428125023841858,MINUS,MC,1728,40,35.0,2.2099,0.1911,0.3519,True
0.4428125023841858,MINUS,MC,1494,40,35.0,2.2099,0.1911,0.3519,True
0.4428125023841858,MINUS,MC,2003,40,35.0,2.2099,0.1911,0.3519,True
0.4428125023841858,MINUS,MC,2357,40,35.0,2.2099,0.1911,0.3519,True
0.4428125023841858,MINUS,MC,2543,40,35.0,2.207,0.1911,0.3514,True
0.4428125023841858,MINUS,MC,1943,40,35.0,2.2099,0.1911,0.3519,True
0.4428125023841858,MINUS,MC,2483,40,35.0,2.2099,0.1911,0.3519,True
0.4428125023841858,MINUS,MC,1554,40,35.0,2.207,0.1911,0.3514,True
0.4428125023841858,MINUS,MC,2094,40,35.0,2.2099,0.1911,0.3519,True
0.4428125023841858,MINUS,MC,1235,40,35.0,2.2099,0.1911,0.3519,True
0.4428125023841858,MINUS,MC,2766,40,35.0,2.2099,0.1911,0.3519,True
0.4428125023841858,MINUS,MC,2034,40,35.0,2.2099,0.1911,0.3519,True
0.4428125023841858,MINUS,MC,2495,40,35.0,2.2071,0.1911,0.3514,True
0.4428125023841858,MINUS,MC,2826,40,35.0,2.207,0.1911,0.3514,True
0.4428125023841858,MINUS,MC,1295,40,35.0,2.2099,0.1911,0.3519,True
0.4428125023841858,MINUS,MC,1566,40,35.0,2.2073,0.1911,0.3515,True
0.4428125023841858,MINUS,MC,2555,40,35.0,2.2099,0.1911,0.3519,True
0.4428125023841858,MINUS,MC,1285,40,35.0,2.2099,0.1911,0.3519,True
0.4428125023841858,MINUS,MC,2816,40,35.0,2.207,0.1911,0.3514,True
0.4428125023841858,MINUS,MC,2756,40,35.0,2.2099,0.1911,0.3519,True
0.4428125023841858,MINUS,MC,1225,40,35.0,2.2099,0.1911,0.3519,True
0.4428125023841858,MINUS,MC,1777,40,35.0,2.2099,0.1911,0.3519,True
0.4428125023841858,MINUS,MC,2066,40,35.0,2.2071,0.1911,0.3515,True
0.4428125023841858,MINUS,MC,1506,40,35.0,2.2099,0.1911,0.3519,True
0.4428125023841858,MINUS,MC,2288,40,35.0,2.2099,0.1911,0.3519,True
0.4428125023841858,MINUS,MC,1975,40,35.0,2.2099,0.1911,0.3519,True
0.4428125023841858,MINUS,MC,1837,40,35.0,2.2073,0.1911,0.3515,True
0.4428125023841858,MINUS,MC,1267,40,35.0,2.2099,0.1911,0.3519,True
0.4428125023841858,MINUS,MC,2798,40,35.0,2.21,0.1911,0.3519,True
0.4428125023841858,MINUS,MC,2228,40,35.0,2.207,0.1911,0.3514,True
0.4428125023841858,MINUS,MC,1522,40,35.0,2.207,0.1911,0.3514,True
0.4428125023841858,MINUS,MC,2784,40,35.0,2.207,0.1911,0.3514,True
0.4428125023841858,MINUS,MC,1538,40,35.0,2.207,0.1911,0.3514,True
0.4428125023841858,MINUS,MC,1805,40,35.0,2.2099,0.1911,0.3519,True
0.4428125023841858,MINUS,MC,1698,40,35.0,2.207,0.1911,0.3514,True
0.4428125023841858,MINUS,MC,2511,40,35.0,2.207,0.1911,0.3514,True
0.4428125023841858,MINUS,MC,2387,40,35.0,2.2099,0.1911,0.3519,True
0.4428125023841858,MINUS,MC,2527,40,35.0,2.207,0.1911,0.3514,True
0.4428125023841858,MINUS,MC,1758,40,35.0,2.2099,0.1911,0.3519,True
0.4428125023841858,MINUS,MC,1253,40,35.0,2.2099,0.1911,0.3519,True
0.4428125023841858,MINUS,MC,2327,40,35.0,2.207,0.1911,0.3514,True
0.4428125023841858,MINUS,MC,2256,40,35.0,2.207,0.1911,0.3514,True
0.4428125023841858,MINUS,MC,1945,40,35.0,2.2099,0.1911,0.3519,True
0.4428125023841858,MINUS,MC,2768,40,35.0,2.207,0.1911,0.3514,True
0.4428125023841858,MINUS,MC,2096,40,35.0,2.2071,0.1911,0.3514,True
0.4428125023841858,MINUS,MC,2005,40,35.0,2.2099,0.1911,0.3519,True
0.4428125023841858,MINUS,MC,1297,40,35.0,2.2099,0.1911,0.3519,True
0.4428125023841858,MINUS,MC,2828,40,35.0,2.2099,0.1911,0.3519,True
0.4428125023841858,MINUS,MC,1237,40,35.0,2.2099,0.1911,0.3519,True
0.4428125023841858,MINUS,MC,2036,40,35.0,2.2099,0.1911,0.3519,True
0.4428125023841858,MINUS,MC,1726,40,35.0,2.2099,0.1911,0.3519,True
0.4428125023841858,MINUS,MC,2355,40,35.0,2.2099,0.1911,0.3519,True
0.4428125023841858,MINUS,MC,1492,40,35.0,2.2099,0.1911,0.3519,True
0.4428125023841858,MINUS,MC,1283,40,35.0,2.2074,0.1911,0.3515,True
0.4428125023841858,MINUS,MC,2814,40,35.0,2.207,0.1911,0.3514,True
0.4428125023841858,MINUS,MC,2497,40,35.0,2.2099,0.1911,0.3519,True
0.4428125023841858,MINUS,MC,1223,40,35.0,2.2099,0.1911,0.3519,True
0.4428125023841858,MINUS,MC,2557,40,35.0,2.2099,0.1911,0.3519,True
0.4428125023841858,MINUS,MC,2541,40,35.0,2.207,0.1911,0.3514,True
0.4428125023841858,MINUS,MC,2754,40,35.0,2.2099,0.1911,0.3519,True
0.4428125023841858,MINUS,MC,1568,40,35.0,2.2099,0.1911,0.3519,True
0.4428125023841858,MINUS,MC,1552,40,35.0,2.2101,0.1911,0.3519,True
0.4428125023841858,MINUS,MC,1508,40,35.0,2.207,0.1911,0.3514,True
0.4428125023841858,MINUS,MC,1775,40,35.0,2.2099,0.1911,0.3519,True
0.4428125023841858,MINUS,MC,2226,40,35.0,2.207,0.1911,0.3514,True
0.4428125023841858,MINUS,MC,1835,40,35.0,2.2071,0.1911,0.3515,True
0.4428125023841858,MINUS,MC,2286,40,35.0,2.2099,0.1911,0.3519,True
0.4428125023841858,MINUS,MC,2481,40,35.0,2.207,0.1911,0.3514,True
0.4428125023841858,MINUS,MC,1977,40,35.0,2.2099,0.1911,0.3519,True
0.4428125023841858,MINUS,MC,2068,40,35.0,2.2099,0.1911,0.3519,True
0.4428125023841858,MINUS,MC,1269,40,35.0,2.2099,0.1911,0.3519,True
0.4428125023841858,MINUS,MC,2800,40,35.0,2.2099,0.1911,0.3519,True
0.4428125023841858,MINUS,MC,1520,40,35.0,2.2099,0.1911,0.3519,True
0.4428125023841858,MINUS,MC,1540,40,35.0,2.2099,0.1911,0.3519,True
0.4428125023841858,MINUS,MC,2782,40,35.0,2.2071,0.1911,0.3514,True
0.4428125023841858,MINUS,MC,2385,40,35.0,2.2099,0.1911,0.3519,True
0.4428125023841858,MINUS,MC,1756,40,35.0,2.2099,0.1911,0.3519,True
0.4428125023841858,MINUS,MC,1251,40,35.0,2.2099,0.1911,0.3519,True
0.4428125023841858,MINUS,MC,2325,40,35.0,2.207,0.1911,0.3514,True
0.4428125023841858,MINUS,MC,1696,40,35.0,2.2071,0.1911,0.3514,True
0.4428125023841858,MINUS,MC,1803,40,35.0,2.207,0.1911,0.3514,True
0.4428125023841858,MINUS,MC,2509,40,35.0,2.21,0.1911,0.3519,True
0.4428125023841858,MINUS,MC,2529,40,35.0,2.207,0.1911,0.3514,True
0.4428125023841858,MINUS,MC,2254,40,35.0,2.207,0.1911,0.3514,True
0.4428125023841858,MINUS,MC,1947,40,35.0,2.2099,0.1911,0.3519,True
0.4428125023841858,MINUS,MC,2098,40,35.0,2.2099,0.1911,0.3519,True
0.4428125023841858,MINUS,MC,2007,40,35.0,2.2099,0.1911,0.3519,True
0.4428125023841858,MINUS,MC,1429,40,35.0,2.207,0.1911,0.3514,True
0.4428125023841858,MINUS,MC,2830,40,35.0,2.2074,0.1911,0.3515,True
0.4428125023841858,MINUS,MC,2038,40,35.0,2.2099,0.1911,0.3519,True
0.4428125023841858,MINUS,MC,2770,40,35.0,2.2099,0.1911,0.3519,True
0.4428125023841858,MINUS,MC,1431,40,35.0,2.207,0.1911,0.3514,True
0.4428125023841858,MINUS,MC,1299,40,35.0,2.2104,0.1911,0.352,True
0.4428125023841858,MINUS,MC,1724,40,35.0,2.2099,0.1911,0.3519,True
0.4428125023841858,MINUS,MC,2353,40,35.0,2.2099,0.1911,0.3519,True
0.4428125023841858,MINUS,MC,1239,40,35.0,2.2099,0.1911,0.3519,True
0.4428125023841858,MINUS,MC,1281,40,35.0,2.2071,0.1911,0.3515,True
0.4428125023841858,MINUS,MC,2812,40,35.0,2.207,0.1911,0.3514,True
0.4428125023841858,MINUS,MC,1490,40,35.0,2.207,0.1911,0.3514,True
0.4428125023841858,MINUS,MC,2752,40,35.0,2.2099,0.1911,0.3519,True
0.4428125023841858,MINUS,MC,1221,40,35.0,2.2099,0.1911,0.3519,True
0.4428125023841858,MINUS,MC,2559,40,35.0,2.2099,0.1911,0.3519,True
0.4428125023841858,MINUS,MC,2499,40,35.0,2.2099,0.1911,0.3519,True
0.4428125023841858,MINUS,MC,1570,40,35.0,2.2071,0.1911,0.3515,True
0.4428125023841858,MINUS,MC,2539,40,35.0,2.207,0.1911,0.3514,True
0.4428125023841858,MINUS,MC,1433,40,35.0,2.2072,0.1911,0.3515,True
0.4428125023841858,MINUS,MC,1510,40,35.0,2.2099,0.1911,0.3519,True
0.4428125023841858,MINUS,MC,1773,40,35.0,2.2099,0.1911,0.3519,True
0.4428125023841858,MINUS,MC,2224,40,35.0,2.2099,0.1911,0.3519,True
0.4428125023841858,MINUS,MC,2284,40,35.0,2.2099,0.1911,0.3519,True
0.4428125023841858,MINUS,MC,1833,40,35.0,2.2099,0.1911,0.3519,True
0.4428125023841858,MINUS,MC,2479,40,35.0,2.207,0.1911,0.3514,True
0.4428125023841858,MINUS,MC,1979,40,35.0,2.2099,0.1911,0.3519,True
0.4428125023841858,MINUS,MC,2070,40,35.0,2.2071,0.1911,0.3515,True
0.4428125023841858,MINUS,MC,2780,40,35.0,2.2099,0.1911,0.3519,True
0.4428125023841858,MINUS,MC,2600,40,35.0,2.207,0.1911,0.3514,True
0.4428125023841858,MINUS,MC,1550,40,35.0,2.2099,0.1911,0.3519,True
0.4428125023841858,MINUS,MC,1249,40,35.0,2.2099,0.1911,0.3519,True
0.4428125023841858,MINUS,MC,1542,40,35.0,2.2102,0.1911,0.352,True
0.4428125023841858,MINUS,MC,2531,40,35.0,2.2071,0.1911,0.3514,True
0.4428125023841858,MINUS,MC,1399,40,35.0,2.2071,0.1911,0.3515,True
0.4428125023841858,MINUS,MC,2602,40,35.0,2.207,0.1911,0.3514,True
0.4428125023841858,MINUS,MC,2323,40,35.0,2.207,0.1911,0.3514,True
0.4428125023841858,MINUS,MC,1754,40,35.0,2.207,0.1911,0.3514,True
0.4428125023841858,MINUS,MC,2383,40,35.0,2.2099,0.1911,0.3519,True
0.4428125023841858,MINUS,MC,1801,40,35.0,2.2099,0.1911,0.3519,True
0.4428125023841858,MINUS,MC,1401,40,35.0,2.2071,0.1911,0.3515,True
0.4428125023841858,MINUS,MC,2604,40,35.0,2.21,0.1911,0.3519,True
0.4428125023841858,MINUS,MC,1694,40,35.0,2.207,0.1911,0.3514,True
0.4428125023841858,MINUS,MC,1722,40,35.0,2.2099,0.1911,0.3519,True
0.4428125023841858,MINUS,MC,2351,40,35.0,2.2099,0.1911,0.3519,True
0.4428125023841858,MINUS,MC,2252,40,35.0,2.2071,0.1911,0.3515,True
0.4428125023841858,MINUS,MC,1271,40,35.0,2.2099,0.1911,0.3519,True
0.4428125023841858,MINUS,MC,2802,40,35.0,2.2099,0.1911,0.3519,True
0.4428125023841858,MINUS,MC,1342,40,35.0,2.2099,0.1911,0.3519,True
0.4428125023841858,MINUS,MC,2689,40,35.0,2.207,0.1911,0.3514,True
0.4428125023841858,MINUS,MC,2691,40,35.0,2.207,0.1911,0.3514,True
0.4428125023841858,MINUS,MC,1340,40,35.0,2.2071,0.1911,0.3515,True
0.4428125023841858,MINUS,MC,1403,40,35.0,2.2071,0.1911,0.3515,True
0.4428125023841858,MINUS,MC,1435,40,35.0,2.2099,0.1911,0.3519,True
0.4428125023841858,MINUS,MC,1544,40,35.0,2.2099,0.1911,0.3519,True
0.4428125023841858,MINUS,MC,2349,40,35.0,2.2099,0.1911,0.3519,True
0.4428125023841858,MINUS,MC,1720,40,35.0,2.2099,0.1911,0.3519,True
0.4428125023841858,MINUS,MC,1949,40,35.0,2.2099,0.1911,0.3519,True
0.4428125023841858,MINUS,MC,1981,40,35.0,2.2099,0.1911,0.3519,True
0.4428125023841858,MINUS,MC,2072,40,35.0,2.2071,0.1911,0.3515,True
0.4428125023841858,MINUS,MC,2100,40,35.0,2.0121,0.1911,0.3204,True
0.4428125023841858,MINUS,MC,2693,40,35.0,2.207,0.1911,0.3514,True
0.4428125023841858,MINUS,MC,2009,40,35.0,2.2099,0.1911,0.3519,True
0.4428125023841858,MINUS,MC,1279,40,35.0,2.2099,0.1911,0.3519,True
0.4428125023841858,MINUS,MC,2533,40,35.0,2.207,0.1911,0.3514,True
0.4428125023841858,MINUS,MC,2810,40,35.0,2.207,0.1911,0.3514,True
0.4428125023841858,MINUS,MC,2347,40,35.0,2.2099,0.1911,0.3519,True
0.4428125023841858,MINUS,MC,1718,40,35.0,2.2099,0.1911,0.3519,True
0.4428125023841858,MINUS,MC,2630,40,35.0,2.2099,0.1911,0.3519,True
0.4428125023841858,MINUS,MC,2040,40,35.0,2.2099,0.1911,0.3519,True
0.4428125023841858,MINUS,MC,1219,40,35.0,2.2099,0.1911,0.3519,True
0.4428125023841858,MINUS,MC,2750,40,35.0,2.2071,0.1911,0.3515,True
0.4428125023841858,MINUS,MC,1344,40,35.0,2.2099,0.1911,0.3519,True
0.4428125023841858,MINUS,MC,2606,40,35.0,2.2075,0.1911,0.3515,True
0.4428125023841858,MINUS,MC,2501,40,35.0,2.207,0.1911,0.3514,True
0.4428125023841858,MINUS,MC,2570,40,35.0,2.2102,0.1911,0.352,True
0.4428125023841858,MINUS,MC,1799,40,35.0,2.2099,0.1911,0.3519,True
0.4428125023841858,MINUS,MC,2561,40,35.0,2.207,0.1911,0.3514,True
0.4428125023841858,MINUS,MC,1572,40,35.0,2.207,0.1911,0.3514,True
0.4428125023841858,MINUS,MC,1983,40,35.0,2.2099,0.1911,0.3519,True
0.4428125023841858,MINUS,MC,2535,40,35.0,2.207,0.1911,0.3514,True
0.4428125023841858,MINUS,MC,2074,40,35.0,2.207,0.1911,0.3514,True
0.4428125023841858,MINUS,MC,1546,40,35.0,2.2074,0.1911,0.3515,True
0.4428125023841858,MINUS,MC,2632,40,35.0,2.2099,0.1911,0.3519,True
0.4428125023841858,MINUS,MC,1512,40,35.0,2.207,0.1911,0.3514,True
0.4428125023841858,MINUS,MC,2282,40,35.0,2.2099,0.1911,0.3519,True
0.4428125023841858,MINUS,MC,2250,40,35.0,2.0299,0.1911,0.3232,True
0.4428125023841858,MINUS,MC,2076,40,35.0,2.2099,0.1911,0.3519,True
0.4428125023841858,MINUS,MC,2634,40,35.0,2.207,0.1911,0.3514,True
0.4428125023841858,MINUS,MC,1771,40,35.0,2.2099,0.1911,0.3519,True
0.4428125023841858,MINUS,MC,2222,40,35.0,2.2099,0.1911,0.3519,True
0.4428125023841858,MINUS,MC,2572,40,35.0,2.2099,0.1911,0.3519,True
0.4428125023841858,MINUS,MC,1752,40,35.0,2.2099,0.1911,0.3519,True
0.4428125023841858,MINUS,MC,2381,40,35.0,2.2099,0.1911,0.3519,True
0.4428125023841858,MINUS,MC,2772,40,35.0,2.207,0.1911,0.3514,True
0.4428125023841858,MINUS,MC,1831,40,35.0,2.2099,0.1911,0.3519,True
0.4428125023841858,MINUS,MC,1797,40,35.0,2.2074,0.1911,0.3515,True
0.4428125023841858,MINUS,MC,2248,40,35.0,2.2099,0.1911,0.3519,True
0.4428125023841858,MINUS,MC,1985,40,35.0,2.2099,0.1911,0.3519,True
0.4428125023841858,MINUS,MC,2832,40,35.0,2.2099,0.1911,0.3519,True
0.4428125023841858,MINUS,MC,2321,40,35.0,2.207,0.1911,0.3515,True
0.4428125023841858,MINUS,MC,1692,40,35.0,2.2071,0.1911,0.3515,True
0.4428125023841858,MINUS,MC,1241,40,35.0,2.2099,0.1911,0.3519,True
0.4428125023841858,MINUS,MC,2721,40,35.0,2.207,0.1911,0.3515,True
0.4428125023841858,MINUS,MC,1301,40,35.0,2.2099,0.1911,0.3519,True
0.4428125023841858,MINUS,MC,2574,40,35.0,2.207,0.1911,0.3514,True
0.4428125023841858,MINUS,MC,1795,40,35.0,2.207,0.1911,0.3515,True
0.4428125023841858,MINUS,MC,1459,40,35.0,2.2099,0.1911,0.3519,True
0.4428125023841858,MINUS,MC,1310,40,35.0,2.2071,0.1911,0.3515,True
0.4428125023841858,MINUS,MC,1372,40,35.0,2.2099,0.1911,0.3519,True
0.4428125023841858,MINUS,MC,1370,40,35.0,2.207,0.1911,0.3515,True
0.4428125023841858,MINUS,MC,2345,40,35.0,2.2071,0.1911,0.3515,True
0.4428125023841858,MINUS,MC,2719,40,35.0,2.2071,0.1911,0.3515,True
0.4428125023841858,MINUS,MC,1716,40,35.0,2.207,0.1911,0.3514,True
0.4428125023841858,MINUS,MC,2246,40,35.0,2.126,0.1911,0.3385,True
0.4428125023841858,MINUS,MC,2537,40,35.0,2.207,0.1911,0.3514,True
0.4428125023841858,MINUS,MC,1548,40,35.0,2.2099,0.1911,0.3519,True
0.4428125023841858,MINUS,MC,1405,40,35.0,2.2071,0.1911,0.3515,True
0.4428125023841858,MINUS,MC,1690,40,35.0,2.2071,0.1911,0.3515,True
0.4428125023841858,MINUS,MC,1312,40,35.0,2.2074,0.1911,0.3515,True
0.4428125023841858,MINUS,MC,2659,40,35.0,2.2099,0.1911,0.3519,True
0.4428125023841858,MINUS,MC,2661,40,35.0,2.2099,0.1911,0.3519,True
0.4428125023841858,MINUS,MC,1750,40,35.0,2.2099,0.1911,0.3519,True
0.4428125023841858,MINUS,MC,2379,40,35.0,2.2071,0.1911,0.3515,True
0.4428125023841858,MINUS,MC,1951,40,35.0,2.2099,0.1911,0.3519,True
0.4428125023841858,MINUS,MC,2319,40,35.0,2.207,0.1911,0.3515,True
0.4428125023841858,MINUS,MC,2011,40,35.0,2.2099,0.1911,0.3519,True
0.4428125023841858,MINUS,MC,2102,40,35.0,2.2099,0.1911,0.3519,True
0.4428125023841858,MINUS,MC,1574,40,35.0,2.207,0.1911,0.3514,True
0.4428125023841858,MINUS,MC,2563,40,35.0,2.207,0.1911,0.3515,True
0.4428125023841858,MINUS,MC,2723,40,35.0,2.2099,0.1911,0.3519,True
0.4428125023841858,MINUS,MC,1748,40,35.0,2.2099,0.1911,0.3519,True
0.4428125023841858,MINUS,MC,2042,40,35.0,2.2099,0.1911,0.3519,True
0.4428125023841858,MINUS,MC,2695,40,35.0,2.207,0.1911,0.3515,True
0.4428125023841858,MINUS,MC,1346,40,35.0,2.2099,0.1911,0.3519,True
0.4428125023841858,MINUS,MC,2663,40,35.0,2.2099,0.1911,0.3519,True
0.4428125023841858,MINUS,MC,2503,40,35.0,2.2099,0.1911,0.3519,True
0.4428125023841858,MINUS,MC,2317,40,35.0,2.207,0.1911,0.3515,True
0.4428125023841858,MINUS,MC,1374,40,35.0,2.2099,0.1911,0.3519,True
0.4428125023841858,MINUS,MC,1688,40,35.0,2.207,0.1911,0.3514,True
0.4428125023841858,MINUS,MC,2377,40,35.0,2.207,0.1911,0.3514,True
0.4428125023841858,MINUS,MC,2636,40,35.0,2.2104,0.1911,0.352,True
0.4428125023841858,MINUS,MC,1461,40,35.0,2.2099,0.1911,0.3519,True
0.4428125023841858,MINUS,MC,1514,40,35.0,2.207,0.1911,0.3514,True
0.4428125023841858,MINUS,MC,1314,40,35.0,2.2099,0.1911,0.3519,True
0.4428125023841858,MINUS,MC,1953,40,35.0,2.2099,0.1911,0.3519,True
0.4428125023841858,MINUS,MC,2013,40,35.0,2.2099,0.1911,0.3519,True
0.4428125023841858,MINUS,MC,1463,40,35.0,2.2099,0.1911,0.3519,True
0.4428125023841858,MINUS,MC,2565,40,35.0,2.2071,0.1911,0.3515,True
0.4428125023841858,MINUS,MC,2104,40,35.0,2.2103,0.1911,0.352,True
0.4428125023841858,MINUS,MC,1987,40,35.0,2.2099,0.1911,0.3519,True
0.4428125023841858,MINUS,MC,1576,40,35.0,2.2099,0.1911,0.3519,True
0.4428125023841858,MINUS,MC,2078,40,35.0,2.207,0.1911,0.3515,True
0.4428125023841858,MINUS,MC,2576,40,35.0,2.2099,0.1911,0.3519,True
0.4428125023841858,MINUS,MC,1273,40,35.0,2.2099,0.1911,0.3519,True
0.4428125023841858,MINUS,MC,2804,40,35.0,2.2101,0.1911,0.3519,True
0.4428125023841858,MINUS,MC,1437,40,35.0,2.207,0.1911,0.3514,True
0.4428125023841858,MINUS,MC,1769,40,35.0,2.2099,0.1911,0.3519,True
0.4428125023841858,MINUS,MC,2220,40,35.0,2.2099,0.1911,0.3519,True
0.4428125023841858,MINUS,MC,1829,40,35.0,2.2103,0.1911,0.352,True
0.4428125023841858,MINUS,MC,2505,40,35.0,2.2099,0.1911,0.3519,True
0.4428125023841858,MINUS,MC,2280,40,35.0,2.2099,0.1911,0.3519,True
0.4428125023841858,MINUS,MC,1516,40,35.0,2.2099,0.1911,0.3519,True
0.4428125023841858,MINUS,MC,1955,40,35.0,2.2099,0.1911,0.3519,True
0.4428125023841858,MINUS,MC,2044,40,35.0,2.2099,0.1911,0.3519,True
0.4428125023841858,MINUS,MC,2046,40,35.0,2.2099,0.1911,0.3519,True
0.4428125023841858,MINUS,MC,2278,40,35.0,2.2099,0.1911,0.3519,True
0.4428125023841858,MINUS,MC,1793,40,35.0,2.2099,0.1911,0.3519,True
0.4428125023841858,MINUS,MC,2015,40,35.0,2.2099,0.1911,0.3519,True
0.4428125023841858,MINUS,MC,2106,40,35.0,2.2099,0.1911,0.3519,True
0.4428125023841858,MINUS,MC,2608,40,35.0,2.207,0.1911,0.3515,True
0.4428125023841858,MINUS,MC,1767,40,35.0,2.2099,0.1911,0.3519,True
0.4428125023841858,MINUS,MC,2218,40,35.0,2.2071,0.1911,0.3515,True
0.4428125023841858,MINUS,MC,1827,40,35.0,2.2099,0.1911,0.3519,True
0.4428125023841858,MINUS,MC,1465,40,35.0,2.2099,0.1911,0.3519,True
0.4428125023841858,MINUS,MC,2244,40,35.0,2.207,0.1911,0.3515,True
0.4428125023841858,MINUS,MC,1765,40,35.0,2.2099,0.1911,0.3519,True
0.4428125023841858,MINUS,MC,2448,40,35.0,2.207,0.1911,0.3515,True
0.4428125023841858,MINUS,MC,1637,40,35.0,2.2099,0.1911,0.3519,True
0.4428125023841858,MINUS,MC,1825,40,35.0,2.2099,0.1911,0.3519,True
0.4428125023841858,MINUS,MC,2276,40,35.0,2.2099,0.1911,0.3519,True
0.4428125023841858,MINUS,MC,1578,40,35.0,2.207,0.1911,0.3515,True
0.4428125023841858,MINUS,MC,2567,40,35.0,2.2073,0.1911,0.3515,True
0.4428125023841858,MINUS,MC,2315,40,35.0,2.207,0.1911,0.3515,True
0.4428125023841858,MINUS,MC,1686,40,35.0,2.2071,0.1911,0.3515,True
0.4428125023841858,MINUS,MC,2216,40,35.0,2.2099,0.1911,0.3519,True
0.4428125023841858,MINUS,MC,2507,40,35.0,2.2099,0.1911,0.3519,True
0.4428125023841858,MINUS,MC,1518,40,35.0,2.207,0.1911,0.3515,True
0.4428125023841858,MINUS,MC,1746,40,35.0,2.2099,0.1911,0.3519,True
0.4428125023841858,MINUS,MC,2375,40,35.0,2.207,0.1911,0.3515,True
0.4428125023841858,MINUS,MC,2725,40,35.0,2.2099,0.1911,0.3519,True
0.4428125023841858,MINUS,MC,2806,40,35.0,2.2071,0.1911,0.3515,True
0.4428125023841858,MINUS,MC,1316,40,35.0,2.2099,0.1911,0.3519,True
0.4428125023841858,MINUS,MC,2665,40,35.0,2.2099,0.1911,0.3519,True
0.4428125023841858,MINUS,MC,1376,40,35.0,2.2071,0.1911,0.3515,True
0.4428125023841858,MINUS,MC,1714,40,35.0,2.2099,0.1911,0.3519,True
0.4428125023841858,MINUS,MC,1957,40,35.0,2.2099,0.1911,0.3519,True
0.4428125023841858,MINUS,MC,2343,40,35.0,2.2071,0.1911,0.3515,True
0.4428125023841858,MINUS,MC,2017,40,35.0,2.2099,0.1911,0.3519,True
0.4428125023841858,MINUS,MC,2108,40,35.0,2.207,0.1911,0.3515,True
0.4428125023841858,MINUS,MC,2834,40,35.0,2.2103,0.1911,0.352,True
0.4428125023841858,MINUS,MC,1275,40,35.0,2.2099,0.1911,0.3519,True
0.4428125023841858,MINUS,MC,1243,40,35.0,2.2099,0.1911,0.3519,True
0.4428125023841858,MINUS,MC,2774,40,35.0,2.2099,0.1911,0.3519,True
0.4428125023841858,MINUS,MC,2048,40,35.0,2.2099,0.1911,0.3519,True
0.4428125023841858,MINUS,MC,1303,40,35.0,2.2099,0.1911,0.3519,True
0.4428125023841858,MINUS,MC,1407,40,35.0,2.2099,0.1911,0.3519,True
0.4428125023841858,MINUS,MC,2697,40,35.0,2.207,0.1911,0.3515,True
0.4428125023841858,MINUS,MC,1348,40,35.0,2.7126,0.1911,0.432,True
0.4428125023841858,MINUS,MC,1989,40,35.0,2.2099,0.1911,0.3519,True
0.4428125023841858,MINUS,MC,804,40,35.0,2.2104,0.1911,0.352,True
0.4428125023841858,MINUS,MC,2578,40,35.0,2.207,0.1911,0.3515,True
0.4428125023841858,MINUS,MC,2638,40,35.0,2.207,0.1911,0.3515,True
0.4428125023841858,MINUS,MC,1763,40,35.0,2.2099,0.1911,0.3519,True
0.4428125023841858,MINUS,MC,2080,40,35.0,2.207,0.1911,0.3515,True
0.4428125023841858,MINUS,MC,1823,40,35.0,2.2099,0.1911,0.3519,True
0.4428125023841858,MINUS,MC,1467,40,35.0,2.2099,0.1911,0.3519,True
0.4428125023841858,MINUS,MC,2274,40,35.0,2.2071,0.1911,0.3515,True
0.4428125023841858,MINUS,MC,2214,40,35.0,2.2099,0.1911,0.3519,True
0.4428125023841858,MINUS,MC,1667,40,35.0,2.207,0.1911,0.3515,True
0.4428125023841858,MINUS,MC,1439,40,35.0,2.2072,0.1911,0.3515,True
0.4428125023841858,MINUS,MC,2478,40,35.0,2.207,0.1911,0.3515,True
0.4428125023841858,MINUS,MC,2418,40,35.0,2.7126,0.1911,0.432,True
0.4428125023841858,MINUS,MC,1607,40,35.0,2.207,0.1911,0.3515,True
0.4428125023841858,MINUS,MC,2610,40,35.0,2.2071,0.1911,0.3515,True
0.4428125023841858,MINUS,MC,1356,40,35.0,2.2071,0.1911,0.3515,True
0.4428125023841858,MINUS,MC,2705,40,35.0,2.207,0.1911,0.3515,True
0.4428125023841858,MINUS,MC,1445,40,35.0,2.2099,0.1911,0.3519,True
0.4428125023841858,MINUS,MC,1447,40,35.0,2.207,0.1911,0.3515,True
0.4428125023841858,MINUS,MC,2616,40,35.0,2.2102,0.1911,0.352,True
0.4428125023841858,MINUS,MC,2618,40,35.0,2.2099,0.1911,0.3519,True
0.4428125023841858,MINUS,MC,2808,40,35.0,2.207,0.1911,0.3515,True
0.4428125023841858,MINUS,MC,1635,40,35.0,2.2072,0.1911,0.3515,True
0.4428125023841858,MINUS,MC,2446,40,35.0,2.207,0.1911,0.3515,True
0.4428125023841858,MINUS,MC,2242,40,35.0,2.207,0.1911,0.3515,True
0.4428125023841858,MINUS,MC,1791,40,35.0,2.2099,0.1911,0.3519,True
0.4428125023841858,MINUS,MC,1354,40,35.0,2.2099,0.1911,0.3519,True
0.4428125023841858,MINUS,MC,2703,40,35.0,2.2071,0.1911,0.3515,True
0.4428125023841858,MINUS,MC,1277,40,35.0,2.2099,0.1911,0.3519,True
0.4428125023841858,MINUS,MC,2836,40,35.0,2.207,0.1911,0.3515,True
0.4428125023841858,MINUS,MC,2313,40,35.0,2.2099,0.1911,0.3519,True
0.4428125023841858,MINUS,MC,1684,40,35.0,2.2099,0.1911,0.3519,True
0.4428125023841858,MINUS,MC,1744,40,35.0,2.2099,0.1911,0.3519,True
0.4428125023841858,MINUS,MC,2373,40,35.0,2.2099,0.1911,0.3519,True
0.4428125023841858,MINUS,MC,2776,40,35.0,2.21,0.1911,0.3519,True
0.4428125023841858,MINUS,MC,1350,40,35.0,2.207,0.1911,0.3515,True
0.4428125023841858,MINUS,MC,2699,40,35.0,2.207,0.1911,0.3515,True
0.4428125023841858,MINUS,MC,1305,40,35.0,2.2099,0.1911,0.3519,True
0.4428125023841858,MINUS,MC,1443,40,35.0,2.207,0.1911,0.3515,True
0.4428125023841858,MINUS,MC,2335,40,35.0,2.2099,0.1911,0.3519,True
0.4428125023841858,MINUS,MC,2088,40,35.0,2.2102,0.1911,0.352,True
0.4428125023841858,MINUS,MC,1358,40,35.0,2.2099,0.1911,0.3519,True
0.4428125023841858,MINUS,MC,1997,40,35.0,2.2099,0.1911,0.3519,True
0.4428125023841858,MINUS,MC,1441,40,35.0,2.2099,0.1911,0.3519,True
0.4428125023841858,MINUS,MC,1245,40,35.0,2.2099,0.1911,0.3519,True
0.4428125023841858,MINUS,MC,2614,40,35.0,2.207,0.1911,0.3515,True
0.4428125023841858,MINUS,MC,1352,40,35.0,2.2071,0.1911,0.3515,True
0.4428125023841858,MINUS,MC,2707,40,35.0,2.207,0.1911,0.3515,True
0.4428125023841858,MINUS,MC,2701,40,35.0,2.207,0.1911,0.3515,True
0.4428125023841858,MINUS,MC,2727,40,35.0,2.2099,0.1911,0.3519,True
0.4428125023841858,MINUS,MC,2341,40,35.0,2.2099,0.1911,0.3519,True
0.4428125023841858,MINUS,MC,1706,40,35.0,2.2099,0.1911,0.3519,True
0.4428125023841858,MINUS,MC,834,40,35.0,2.2071,0.1911,0.3515,True
0.4428125023841858,MINUS,MC,2612,40,35.0,2.2099,0.1911,0.3519,True
0.4428125023841858,MINUS,MC,1318,40,35.0,2.2104,0.1911,0.352,True
0.4428125023841858,MINUS,MC,2667,40,35.0,2.2099,0.1911,0.3519,True
0.4428125023841858,MINUS,MC,1378,40,35.0,2.207,0.1911,0.3515,True
0.4428125023841858,MINUS,MC,1959,40,35.0,2.2099,0.1911,0.3519,True
0.4428125023841858,MINUS,MC,1712,40,35.0,2.2099,0.1911,0.3519,True
0.4428125023841858,MINUS,MC,774,40,35.0,2.2099,0.1911,0.3519,True
0.4428125023841858,MINUS,MC,1704,40,35.0,2.2099,0.1911,0.3519,True
0.4428125023841858,MINUS,MC,2333,40,35.0,2.207,0.1911,0.3515,True
0.4428125023841858,MINUS,MC,1627,40,35.0,2.2072,0.1911,0.3515,True
0.4428125023841858,MINUS,MC,2019,40,35.0,2.2099,0.1911,0.3519,True
0.4428125023841858,MINUS,MC,1995,40,35.0,2.2099,0.1911,0.3519,True
0.4428125023841858,MINUS,MC,2110,40,35.0,2.2099,0.1911,0.3519,True
0.4428125023841858,MINUS,MC,2153,40,35.0,2.2071,0.1911,0.3515,True
0.4428125023841858,MINUS,MC,2177,40,35.0,2.2071,0.1911,0.3515,True
0.4428125023841858,MINUS,MC,1908,40,35.0,2.2099,0.1911,0.3519,True
0.4428125023841858,MINUS,MC,2438,40,35.0,2.2099,0.1911,0.3519,True
0.4428125023841858,MINUS,MC,1884,40,35.0,2.2099,0.1911,0.3519,True
0.4428125023841858,MINUS,MC,1991,40,35.0,2.2099,0.1911,0.3519,True
0.4428125023841858,MINUS,MC,2082,40,35.0,2.2099,0.1911,0.3519,True
0.4428125023841858,MINUS,MC,1368,40,35.0,2.2071,0.1911,0.3515,True
0.4428125023841858,MINUS,MC,2050,40,35.0,2.2099,0.1911,0.3519,True
0.4428125023841858,MINUS,MC,2086,40,35.0,2.2071,0.1911,0.3515,True
0.4428125023841858,MINUS,MC,2717,40,35.0,2.2071,0.1911,0.3515,True
0.4428125023841858,MINUS,MC,1409,40,35.0,2.2099,0.1911,0.3519,True
0.4428125023841858,MINUS,MC,1449,40,35.0,2.207,0.1911,0.3515,True
0.4428125023841858,MINUS,MC,2620,40,35.0,2.2071,0.1911,0.3515,True
0.4428125023841858,MINUS,MC,2337,40,35.0,2.2099,0.1911,0.3519,True
0.4428125023841858,MINUS,MC,1708,40,35.0,2.2099,0.1911,0.3519,True
0.4428125023841858,MINUS,MC,1629,40,35.0,2.2099,0.1911,0.3519,True
0.4428125023841858,MINUS,MC,2580,40,35.0,2.207,0.1911,0.3515,True
0.4428125023841858,MINUS,MC,2675,40,35.0,2.207,0.1911,0.3515,True
0.4428125023841858,MINUS,MC,2440,40,35.0,2.2099,0.1911,0.3519,True
0.4428125023841858,MINUS,MC,1326,40,35.0,2.2099,0.1911,0.3519,True
0.4428125023841858,MINUS,MC,1469,40,35.0,2.2099,0.1911,0.3519,True
0.4428125023841858,MINUS,MC,1415,40,35.0,2.207,0.1911,0.3515,True
0.4428125023841858,MINUS,MC,1386,40,35.0,2.207,0.1911,0.3515,True
0.4428125023841858,MINUS,MC,2735,40,35.0,2.2099,0.1911,0.3519,True
0.4428125023841858,MINUS,MC,2640,40,35.0,2.2104,0.1911,0.352,True
0.4428125023841858,MINUS,MC,2648,40,35.0,2.2075,0.1911,0.3515,True
0.4428125023841858,MINUS,MC,1475,40,35.0,2.2099,0.1911,0.3519,True
0.4428125023841858,MINUS,MC,2646,40,35.0,2.2075,0.1911,0.3515,True
0.4428125023841858,MINUS,MC,1633,40,35.0,2.207,0.1911,0.3515,True
0.4428125023841858,MINUS,MC,2444,40,35.0,2.2099,0.1911,0.3519,True
0.4428125023841858,MINUS,MC,1457,40,35.0,2.21,0.1911,0.3519,True
0.4428125023841858,MINUS,MC,1366,40,35.0,2.207,0.1911,0.3515,True
0.4428125023841858,MINUS,MC,1993,40,35.0,2.2099,0.1911,0.3519,True
0.4428125023841858,MINUS,MC,2715,40,35.0,2.2099,0.1911,0.3519,True
0.4428125023841858,MINUS,MC,2628,40,35.0,2.2071,0.1911,0.3515,True
0.4428125023841858,MINUS,MC,1821,40,35.0,2.2099,0.1911,0.3519,True
0.4428125023841858,MINUS,MC,2897,40,35.0,2.7235,0.1911,0.4337,True
0.4428125023841858,MINUS,MC,2151,40,35.0,2.207,0.1911,0.3515,True
0.4428125023841858,MINUS,MC,2272,40,35.0,2.207,0.1911,0.3515,True
0.4428125023841858,MINUS,MC,1882,40,35.0,2.2099,0.1911,0.3519,True
0.4428125023841858,MINUS,MC,2155,40,35.0,2.207,0.1911,0.3515,True
0.4428125023841858,MINUS,MC,1665,40,35.0,2.207,0.1911,0.3515,True
0.4428125023841858,MINUS,MC,2476,40,35.0,2.207,0.1911,0.3515,True
0.4428125023841858,MINUS,MC,2673,40,35.0,2.207,0.1911,0.3515,True
